topic,content
",What is एक समग्र?,""का परिप्रेक्ष्य वैज्ञानिक कृषि के लिए एक संयुक्त पहल किसानों",",What is एक समग्र? ,""का परिप्रेक्ष्य वैज्ञानिक कृषि के लिए एक संयुक्त पहल किसानों को प्रदान करें पर तकनीकी ज्ञान बुनियादी कृषि। बुनियादी कृषि पर किसान पुस्तिका Page 2 --- अस्वीकरण: इस प्रकाशन में व्यक्त राय लेखकों की हैं और जरूरी नहीं कि वे जीआईजेड की राय को प्रतिबिंबित करें।"
",What is एक समग्र?,""का परिप्रेक्ष्य वैज्ञानिक कृषि के लिए एक संयुक्त पहल किसानों","द इस प्रकाशन में नियोजित पदनाम और सामग्री की प्रस्तुति किसी भी देश, क्षेत्र, शहर या क्षेत्र की कानूनी स्थिति, या इसकी सीमाओं या सीमाओं के परिसीमन के संबंध में जीआईजेड की ओर से किसी भी राय की अभिव्यक्ति का संकेत नहीं देती है। Page 3 --- बुनियादी कृषि पर किसान की पुस्तिका बुनियादी कृषि पर किसान की पुस्तिका द्वारा तैयार एवं संकलित डॉ. पी. चन्द्रशेखर राष्ट्रीय कृषि विस्तार संस्थान प्रबंधन (प्रबंधन) कृषि मंत्रालय, भारत सरकार, हैदराबाद, आंध्र प्रदेश भारत डॉ. एन."
",What is एक समग्र?,""का परिप्रेक्ष्य वैज्ञानिक कृषि के लिए एक संयुक्त पहल किसानों","बालासुब्रमणि राष्ट्रीय कृषि विस्तार संस्थान प्रबंधन (प्रबंधन)कृषि मंत्रालय, भारत सरकार हैदराबाद, आंध्र प्रदेश भारत डॉ राजीव शर्मा डॉ चित्रा शुक्ला देसाई फ्रूट्स एंड वेजीटेबल्स प्रा. लिमिटेड नवसारी, गुजरातभारतडॉ. अजीत कुमारदेसाई फ्रूट्स एंड वेजीटेबल्स प्रा. लिमिटेड नवसारी, गुजरात भारत बकुल सी. चौधरी देसाई फ्रूट्स एंड वेजीटेबल्स प्रा."
",What is एक समग्र?,""का परिप्रेक्ष्य वैज्ञानिक कृषि के लिए एक संयुक्त पहल किसानों","लिमिटेड नवसारी, गुजरात भारत श्री मैक्स बाउमन योजना अधिकारी अनुभाग """"कृषि उत्पादन और संसाधन उपयोग"""" प्रभाग 45 - ग्रामीण विकास और कृषि डॉयचे गेसेलशाफ्ट फर इंटरनेशनेल ज़ुसाम- मेनारबीट (जीआईजेड) जीएमबीएचजर्मनी Max. Baumann@giz. de द्वारा वित्तपोषित देसाई फ्रूट्स एंड वेजीटेबल्स प्रा. लिमिटेड नवसारी, गुजरात, भारतजर्मन संघीय आर्थिक सहयोग मंत्रालय और विकास (बीएमजेड) द्वारा प्रकाशित देसाई फ्रूट्स एंड वेजीटेबल्स प्रा."
",What is एक समग्र?,""का परिप्रेक्ष्य वैज्ञानिक कृषि के लिए एक संयुक्त पहल किसानों","लिमिटेड नवसारी, गुजरात भारत दूसरा संस्करण: अगस्त 2016 Page 4 --- लेखक इसे विकसित करने में निम्नलिखित विशेषज्ञों/पेशेवरों के योगदान को स्वीकार करते हैं हैंडबुक. श्री मैक्स बाउमन, योजना अधिकारी, जीआईजेड, जर्मनी श्री फ्रेड्रिक ओबेरथुर, योजना अधिकारी, जीआईजेड, जर्मनी श्री अजीत कुमार देसाई, अध्यक्ष, डीएफवी, नवसारी, गुजरात डॉ. शशिधर, प्रोफेसर, कृषि एवं बागवानी विज्ञान विश्वविद्यालय, शिमोगा, कर्नाटक डॉ. सैयद अहमद हुसैन, प्रोफेसर, एएनजीआरएयू, हैदराबाद, तेलंगाना श्री वी."
",What is एक समग्र?,""का परिप्रेक्ष्य वैज्ञानिक कृषि के लिए एक संयुक्त पहल किसानों","गुणसेकरन, कृषि अधिकारी, कीटनाशक परीक्षण प्रयोगशाला, धर्मपुरी, तमिलनाडु डॉ. एम. वी. शांताराम, पूर्व डीन, एएनजीआरएयू, हैदराबाद, तेलंगाना डॉ. के. करीमुल्ला, प्रधान वैज्ञानिक, एनएएआरएम, हैदराबाद, तेलंगाना डॉ. के. वी. जयराघवेंद्र राव, प्रधान वैज्ञानिक, एनएएआरएम, हैदराबाद, तेलंगाना श्री थॉमस ए विवियन, सहायक प्रोफेसर, कृषि महाविद्यालय, धुले, महाराष्ट्र प्रो. टी. एम. बहले, कृषि विज्ञान के प्रोफेसर, कृषि महाविद्यालय, धुले, महाराष्ट्र डॉ. आर. के."
",What is एक समग्र?,""का परिप्रेक्ष्य वैज्ञानिक कृषि के लिए एक संयुक्त पहल किसानों","रहाणे, कृषि अर्थशास्त्र के प्रोफेसर, कृषि महाविद्यालय, धुले, महाराष्ट्र डॉ. जी. डी. पाटिल, मृदा विज्ञान एवं कृषि रसायन विज्ञान के प्रोफेसर, कृषि महाविद्यालय, डी हुले, महाराष्ट्र डॉ. डी. एन. पादुले, पादप रोगविज्ञान के प्रोफेसर, कृषि महाविद्यालय, धुले, महाराष्ट्रडॉ. ए. आर. पाठक, कुलपति, नवसारी कृषि विश्वविद्यालय, नवसारी, गुजरात डॉ. जे. बी. पटेल, प्रोफेसर, आनंद कृषि विश्वविद्यालय, आनंद, गुजरात डॉ."
",What is एक समग्र?,""का परिप्रेक्ष्य वैज्ञानिक कृषि के लिए एक संयुक्त पहल किसानों","भास्कर गायकवाड़, कार्यक्रम, समन्वयक, केवीके, बभलेश्वर, महाराष्ट्र श्री महेंद्र ढैबर, सीईओ, सस्टेनेबल एग्रीकल्चरल डेवलपमेंट फाउंडेशन, पुणे, महाराष्ट्र डॉ. आर. एम. पंखनिया, एसोसिएट प्रोफेसर, कृषि विज्ञान विभाग, एनएम कॉलेज ऑफ एग्रीकल्चर, नवसारी कृषि विश्वविद्यालय, नवसारी, गुजरात डॉ. ए. एम. बाफना, प्रिंसिपल और डीन, एस्पी कृषि-व्यवसाय प्रबंधन संस्थान, नवसारी कृषि विश्वविद्यालय, नवसारी, गुजरात डॉ. जी. जी."
",What is एक समग्र?,""का परिप्रेक्ष्य वैज्ञानिक कृषि के लिए एक संयुक्त पहल किसानों","राडाडिया, प्रोफेसर एवं प्रमुख, कीट विज्ञान विभाग, एनएम कॉलेज ऑफ एग्रीकल्चर, नवसारी कृषि विश्वविद्यालय, नवसारी, गुजरात डॉ. बी. पी. मेहता, प्रोफेसर, प्लांट पैथोलॉजी विभाग, एस्पी कॉलेज ऑफ हॉर्टिकल्चर एंड फॉरेस्ट्री, नवसारी कृषि विश्वविद्यालय, नवसारी, गुजरात डॉ. एल. जे. देसाई, एसोसिएट प्रोफेसर, कृषि विज्ञान विभाग, एनएम कॉलेज ऑफ एग्रीकल्चर नवसारी कृषि विश्वविद्यालय, नवसारी, गुजरात डॉ. एन. एस."
",What is एक समग्र?,""का परिप्रेक्ष्य वैज्ञानिक कृषि के लिए एक संयुक्त पहल किसानों","मनोहर, एसोसिएट प्रोफेसर, कृषि अर्थशास्त्र विभाग, एस्पी कॉलेज बागवानी एवं वानिकी, नवसारी कृषि विश्वविद्यालय, नवसारी, गुजरात डॉ. ओपी शर्मा, एसोसिएट प्रोफेसर एवं प्रमुख, विस्तार शिक्षा विभाग, पशुचिकित्सा महाविद्यालय विज्ञान एवं एएच, नवसारी कृषि विश्वविद्यालय, नवसारी, गुजरात डॉ."
",What is एक समग्र?,""का परिप्रेक्ष्य वैज्ञानिक कृषि के लिए एक संयुक्त पहल किसानों","ब्रूनो शूलर, सलाहकार और योजना अधिकारी, सतत कृषि-ग्रामीण विकास, जीआईजेड, जर्मनी श्री राजीव आहूजा, तकनीकी विशेषज्ञ, प्राकृतिक संसाधन प्रबंधन, जीआईजेड, भारत श्री अखिल देव, कनिष्ठ तकनीकी विशेषज्ञ, प्राकृतिक संसाधन प्रबंधन, जीआईजेड, भारत Page 5 --- बुनियादी कृषि स्वीकृति पर किसान की पुस्तिका अब कृषि कच्चे माल की उच्च मांग की उम्मीद है और अब कृषि पर इसका कोई प्रभाव नहीं रह गया है कृषि उत्पादों का उत्पादन करना और उन्हें विशेष रूप से स्थानीय बाजार में बेचना।"
",What is एक समग्र?,""का परिप्रेक्ष्य वैज्ञानिक कृषि के लिए एक संयुक्त पहल किसानों","इसके बजाय आज किसानों के पास है सेवा के लिए एक विश्व बाज़ार। लेकिन नए मौके नई चुनौतियां लेकर आते हैं। नए विस्तारित विश्व बाजार का हिस्सा बनने के इच्छुक किसानों और कृषि उद्यमों को न केवल उन ग्राहकों की प्राथमिकताओं को ध्यान में रखना होगा जिन्हें वे सेवा देना चाहते हैं, बल्कि डब्ल्यूटीओ द्वारा निर्धारित अंतर्राष्ट्रीय व्यापार नियमों का भी पालन करना होगा। आयातक देशों द्वारा अपेक्षित उच्च उत्पादन और गुणवत्ता मानकों का अनुपालन करें।"
",What is एक समग्र?,""का परिप्रेक्ष्य वैज्ञानिक कृषि के लिए एक संयुक्त पहल किसानों","सकल घरेलू उत्पाद में कृषि का योगदान लगभग 17% है और यह सबसे महत्वपूर्ण और सफल क्षेत्रों में से एक बनी हुई है- भारत में पूर्ण क्षेत्र. भारत की लगभग 58% आबादी अपनी आजीविका के लिए कृषि पर निर्भर है। स्थानीय उद्योगों को प्रसंस्करण के लिए उच्च गुणवत्ता वाला कच्चा माल उपलब्ध कराने के अलावा, कृषि प्रदान करती है कुल निर्यात आय का लगभग 10%।"
",What is एक समग्र?,""का परिप्रेक्ष्य वैज्ञानिक कृषि के लिए एक संयुक्त पहल किसानों","हालाँकि, प्रभावशाली भारतीय आर्थिक विकास का समर्थन करने के लिए आने वाले वर्षों में कृषि को इन चुनौतियों से सफलतापूर्वक निपटने के लिए मूल्य संवर्धन, उत्पादकता वृद्धि, उच्च गुणवत्ता वाले उत्पादों और प्रशिक्षित जनशक्ति की दिशा में अधिक योगदान देना होगा। गुजरात और महाराष्ट्र राज्यों को कई वस्तुओं के उत्पादन में प्रतिस्पर्धात्मक लाभ है। modities. हालाँकि, उत्पादकता और प्रतिस्पर्धात्मकता कम बनी हुई है।"
",What is एक समग्र?,""का परिप्रेक्ष्य वैज्ञानिक कृषि के लिए एक संयुक्त पहल किसानों","निर्यात और घरेलू बाजारों की बढ़ती गुणवत्ता आवश्यकताओं के लिए उत्पादन को बढ़ाने की आवश्यकता है जो केवल शिक्षित किसानों के साथ ही संभव है और कुशल श्रमिक. डॉयचे गेसेलशाफ्ट फर इंटरनेशनेल के सहयोग से देसाई फल और सब्जियां (डीएफवी) जर्मन संघीय आर्थिक सहयोग मंत्रालय की ओर से Zusammenarbeit(GIZ) GmbH और विकास (बीएमजेड) एक विकास साझेदारी को लागू करके मौजूदा शिक्षा अंतर को दूर करता है जिसे """"पार्टनरशिप फार्मिंग इंडिया"""" कहा जाता है।"
",What is एक समग्र?,""का परिप्रेक्ष्य वैज्ञानिक कृषि के लिए एक संयुक्त पहल किसानों","पार्टनरशिप फार्मिंग इंडिया (पीएफआई) का लक्ष्य किसानों को आत्मनिर्भर निर्णय लेने में सक्षम बनाना है। """"कृषिउद्यमी"""", जो अधिक लचीली उत्पादन प्रणाली की अनुमति देता है और खेती को पेशे के रूप में उजागर करता है पसंद और विरासत से नहीं. इसके अलावा, पीएफआई आधुनिक कृषि को अपनाने के लिए किसानों और कृषि श्रमिकों के प्रबंधन कौशल को मजबूत करता है।"
",What is एक समग्र?,""का परिप्रेक्ष्य वैज्ञानिक कृषि के लिए एक संयुक्त पहल किसानों","व्यावहारिक प्रथाएँ और अवधारणाएँ और छोटे किसानों की कृषि की अंतर्राष्ट्रीय प्रतिस्पर्धात्मकता को बढ़ाएँ गुजरात और महाराष्ट्र में किसानों और श्रमिकों को व्यावहारिक कृषि शिक्षा तक पहुंच प्रदान करके उत्पादन करें- tion. इसलिए, DFV और GIZ ने राष्ट्रीय कृषि विस्तार प्रबंधन संस्थान (MANAGE, कृषि मंत्रालय, भारत सरकार का एक संगठन) के साथ निकट सहयोग से इसे विकसित किया। बुनियादी कृषि ज्ञान और कौशल पर प्रशिक्षण सामग्री।"
",What is एक समग्र?,""का परिप्रेक्ष्य वैज्ञानिक कृषि के लिए एक संयुक्त पहल किसानों","दीर्घकालिक सफलता कैसे स्थापित की जाए, इसके लिए गुजरात और महाराष्ट्र राज्य उदाहरण बनेंगे और बड़े पैमाने पर प्रसंस्करण और विपणन के साथ क्षेत्र में छोटे पैमाने के उत्पादन को जोड़कर भरोसेमंद व्यावसायिक रिश्ते। मुझे विश्वास है कि यह प्रयास भारतीय कृषि के लिए एक अनुकरणीय मॉडल के रूप में काम करेगा टिकाऊ कृषि और समृद्ध किसानों की दिशा में स्थायी योगदान दें।"
",What is एक समग्र?,""का परिप्रेक्ष्य वैज्ञानिक कृषि के लिए एक संयुक्त पहल किसानों","मैं मैनेज, डीएफवी आदि लोगों और संस्थानों के प्रति अपनी हार्दिक कृतज्ञता व्यक्त करना चाहता हूं जीआईज़ेड, जिसने इस परियोजना का समर्थन किया और जानकारी उपलब्ध कराने में सक्षम बनाया। यह किसानों, प्रशिक्षकों और अन्य इच्छुक व्यक्तियों के लिए न केवल कृषि बल्कि कृषि में सुधार के लिए जानकारी का एक उपयोगी स्रोत है। कृषक समुदाय की आजीविका।"
",What is एक समग्र?,""का परिप्रेक्ष्य वैज्ञानिक कृषि के लिए एक संयुक्त पहल किसानों",श्रीमती सबाइन प्रीस जीआईज़ेड-इंडिया कार्यक्रम निदेशक प्राकृतिक संसाधन प्रबंधन Page 6 --- बुनियादी कृषि पर किसान की पुस्तिका प्रस्तावना कृषि भारतीय अर्थव्यवस्था का एक महत्वपूर्ण क्षेत्र है क्योंकि इसकी आधी से अधिक आबादी कृषि पर निर्भर है। आय के प्रमुख स्रोत के रूप में कृषि। अनुसंधान और विस्तार प्रणालियाँ पीढ़ी में प्रमुख भूमिका निभाती हैं और किसानों की आय बढ़ाने के उद्देश्य से कृषि प्रौद्योगिकियों का प्रसार।
",What is एक समग्र?,""का परिप्रेक्ष्य वैज्ञानिक कृषि के लिए एक संयुक्त पहल किसानों","विस्तार प्रणाली प्रौद्योगिकियों को प्रयोगशाला से भूमि तक स्थानांतरित करने के लिए प्रशिक्षण, प्रदर्शन, एक्सपोज़र विजिट जैसी विस्तार विधियों की श्रृंखला को अपनाती है। इनमें से अधिकांश विस्तार प्रयास मुख्य रूप से स्थान और फसल पर केंद्रित हैं विशिष्ट प्रौद्योगिकियाँ, और अधिकतर समस्या के समाधान के आधार पर।"
",What is एक समग्र?,""का परिप्रेक्ष्य वैज्ञानिक कृषि के लिए एक संयुक्त पहल किसानों","हालाँकि, इसे सुसज्जित करने की आवश्यकता है उचित कृषि प्रबंधन निर्णय लेने और आधुनिक प्रौद्योगिकियों को आत्मसात करने के लिए किसान स्तर पर एक बेहतर ज्ञान मंच बनाने के लिए कृषि के बुनियादी ज्ञान वाले किसानों को शामिल किया गया है। इसे देखते हुए, देसाई फ्रूट्स एंड वेजीटेबल्स प्रा. लि."
",What is एक समग्र?,""का परिप्रेक्ष्य वैज्ञानिक कृषि के लिए एक संयुक्त पहल किसानों","लिमिटेड (डीएफवी), भारत, डॉयचे के सहयोग से नेशनल इंस्टीट्यूट ऑफ एजी के साथ निकट सहयोग में जर्मन संघीय आर्थिक सहयोग और विकास मंत्रालय (बीएमजेड) की ओर से गेसेलशाफ्ट फर इंटरनेशनेल ज़ुसामेनरबीट (जीआईजेड) जीएमबीएच कृषि विस्तार प्रबंधन (MANAGE- कृषि मंत्रालय, सरकार का एक संगठन भारत सरकार ने किसानों को वैज्ञानिक कृषि का समग्र परिप्रेक्ष्य प्रदान करने के लिए बुनियादी कृषि पर तकनीकी ज्ञान प्रदान करने के लिए बुनियादी कृषि पर किसान पुस्तिका निकाली।"
",What is एक समग्र?,""का परिप्रेक्ष्य वैज्ञानिक कृषि के लिए एक संयुक्त पहल किसानों","यह पुस्तिका विभिन्न विचार-मंथन कार्यशालाओं और परामर्शी बैठकों की श्रृंखला का एक उत्पाद है शोधकर्ता, शिक्षाविद, विस्तार पदाधिकारी, कृषिउद्यमी, मास्टर प्रशिक्षक और किसान जैसे हितधारक। पहचानी गई आवश्यकताओं के आधार पर, विषयों को प्राथमिकता दी गई और सामग्री विकसित की गई विशेषज्ञों की मदद. किसान-हितैषी सामग्री अधिक चित्रों का उपयोग करके सरल भाषा में लिखी गई है किसानों के लाभ के लिए व्यावहारिक उदाहरणों के साथ। पुस्तक में छह अध्याय हैं, प्रत्येक एक विशेष विषय पर केंद्रित है।"
",What is एक समग्र?,""का परिप्रेक्ष्य वैज्ञानिक कृषि के लिए एक संयुक्त पहल किसानों","पहला अध्याय, “सामान्य स्थितियाँ फसलों की खेती के लिए"""", किसानों और कृषि क्षेत्र की बुनियादी जरूरतों के बारे में बात करता है, अच्छी कृषि पद्धतियों (जीएपी) पर बुनियादी ज्ञान प्रदान करके, महत्वपूर्ण कारकों पर किसानों की जागरूकता बढ़ाता है। फसलों और फसल पैटर्न के चयन में, मिट्टी और पानी जैसे प्राकृतिक संसाधनों का विवेकपूर्ण उपयोग, और कृषि के क्षेत्र में मशीनीकरण के महत्व पर बल देते हुए।"
",What is एक समग्र?,""का परिप्रेक्ष्य वैज्ञानिक कृषि के लिए एक संयुक्त पहल किसानों","दूसरे अध्याय """"मृदा और पादप पोषण"""" का उद्देश्य जागरूकता और समझ को बढ़ाना है किसानों को मिट्टी, इसकी संरचना, भौतिक, रासायनिक, जैविक गुण, मिट्टी की उर्वरता और आर्थिक और पर्यावरणीय रूप से टिकाऊ तरीके से मिट्टी की उर्वरता के प्रबंधन के बारे में बताया गया। यह की आवश्यकता पर भी ध्यान केंद्रित करता है मृदा परीक्षण, पौधों की पोषण आवश्यकता, जैविक और अकार्बनिक उर्वरक, और एकीकृत पोषक तत्व प्रबंधन- फसलों के कुशल, आर्थिक और टिकाऊ उत्पादन के लिए मेंट (आईएनएम)।"
",What is एक समग्र?,""का परिप्रेक्ष्य वैज्ञानिक कृषि के लिए एक संयुक्त पहल किसानों","पुस्तक का तीसरा अध्याय कीट प्रबंधन के बारे में है, और जागरूकता बढ़ाने पर केंद्रित है एकीकृत के माध्यम से फसल के कीटों, बीमारियों और खरपतवार प्रबंधन के बारे में किसानों के बीच समझ कीट प्रबंधन. इसका उद्देश्य किसानों को रसायनों और पौधों की सुरक्षा उपकरणों की सुरक्षित हैंडलिंग के बारे में जागरूक करना भी है, जैसा कि """"किसानों के व्यावसायिक स्वास्थ्य और सुरक्षा"""" पर पांचवें अध्याय में भी विस्तार से बताया गया है।"
",What is एक समग्र?,""का परिप्रेक्ष्य वैज्ञानिक कृषि के लिए एक संयुक्त पहल किसानों","यह कृषि में स्वास्थ्य खतरों, जोखिमों और मौतों के कारणों, निवारक उपायों के बारे में जागरूकता पैदा करता है। और आपातकालीन स्थिति में प्राथमिक चिकित्सा का उपयोग। इसमें चोटों के जोखिम को कम करने के लिए सुरक्षा युक्तियाँ और देखभाल भी शामिल है किसानों द्वारा मशीनरी और कीटनाशकों को संभालते समय मौतें। समय और संसाधन प्रबंधन प्रत्येक गतिविधि का एक अभिन्न अंग है, चाहे वह सेवा क्षेत्र हो, व्यवसाय हो। जीवन की प्रकृति या दिन-प्रतिदिन की गतिविधियाँ। खेती-किसानी का क्षेत्र भी इससे अछूता नहीं रहा है."
",What is एक समग्र?,""का परिप्रेक्ष्य वैज्ञानिक कृषि के लिए एक संयुक्त पहल किसानों","इसलिए, पुस्तक का चौथा अध्याय """"फार्म प्रबंधन"""" को समर्पित है। इसका उद्देश्य किसानों को शिक्षित और सक्षम बनाना है उचित योजनाएं बनाएं, उचित निर्णय लें और उत्पादन बढ़ाने के लिए उन्नत प्रौद्योगिकियों का लाभ उठाएं, परिवार के लिए खाद्य सुरक्षा सुनिश्चित करें और आय बढ़ाने के लिए बाजार के अवसर सुनिश्चित करें। उपलब्ध संसाधनों, बाजार में उतार-चढ़ाव सहित प्रत्याशित जोखिमों पर विचार करना।"
",What is एक समग्र?,""का परिप्रेक्ष्य वैज्ञानिक कृषि के लिए एक संयुक्त पहल किसानों","पुस्तक के अंतिम अध्याय """"किसानों की सेवाओं तक पहुंच"""" का उद्देश्य किसानों के बीच जागरूकता बढ़ाना है विस्तार के स्रोतों, सूचना और सेवाओं, सार्वजनिक और निजी विस्तार सेवाओं, कृषि के बारे में सूचना के माध्यम से क्रेडिट, बीमा और कानूनी पहलूराशन एवं संचार प्रौद्योगिकी. सामग्री है न केवल किसानों के लिए बल्कि कृषि सलाहकार सेवाओं में शामिल अन्य हितधारकों जैसे कृषि इनपुट डीलरों, कृषि उद्यमियों, किसान कॉल सेंटरों और जमीनी स्तर पर काम करने वाले विस्तार कार्यकर्ताओं के लिए भी उपयोगी है।"
",What is एक समग्र?,""का परिप्रेक्ष्य वैज्ञानिक कृषि के लिए एक संयुक्त पहल किसानों","हमें विश्वास है कि इस पुस्तिका से अधिक से अधिक किसानों को लाभ होगा और खेती को आर्थिक दृष्टि से आसान बनाया जा सकेगा पर्यावरण की दृष्टि से अधिक टिकाऊ। बी श्रीनिवास, आईएएस महानिदेशक प्रबंधन Page 7 --- बुनियादी कृषि पर किसान की पुस्तिका सामग्री 1. फसलों की खेती के लिए सामान्य शर्तें 1-32 2. मिट्टी और पौधों का पोषण 33-70 3. पौध संरक्षण 71-96 4. कीटनाशकों और सावधानियों की श्रेणियाँ 97-98 5. फार्म प्रबंधन 99-120 6. व्यावसायिक स्वास्थ्य और सुरक्षा 121-130 7."
",What is एक समग्र?,""का परिप्रेक्ष्य वैज्ञानिक कृषि के लिए एक संयुक्त पहल किसानों","किसान की सेवा तक पहुंच 131-136 Page 9 --- फसलों की खेती के लिए सामान्य शर्तें बुनियादी कृषि पर किसान की पुस्तिका 1कृषि विश्वविद्यालय, अनुसंधान संस्थान, कृषि विज्ञान केन्द्रों का सृजन किया गया है- किसानों की उत्पादकता और लाभप्रदता में सुधार के लिए पर्याप्त प्रौद्योगिकियों का उपयोग करना। इनमें से कितनी तकनीकें किसानों तक पहुंच रही हैं?"
",What is एक समग्र?,""का परिप्रेक्ष्य वैज्ञानिक कृषि के लिए एक संयुक्त पहल किसानों","पार्टनर द्वारा आयोजित बेस-लाइन स्थिति आकलन - भारत में गुजरात और महाराष्ट्र में जहाज़ खेती ने स्पष्ट रूप से संकेत दिया कि कृषि पर तकनीकी ज्ञान तक पहुंच रखने वाले किसानों को दूसरों की तुलना में बेहतर आय प्राप्त हुई। भारत में साझेदारी खेती का हिस्सा रहे 51 प्रतिशत नमूना किसानों को मिट्टी परीक्षण का ज्ञान था, जबकि नियंत्रण समूह में केवल 28% को ही मिट्टी परीक्षण का ज्ञान था। मल्चिंग और इंटरक्रॉपिंग को किसानों के नियंत्रण समूह द्वारा व्यापक रूप से नहीं अपनाया गया।"
",What is एक समग्र?,""का परिप्रेक्ष्य वैज्ञानिक कृषि के लिए एक संयुक्त पहल किसानों","उन्हें अन्य जैविक खादों के बारे में कम जानकारी थी। नियंत्रण समूह द्वारा उर्वरकों के अनुप्रयोग की एक विधि के रूप में फर्टिगेशन का व्यापक रूप से अभ्यास नहीं किया गया था। कृषि विश्वविद्यालयों और पत्रिकाओं से जानकारी प्राप्त करने वाले किसानों की संख्या नियंत्रण समूह में कम थी। उपचारित किसानों की औसत उपज 35. 65 टन थी और नियंत्रण किसानों की प्रति एकड़ 22. 36 टन केले की उपज थी। उपचारित किसानों की औसत शुद्ध आय 93,822 रुपये और नियंत्रण किसानों की 81,659 रुपये थी।"
",What is एक समग्र?,""का परिप्रेक्ष्य वैज्ञानिक कृषि के लिए एक संयुक्त पहल किसानों","85% से अधिक किसान कृषि और फसल उत्पादन पर बुनियादी शिक्षा चाहते थे और ऐसी बुनियादी शिक्षा और प्रशिक्षण के लिए भुगतान करने को तैयार थे। किसानों में अपने कौशल और ज्ञान को बेहतर बनाने के प्रति स्पष्ट रुचि थी और वे सेवा के लिए भुगतान करने को तैयार थे। उपरोक्त अध्ययन से स्पष्ट रूप से संकेत मिलता है कि किसानों के बीच ज्ञान-बढ़त का अंतर व्याप्त है और जिनके पास ज्ञान तक पहुंच है, उन्होंने बेहतर मुनाफा कमाया है।"
",What is एक समग्र?,""का परिप्रेक्ष्य वैज्ञानिक कृषि के लिए एक संयुक्त पहल किसानों",उत्पादकता एवं लाभप्रदता में वृद्धि हो सकती है के माध्यम से हासिल किया गया: वैज्ञानिक प्रौद्योगिकियों के साथ व्यावहारिक ज्ञान का मिश्रण प्राकृतिक संसाधनों का कुशल उपयोग समय विशिष्ट प्रबंधन प्रथाओं को अपनाना गुणवत्ता आधारित उत्पादन को प्राथमिकता देना उपयुक्त कृषि प्रणालियों को अपनाना स्थान विशिष्ट प्रौद्योगिकी को अपनाना बाजार की मांग आधारित उत्पादन कम लागत और बिना लागत वाली प्रौद्योगिकियों को अपनाना1. फसलों की खेती के लिए सामान्य शर्तें 1. 1.
",What is एक समग्र?,""का परिप्रेक्ष्य वैज्ञानिक कृषि के लिए एक संयुक्त पहल किसानों",सत्र के उद्देश्य फसलों के चयन और फसल पैटर्न में महत्वपूर्ण कारकों पर किसानों की जागरूकता बढ़ाना। मिट्टी और पानी जैसे प्राकृतिक संसाधनों के विवेकपूर्ण उपयोग पर समझ पैदा करना। बीज और फसल प्रणालियों पर बुनियादी ज्ञान प्रदान करना। मशीनीकरण के महत्व पर जोर देना। किसानों को अच्छी कृषि पद्धतियों (जीएपी) के बारे में जागरूक करना। 1. 2. सत्र के अंत में हम क्या जानते हैं?
",What is एक समग्र?,""का परिप्रेक्ष्य वैज्ञानिक कृषि के लिए एक संयुक्त पहल किसानों",फसलों और फसल पैटर्न के चयन में महत्वपूर्ण कारक मिट्टी और पानी जैसे प्राकृतिक संसाधनों का विवेकपूर्ण उपयोग बीज पर बुनियादी ज्ञान फसल प्रणाली मशीनीकरण अच्छी कृषि पद्धतियाँ (जीएपी) Page 10 --- 2 फसलों की खेती के लिए सामान्य शर्तें बुनियादी कृषि पर किसान की पुस्तिका Page 11 --- फसलों की खेती के लिए सामान्य शर्तें बुनियादी कृषि पर किसान की पुस्तिका 31. 3.
",What is एक समग्र?,""का परिप्रेक्ष्य वैज्ञानिक कृषि के लिए एक संयुक्त पहल किसानों","निर्णयों को प्रभावित करने वाले कारक फसलों का चयन एवं फसल प्रणाली जलवायु संबंधी कारक क्या फसल/फसल प्रणाली स्थानीय मौसम के लिए उपयुक्त है- तापमान, वर्षा, धूप के घंटे, सापेक्ष आर्द्रता, हवा का वेग, हवा की दिशा, मौसम और कृषि-पारिस्थितिकी स्थितियों जैसे पैरामीटर क्या हैं? मिट्टी की स्थिति क्या फसल/फसल प्रणाली स्थानीय मिट्टी के प्रकार, पीएच और मिट्टी की उर्वरता के लिए उपयुक्त है? पानी क्या आपके पास पर्याप्त जल स्रोत जैसे टैंक, कुएं, बांध आदि हैं? क्या आपको पर्याप्त वर्षा प्राप्त होती है?"
",What is एक समग्र?,""का परिप्रेक्ष्य वैज्ञानिक कृषि के लिए एक संयुक्त पहल किसानों","क्या वर्षा का वितरण चिन्हित फसलों को उगाने के लिए उपयुक्त है? क्या पानी की गुणवत्ता उपयुक्त है? क्या पानी उठाने के लिए बिजली उपलब्ध है? क्या आपके पास पंप सेट, सूक्ष्म सिंचाई प्रणालियाँ हैं? फसल प्रणाली विकल्प क्या आपके पास इंटर में जाने का अवसर है - फसल काटना, मिश्रित फसल उगाना, बहुमंजिला फसल उगाना, रिले फसल उगाना, फसल चक्रण, आदि? क्या आपको फसल प्रणाली प्रबंधन का ज्ञान है?"
",What is एक समग्र?,""का परिप्रेक्ष्य वैज्ञानिक कृषि के लिए एक संयुक्त पहल किसानों","के अतीत और वर्तमान के अनुभव किसान पुनः के साथ आपके पिछले अनुभव क्या थे- आप किस फसल/फसल प्रणाली को चुनने की योजना बना रहे हैं? प्रस्तावित फसल/फसल प्रणाली पर आपके दोस्तों, रिश्तेदारों और पड़ोसियों की क्या राय है? अपेक्षित लाभ और जोखिम आप प्रस्तावित फसल/फसल प्रणाली से कितने लाभ की उम्मीद कर रहे हैं? क्या यह लाभ मौजूदा फसल/फसल प्रणाली से बेहतर है? • प्रस्तावित फसल/फसल प्रणाली में आप किन जोखिमों की आशंका जता रहे हैं? क्या आपके पास समाधान है? क्या आप जोखिमों का प्रबंधन कर सकते हैं?"
",What is एक समग्र?,""का परिप्रेक्ष्य वैज्ञानिक कृषि के लिए एक संयुक्त पहल किसानों","क्या प्रत्याशित लाभ के लिए जोखिम लेना उचित है? किसानों की आर्थिक स्थिति भूमि स्वामित्व सहित क्या प्रस्तावित फसल/फसल प्रणालियाँ उपयुक्त हैं- क्या आप अपनी भूमि जोत के आकार के लिए सक्षम हैं? क्या आपके वित्तीय संसाधन प्रस्तावित फसल/फसल प्रणाली के प्रबंधन के लिए पर्याप्त हैं? यदि नहीं, तो क्या आप वैकल्पिक मार्गों से वित्तीय संसाधन जुटा सकते हैं? श्रम उपलब्धता और मशीनीकरण संभावित क्या आप प्रस्तावित फसल/फसल का प्रबंधन कर सकते हैं? आपके पारिवारिक श्रम के माध्यम से व्यवस्था?"
",What is एक समग्र?,""का परिप्रेक्ष्य वैज्ञानिक कृषि के लिए एक संयुक्त पहल किसानों","यदि नहीं, तो क्या आपके पास इसे प्रबंधित करने के लिए पर्याप्त श्रमिक हैं? क्या परिवार/किराए पर लिया गया श्रमिक प्रस्तावित फसल/फसल प्रणाली को संभालने के लिए सुसज्जित है? क्या श्रम को प्रतिस्थापित करने के लिए कोई मशीनीकरण विकल्प हैं? क्या मशीनरी उपलब्ध है? खरीदने की सामर्थ्य? प्रभावी लागत? क्या परिवार/किराए पर लिए गए श्रमिक मशीनरी को संभालने के लिए सुसज्जित हैं? प्रौद्योगिकी की उपलब्धता और उपयुक्तता क्या प्रस्तावित फसल/फसल प्रणाली उपयुक्त है?"
",What is एक समग्र?,""का परिप्रेक्ष्य वैज्ञानिक कृषि के लिए एक संयुक्त पहल किसानों",क्या आपके पास प्रस्तावित फसल/फसल प्रणाली के लिए तकनीकें हैं? क्या आपके पास तकनीक-विज्ञान प्राप्त करने के लिए एक्सटेंशन एक्सेस है? क्या प्रौद्योगिकियां आर्थिक रूप से व्यवहार्य और तकनीकी रूप से व्यवहार्य हैं? क्या प्रौद्योगिकियां जटिल या उपयोगकर्ता के अनुकूल हैं? बाजार की मांग एवं उपलब्धता बाजार का बुनियादी ढांचा क्या प्रस्तावित फसलें बाजार की मांग के अनुरूप हैं? क्या आपके पास अपना सामान बेचने के लिए बाजार का बुनियादी ढांचा है उत्पादन?
",What is एक समग्र?,""का परिप्रेक्ष्य वैज्ञानिक कृषि के लिए एक संयुक्त पहल किसानों",क्या आपके पास बिचौलियों को कम करने के लिए संगठित विपणन प्रणाली है? क्या आपके पास जैसे प्रश्नों के उत्तर हैं Page 12 --- 4 फसलों की खेती के लिए सामान्य शर्तें बुनियादी कृषि पर किसान की पुस्तिका कहां बेचें? कब बेचना है? किसे बेचना है? किस रूप में बेचना है? किस कीमत पर बेचना है? क्या आपको प्रस्तावित फसलों पर वास्तविक समय पर बाजार की जानकारी और बाजार की जानकारी मिलती है? नीतियां और योजनाएं क्या सरकारी नीतियां आपकी फसलों के पक्ष में हैं? क्या कोई मौजूदा योजना है जो आपकी फसल को प्रोत्साहित करती है?
",What is एक समग्र?,""का परिप्रेक्ष्य वैज्ञानिक कृषि के लिए एक संयुक्त पहल किसानों","क्या आप उन लाभों का लाभ उठाने के पात्र हैं? सार्वजनिक और निजी विस्तार प्रभाव क्या आपके पास सलाह प्राप्त करने के लिए कृषि प्रौद्योगिकी प्रबंधन एजेंसी (एटीएमए)/विभागीय विस्तार पदाधिकारियों तक पहुंच है? क्या आप किसान कॉल सेंटर को जानते हैं? क्या आपके पास केवीके, कृषि विश्वविद्यालयों और आईसीएआर संगठनों तक पहुंच है? क्या आप कृषि पत्रिकाओं की सदस्यता लेते हैं? क्या आप समाचार पत्रों में कृषि संबंधी लेख पढ़ते हैं?"
",What is एक समग्र?,""का परिप्रेक्ष्य वैज्ञानिक कृषि के लिए एक संयुक्त पहल किसानों","क्या आपको इनपुट डीलरों, कृषि-व्यवसाय कंपनियों, गैर सरकारी संगठनों, कृषि क्लीनिकों और कृषि व्यवसाय केंद्रों से कोई सहायता मिलती है? आवश्यक कृषि की उपलब्धता कृषि ऋण सहित इनपुट क्या आपको पर्याप्त कृषि इनपुट मिलते हैं जैसे समय पर बीज, उर्वरक, कीटनाशक और उपकरण? क्या आपके पास संस्थागत ऋण तक पहुंच है? फसल कटाई के बाद भंडारण और प्रसंस्करण प्रौद्योगिकियाँ क्या आपके पास अपनी भंडारण सुविधा है? यदि नहीं, तो क्या आपके पास ऐसी सुविधा तक पहुंच है? क्या आपके पास प्राथमिक प्रसंस्करण सुविधा तक पहुंच है- इति?"
",What is एक समग्र?,""का परिप्रेक्ष्य वैज्ञानिक कृषि के लिए एक संयुक्त पहल किसानों","क्या आप अपनी फसल के मूल्यवर्धन की तकनीक जानते हैं? क्या आपके पास मूल्य वर्धित उत्पादों के लिए बाजार से जुड़ाव है? क्या आप प्रस्तावित फसलों के मूल्यवर्धित उत्पादों के आवश्यक गुणवत्ता मानकों के बारे में जानते हैं? किसानों को फसल चुनने का निर्णय लेते समय उपरोक्त सभी प्रश्नों के उत्तर देने की आवश्यकता है। फसल पैटर्न. इस निर्णय लेने की प्रक्रिया के दौरान, किसान अपने मौजूदा संसाधनों और अन्य स्थितियों के साथ प्रस्तावित फसल/फसल प्रणालियों की उपयुक्तता की जांच करता है।"
",What is एक समग्र?,""का परिप्रेक्ष्य वैज्ञानिक कृषि के लिए एक संयुक्त पहल किसानों","इस प्रकार, वे किसी फसल/फसल प्रणाली को चुनने या अस्वीकार करने को उचित ठहराते हैं। यह प्रक्रिया किसानों को आंतरिक रूप से SWOT विश्लेषण करने में सक्षम बनाती है जो बदले में उन्हें उचित निर्णय लेने के लिए मार्गदर्शन करती है। 1. 4. जलवायु संबंधी कारक जलवायु और कृषि मानसून कृषि में पानी का एक प्रमुख स्रोत है हमारी अधिकांश नदियाँ मौसमी जल से पोषित होती हैं; यहाँ तक कि सिंचित कृषि भी मानसून पर निर्भर करती है। जलवायु के आधार पर फसल पैटर्न वर्षों में विकसित हुआ है।"
",What is एक समग्र?,""का परिप्रेक्ष्य वैज्ञानिक कृषि के लिए एक संयुक्त पहल किसानों","बाजार की ताकतें हाल के दिनों में फसल पैटर्न को प्रभावित करती हैं। जलवायु संबंधी कारक एवं फसलें वर्षा जल की उपलब्धता बढ़ाती है और बाधा डालती है - खदानों में बुआई का समय (वर्षा आधारित फसलें)। तापमान फसल की वृद्धि, अवधि को प्रभावित करता है और पशुओं में दूध उत्पादन को प्रभावित करता है। तापमान और सापेक्षिक आर्द्रता फसलों, पशुओं और मुर्गीपालन पर कीटों और बीमारियों के प्रभाव को प्रभावित करती है।"
",What is एक समग्र?,""का परिप्रेक्ष्य वैज्ञानिक कृषि के लिए एक संयुक्त पहल किसानों","गीले और सूखे मौसम का खड़ी फसलों, शरीर विज्ञान, आर्थिक उत्पादों के नुकसान (जैसे फल गिरना) पर महत्वपूर्ण प्रभाव पड़ता है। चरम घटनाएं (जैसे उच्च वर्षा, बाढ़, गर्मी/शीत लहर, चक्रवात, ओलावृष्टि, पाला) खड़ी फसलों, पशुधन और मत्स्य पालन को भारी नुकसान पहुंचाती हैं। जलवायु एवं ऋतुएँ बरसात (जून-सितंबर) का मौसम जिसे ख़रीफ़ के नाम से भी जाना जाता है, अधिकांश वर्षा आधारित फसलों (मोटे अनाज, दालें, तिलहन, आदि) का समर्थन करता है।"
",What is एक समग्र?,""का परिप्रेक्ष्य वैज्ञानिक कृषि के लिए एक संयुक्त पहल किसानों","बरसात के बाद का मौसम (अक्टूबर-फरवरी) जिसे रबी के नाम से भी जाना जाता है, सिंचित या संग्रहित नमी से उगाई गई फसलों (गेहूं, सरसों, चना, आदि) का समर्थन करता है। गर्मी का मौसम (मार्च-मई) छोटी अवधि की दालों और सब्जियों का समर्थन करता है। रबी का उत्पादन अधिक सुनिश्चित होता है, उपज अधिक होती है और कीट और रोग संबंधी समस्याएं कम होती हैं। समय के साथ सिंचाई विकास के साथ-साथ ख़रीफ़ का योगदान घट रहा है और रबी का योगदान बढ़ रहा है।"
",What is एक समग्र?,""का परिप्रेक्ष्य वैज्ञानिक कृषि के लिए एक संयुक्त पहल किसानों","Page 13 --- फसलों की खेती के लिए सामान्य शर्तें बुनियादी कृषि पर किसान की पुस्तिका 5जलवायु, फसल पैटर्न और कृषि- तुरल उत्पादन मुद्दे जलवायु और भूमि पर आधारित फसल पैटर्न क्षमताएं टिकाऊ हैं लेकिन बाजार की ताकतें और किसानों की आकांक्षाएं अस्थिर प्रणालियों को मजबूर कर रही हैं। किसानों को बदलती जलवायु से निपटने के लिए उपयुक्त प्रौद्योगिकियों को अपनाकर कम संपन्न क्षेत्रों में भी अधिक उत्पादन करने के लिए नवाचार करना चाहिए।"
",What is एक समग्र?,""का परिप्रेक्ष्य वैज्ञानिक कृषि के लिए एक संयुक्त पहल किसानों",जलवायु परिवर्तन से हमारी फसल उत्पादन में और समस्याएँ पैदा होने की संभावना है और यह 21वीं सदी में सबसे महत्वपूर्ण पर्यावरणीय मुद्दा बनने की संभावना है। कृषि संबंधी महत्वपूर्ण कारक जलवायु परिवर्तन के लिए जिम्मेदार वनों की कटाई और वनों का क्षरण ईंधन और कृषि अपशिष्ट जलाना जलजमाव की स्थिति बाहरी इनपुट का अत्यधिक उपयोग गैर-कृषि भूमि के लिए बड़े पैमाने पर भूमि का रूपांतरण- वास्तविक उद्देश्य भारत में जलवायु परिवर्तन का प्रभाव वर्षा: कोई दीर्घकालिक रुझान नोट नहीं किया गया।
",What is एक समग्र?,""का परिप्रेक्ष्य वैज्ञानिक कृषि के लिए एक संयुक्त पहल किसानों","हालाँकि, क्षेत्रीय विविधताएँ देखी गईं, गर्मियों में बारिश बढ़ी और बारिश के दिनों की संख्या कम हुई। तापमान: सतह के तापमान में लगभग 0. 6 ºC की वृद्धि- 100 वर्षों के दौरान अवधि. 2100 तक 3. 5 से 5 ºC तक वृद्धि का अनुमान है। कार्बन डाइऑक्साइड: प्रति वर्ष 1. 9 पीपीएम की दर से बढ़ रही है और 2050 तक 550 पीपीएम और 2100 तक 700 पीपीएम तक पहुंचने की उम्मीद है। चरम घटनाएँ: पिछले दशक के दौरान गर्मी, शीत लहर, सूखा और बाढ़ की आवृत्ति में वृद्धि देखी गई। समुद्र के स्तर में वृद्धि: 1950 के बाद से 2."
",What is एक समग्र?,""का परिप्रेक्ष्य वैज्ञानिक कृषि के लिए एक संयुक्त पहल किसानों",5 मिमी/वर्ष की वृद्धि। ग्लेशियर: ग्लेशियरों का तेजी से पिघलना हिमालय. वर्षा वितरण: देश के कुछ हिस्सों में चरम वर्षा वितरण में बदलाव भी देखा गया है। जलवायु परिवर्तन का अपेक्षित प्रभाव कृषि तापमान में वृद्धि के कारण फसल दोबारा खराब हो सकती है। अधिक पानी मांगें. विशेषकर रबी में अनाज वाली फसलों की पैदावार कम हो सकती है; यानी गेहूं.
",What is एक समग्र?,""का परिप्रेक्ष्य वैज्ञानिक कृषि के लिए एक संयुक्त पहल किसानों","सूखे का प्रभाव बाढ़ का प्रभाव मक्के पर गर्मी का प्रकोप शीत लहर से चने की फसल को नुकसान Page 14 --- 6 फसलों की खेती के लिए सामान्य शर्तें बुनियादी कृषि पर किसान की पुस्तिका कीट एवं रोग परिदृश्य में परिवर्तन जलवायु परिवर्तन के कारण वर्षा में वृद्धि के कारण: बॉलवर्म जैसे कीट, लाल बालों वाली कैटरपिलर और लीफ स्पॉट रोग बढ़ सकते हैं। तापमान में वृद्धि के कारण: माइट्स और लीफ माइनर जैसे चूसने वाले कीट बढ़ सकते हैं।"
",What is एक समग्र?,""का परिप्रेक्ष्य वैज्ञानिक कृषि के लिए एक संयुक्त पहल किसानों","वर्षा और तापमान में भिन्नता के कारण: अधिक उन्नत रोगज़नक़ और वेक्टर विकास, तेजी से रोगज़नक़ संचरण और बढ़ी हुई मेजबान संवेदनशीलता के कारण फसलों के कीट और रोगों में परिवर्तन होता है। कभी-कभी एक छोटा कीट बड़ा कीट बन सकता है। कम वर्षा और बढ़े हुए तापमान, समुद्र के स्तर में वृद्धि और बढ़ी हुई आवृत्ति और से- से कृषि जैव विविधता को भी खतरा है। सूखा, चक्रवात और बाढ़ की सत्यता. गुणवत्ता कृषि उत्पाद जैसे फल, सब्जियाँ, चाय, कॉफ़ी, सुगंधित और औषधीय पौधे हो सकते हैं प्रभावित."
",What is एक समग्र?,""का परिप्रेक्ष्य वैज्ञानिक कृषि के लिए एक संयुक्त पहल किसानों","पानी तापमान में वृद्धि और वाष्पीकरण-वाष्पोत्सर्जन की अधिक मात्रा के साथ सिंचाई की मांग में वृद्धि। इसका परिणाम कम हो सकता है - कुछ स्थानों पर भूजल स्तर का गिरना। हिमालय में ग्लेशियरों के पिघलने से अल्पावधि में गंगा, ब्रह्मपुत्र और उनकी सहायक नदियों में पानी की उपलब्धता बढ़ जाएगी लेकिन लंबे समय में पानी की उपलब्धता काफी कम हो जाएगी।"
",What is एक समग्र?,""का परिप्रेक्ष्य वैज्ञानिक कृषि के लिए एक संयुक्त पहल किसानों","बरसात के मौसम में अपवाह में उल्लेखनीय वृद्धि का अनुमान है, हालाँकि, यह तब तक बहुत लाभकारी नहीं हो सकता जब तक कि भंडारण के बुनियादी ढांचे का बड़े पैमाने पर विस्तार न किया जा सके। दूसरी ओर, बरसात के मौसम में यह अतिरिक्त पानी बाढ़ की आवृत्ति और अवधि में वृद्धि का कारण बन सकता है। भारत के विभिन्न हिस्सों में जल संतुलन गड़बड़ा जाएगा और समुद्री जल के घुसपैठ के कारण तटीय मार्ग पर भूजल की गुणवत्ता अधिक प्रभावित होगी।"
",What is एक समग्र?,""का परिप्रेक्ष्य वैज्ञानिक कृषि के लिए एक संयुक्त पहल किसानों","मिट्टी कार्बनिक पदार्थ की मात्रा, जो पहले से ही भारतीय मिट्टी में काफी कम है, और भी कम हो जाएगी। मिट्टी के कार्बनिक पदार्थ की गुणवत्ता प्रभावित हो सकती है। अपघटन की दर और पोषक तत्वों की आपूर्ति में कमी। मिट्टी के तापमान में वृद्धि से अस्थिरता और डेनि-ट्रिफिकेशन के कारण नाइट्रोजन-जन की उपलब्धता कम हो सकती है। • वर्षा की मात्रा और आवृत्ति के साथ-साथ हवा में परिवर्तन से मिट्टी के कटाव की गंभीरता, आवृत्ति और सीमा में परिवर्तन हो सकता है।"
",What is एक समग्र?,""का परिप्रेक्ष्य वैज्ञानिक कृषि के लिए एक संयुक्त पहल किसानों","समुद्र के स्तर में वृद्धि से तटीय भूमि में खारा पानी प्रवेश कर सकता है, जिससे वे पारंपरिक कृषि के लिए कम उपयुक्त हो जाएंगी। पशुधन पशुधन के चारा उत्पादन और पोषण को प्रभावित करें। तापमान बढ़ने से पाचन क्षमता कम हो जाएगी। पानी की कमी बढ़ने से भोजन और चारे के उत्पादन में भी कमी आएगी। इस दौरान वेक्टर आबादी के विस्तार के माध्यम से वेक्टर जनित रोगों पर प्रमुख प्रभाव - बरसात के वर्षों में बीमारियों का बड़े पैमाने पर प्रकोप होता है।"
",What is एक समग्र?,""का परिप्रेक्ष्य वैज्ञानिक कृषि के लिए एक संयुक्त पहल किसानों","अनुमानित दूध की मांग को पूरा करने के लिए पशुधन की पानी, आश्रय और ऊर्जा की आवश्यकता को बढ़ाएं। जलवायु परिवर्तन से डेयरी पशुओं में गर्मी का तनाव बढ़ने की संभावना है, जिससे उनके पुन: उत्पादक प्रदर्शन पर प्रतिकूल प्रभाव पड़ेगा। मत्स्य पालन समुद्र और नदी के पानी के तापमान में वृद्धि से मछली के प्रजनन, प्रवासन और मछली पकड़ने की जगह पर असर पड़ने की संभावना है - बनियान. बढ़े हुए तापमान और उष्णकटिबंधीय चक्रवाती गतिविधि के प्रभाव समुद्री मछली की पकड़, उत्पादन और विपणन लागत को प्रभावित करेंगे।"
",What is एक समग्र?,""का परिप्रेक्ष्य वैज्ञानिक कृषि के लिए एक संयुक्त पहल किसानों","किसानों के लिए समस्या से निपटने के विकल्प सूचना तक पहुंच प्रगतिशील किसान एटीएमए विस्तार पदाधिकारी - ब्लॉक टेक- नोलॉजी मैनेजर, एसएमएस, किसान मित्र, फार्म स्कूल प्रशिक्षित इनपुट डीलर कृषि क्लिनिक और कृषि व्यवसाय केंद्र केवीके कृषि अनुसंधान स्टेशन कृषि विश्वविद्यालय आईसीएआर संगठन किसान कॉल सेंटर (टोल फ्री नंबर 1551 या 1800 - 180 - 1551) संबंधित गैर सरकारी संगठन कृषि व्यवसाय कंपनियाँ रेडियो, टीवी, कृषि पत्रिकाएँ, समुदाय रेडियो, समाचार पत्र, कृषि वेबसाइटें आदि।"
",What is एक समग्र?,""का परिप्रेक्ष्य वैज्ञानिक कृषि के लिए एक संयुक्त पहल किसानों",Page 15 --- फसलों की खेती के लिए सामान्य शर्तें बुनियादी कृषि पर किसान की पुस्तिका 7किसानों के लिए समाधान के विकल्प खाद्य टोकरी का विस्तार आजीविका के स्रोतों में विविधता लाना। फसल पैटर्न बदलना। पारंपरिक मुकाबला रणनीतियों में वृद्धि। मिश्रित फसल पैटर्न में बदलाव।
",What is एक समग्र?,""का परिप्रेक्ष्य वैज्ञानिक कृषि के लिए एक संयुक्त पहल किसानों","जैसे: फसल मिश्रण-पोषक तत्व बाजरा, दालें और तिलहन एकीकृत कृषि प्रणाली गैर-कृषि गतिविधियों की हिस्सेदारी में वृद्धि जैसे: एकीकृत कृषि प्रणाली का प्रकार कृषि+सब्जी की खेती कृषि+पशुपालन नीम, शहतूत और लोबिया अधिक सूखा सहिष्णु फसलें लगाना और- कृषि-वानिकी प्रथाओं में वृद्धि हुई। चरम मौसम के वर्षों के दौरान अधिक स्थिर आय प्रदान करने के लिए कृषि-वानिकी प्रणालियाँ घटनाएँ."
",What is एक समग्र?,""का परिप्रेक्ष्य वैज्ञानिक कृषि के लिए एक संयुक्त पहल किसानों","आम, कद्दू, मक्का मिश्रित काट-छाँट मिश्रित खेती/बहुस्तरीय खेती Page 16 --- 8 फसलों की खेती के लिए सामान्य शर्तें बुनियादी कृषि पर किसान की पुस्तिका किसानों के लिए समाधान के विकल्प जारी. . . हरे रंग के लिए ल्यूसर्न और सनहेम्प खाद एवं चारा खेत तालाब संरक्षण कुंड खेत की मिट्टी और जल संरक्षण में सुधार। वैज्ञानिक जल प्रबंधन अपनाना, पोषक तत्व- ईएनटी प्रबंधन और सांस्कृतिक प्रथाएँ।"
",What is एक समग्र?,""का परिप्रेक्ष्य वैज्ञानिक कृषि के लिए एक संयुक्त पहल किसानों",वनस्पति बाधाएँ अंतःस्राव टैंक Page 17 --- फसलों की खेती के लिए सामान्य शर्तें बुनियादी कृषि पर किसान की पुस्तिका 9किसानों के लिए समाधान के विकल्प जारी. . . . अपवाह संग्रहण के लिए कंटूर ट्रेंचिंग पारंपरिक ऊँचे बिस्तर पर रोपण सिंचाई जल में 20-25% की बचत शेल्टरबेल्ट शेल्टरबेल्ट हवा के वेग को कम करते हैं। मध्यम तापमान. वाष्पीकरणीय हानि को कम करें और मिट्टी का संरक्षण करें नमी. पुआल छप्पर छोटे पौधों को पुआल से ढककर ठंड से बचाना।
",What is एक समग्र?,""का परिप्रेक्ष्य वैज्ञानिक कृषि के लिए एक संयुक्त पहल किसानों","पाले से सुरक्षा Page 18 --- 10 फसलों की खेती के लिए सामान्य शर्तें बुनियादी कृषि पर किसान की पुस्तिका 1. 5. मृदा एवं जल संरक्षण मिट्टी और पानी हमारी अनमोल धरोहर हैं। इसलिए, रक्षा करना और हाथ बँटाना हमारी ओर से अनिवार्य है इन संसाधनों पर आगे की पीढ़ियों के लिए। यह अनुमान लगाया गया है कि भारत में लगभग 50% खेती योग्य क्षेत्र गंभीर मिट्टी के कटाव से ग्रस्त है और उपचारात्मक उपायों की आवश्यकता है। फसल उत्पादन को बढ़ाने और स्थिर करने के लिए जल संसाधन आवश्यक हैं।"
",What is एक समग्र?,""का परिप्रेक्ष्य वैज्ञानिक कृषि के लिए एक संयुक्त पहल किसानों","हवा का कटाव मूल्यवान ऊपरी मिट्टी को नष्ट करने के लिए जिम्मेदार है। 1. 5. 1. मिट्टी और पानी का क्षरण जल एवं वायु से अपरदन होता है जल क्षरण का मुख्य कारण अप्रबंधित होना है अपवाह. अपवाह वर्षा या सिंचाई जल का वह भाग है जो किसी खेत को या तो सतह के रूप में या उपसतह प्रवाह के रूप में छोड़ता है। अपवाह के लिए अनेक कारक उत्तरदायी हैं जलवायु संबंधी कारक: वर्षा की विशेषताएं - अवधि, तीव्रता, वितरण, दिशा, तापमान-तापमान, आर्द्रता, हवा का वेग।"
",What is एक समग्र?,""का परिप्रेक्ष्य वैज्ञानिक कृषि के लिए एक संयुक्त पहल किसानों","वाटरशेड विशेषताएँ: जलग्रहण क्षेत्रों का भूवैज्ञानिक आकार, जलग्रहण क्षेत्रों का आकार और आकार, स्थलाकृति, जल निकासी पैटर्न। वनस्पति रहित बंजर भूमि मिट्टी के प्रकार: रेतीली मिट्टी: औसत वर्षा - कटाव की कोई समस्या नहीं। उच्च तीव्रता - कम बंधनकारी सामग्री यानी महीन मिट्टी के कण के प्रति अधिक गंभीर। चिकनी मिट्टी: सामान्य वर्षा - मध्यम और खड़ी ढलानों में अधिक अपवाह लेकिन उच्च जल धारण क्षमता। गाद दोमट, दोमट तथा बारीक बलुई दोमट: की दृष्टि से अधिक वांछनीय मिट्टियाँ मिट्टी का कटाव कम करना."
",What is एक समग्र?,""का परिप्रेक्ष्य वैज्ञानिक कृषि के लिए एक संयुक्त पहल किसानों","वनस्पति किस प्रकार अपवाह को कम करती है वर्षा का अवरोध जड़ संरचना जैविक प्रभाव वाष्पोत्सर्जन प्रभाव अवरोधन, वर्षाबूंद के प्रभाव को अवशोषित करना बहते पानी में रुकावट से गति धीमी हो जाती है जिस पर ढलान से नीचे की ओर यात्रा होती है बुनाई और बंधन प्रभाव मिट्टी को कणिकाओं में एकत्रित करता है मरने और सड़ने से छिद्रों की जगह और जल धारण क्षमता बढ़ जाती है एक घन मीटर मिट्टी में कई किलोमीटर जड़ फाइबर होता है अधिक वनस्पति आवरण, सबसे सक्रिय मिट्टी के जीव, केंचुए, भृंग और अन्य जीवन के चैनल वनस्पति मिट्टी से बड़ी मात्रा में नमी के वाष्पोत्सर्जन द्वारा वर्षा के लिए मिट्टी की भंडारण क्षमता को बढ़ाती है मृदा अपरदन मिट्टी का कटाव हवा, पानी की गति या बारिश की बूंदों की मार की क्रिया के माध्यम से मिट्टी की सामग्री को एक स्थान से दूसरे स्थान तक अलग करना और परिवहन करना है।"
",What is एक समग्र?,""का परिप्रेक्ष्य वैज्ञानिक कृषि के लिए एक संयुक्त पहल किसानों",जब वनस्पति हटा दी जाती है और भूमि को खेती के अधीन कर दिया जाता है तो मिट्टी निर्माण और मिट्टी हटाने के बीच प्राकृतिक संतुलन बिगड़ जाता है। सतह की मिट्टी को हटाने की प्रक्रिया मिट्टी बनाने की प्रक्रिया की तुलना में बहुत तेज गति से होती है। जल द्वारा अपरदन: जल अपरदन के नाम से जाना जाता है गतिमान जल द्वारा भूमि की सतह से मिट्टी हटाना। शीट क्षरण: अपेक्षाकृत पतले को हटाना वर्षा और अपवाह की क्रिया द्वारा मिट्टी के कणों की एक समान परत।
",What is एक समग्र?,""का परिप्रेक्ष्य वैज्ञानिक कृषि के लिए एक संयुक्त पहल किसानों","अत्यंत हानिकारक आमतौर पर इतनी धीमी गति से कि किसान को इसके अस्तित्व के बारे में पता ही नहीं चलता हल्की एकसमान ढलान वाली भूमियों पर सामान्य प्रत्येक भारी बारिश के साथ ऊपरी मिट्टी की मलाई समान रूप से हट जाती है तंग उपमिट्टी के ऊपर उथली ऊपरी मिट्टी शीट कटाव के लिए सबसे अधिक संवेदनशील होती है वर्षा की बूंदों के छींटों से मिट्टी का खिसकना चादर कटाव का प्राथमिक कारण है शीट कटाव ने पूरे भारत में लाखों हेक्टेयर ढलान वाली भूमि को नुकसान पहुंचाया है रिल अपरदन वा-चलाकर मिट्टी को हटाना है- उथले चैनलों के निर्माण के साथ, जिन्हें सामान्य खेती द्वारा पूरी तरह से सुचारू किया जा सकता है।"
",What is एक समग्र?,""का परिप्रेक्ष्य वैज्ञानिक कृषि के लिए एक संयुक्त पहल किसानों","जहां शीट अपरदन और रील अपरदन शुरू होता है वहां सीमांकन की कोई तीक्ष्ण रेखा नहीं होती है लेकिन शीट अपरदन की तुलना में रील अपरदन अधिक आसानी से स्पष्ट होता है। Page 19 --- फसलों की खेती के लिए सामान्य शर्तें बुनियादी कृषि पर किसान की पुस्तिका 11 एकाग्रता होने पर रिल्स विकसित होते हैं बहते पानी की, जिसे अगर उपेक्षित किया जाए, तो वह बड़ी नालियों में बदल जाता है। ढीली उथली ऊपरी मिट्टी वाली मिट्टी में यह अधिक गंभीर है। शीट क्षरण और गली-झूठ के बीच संक्रमण चरण।"
",What is एक समग्र?,""का परिप्रेक्ष्य वैज्ञानिक कृषि के लिए एक संयुक्त पहल किसानों","नाली अपरदन: वा- चलाकर मिट्टी को हटाना चैनलों के निर्माण के साथ, जिन्हें खेती द्वारा पूरी तरह से सुचारू नहीं किया जा सकता है। रिल अपरदन की अग्रिम अवस्था। सतही अपवाह की कोई भी सांद्रता अवनालन का एक संभावित स्रोत है। मवेशियों के रास्ते, गाड़ी के रास्ते, मृत खाड़ियाँ, जुताई की खाड़ियाँ या ढलान के नीचे अन्य छोटे गड्ढे प्रवाह की सघनता को बढ़ावा देते हैं। अप्रयुक्त चट्टानें हर साल गहरी और चौड़ी हो जाती हैं और नालियों का रूप प्राप्त करना शुरू कर देती हैं।"
",What is एक समग्र?,""का परिप्रेक्ष्य वैज्ञानिक कृषि के लिए एक संयुक्त पहल किसानों","अप्राप्य नालों के परिणामस्वरूप कुछ वर्षों में संपूर्ण परिदृश्य नालों के जाल से भर जाएगा। अन्य प्रकार के क्षरणों की तुलना में अधिक शानदार। स्ट्रीम चैनल क्षरण: के कारण होने वाला क्षरण धारा प्रवाह. रिल कटाव से काफी मिलता-जुलता है। गहन चैनल कटाव क्षेत्र भूमि के बाहर हैं जहां प्रवाह कतरनी तनाव अधिक है। जन आंदोलन: मिट्टी का सामूहिक आंदोलन। भूस्खलन, भूमि खिसकना, मिट्टी और कीचड़ का बहाव जन आंदोलन के विभिन्न रूप हैं।"
",What is एक समग्र?,""का परिप्रेक्ष्य वैज्ञानिक कृषि के लिए एक संयुक्त पहल किसानों",वायु अपरदन: मिट्टी के कणों की गति होती है यह ज़मीन की सतह के विपरीत या उसके समानांतर लगने वाले पवन बल के कारण होता है। 1. 5. 2. संरक्षण उच्च स्तर का उत्पादन सुनिश्चित करने के लिए संसाधनों की बर्बादी के बिना संरक्षण आवश्यक है।
",What is एक समग्र?,""का परिप्रेक्ष्य वैज्ञानिक कृषि के लिए एक संयुक्त पहल किसानों",महत्वपूर्ण मृदा संरक्षण उपाय हैं संरक्षण जुताई न्यूनतम जुताई शून्य जुताई ठूंठ मल्चिंग कचरा खेतीशीट और रिल कटाव भूस्खलन गली कटाव माइक्रॉक्लाइमेट को नियंत्रित करने के लिए शेल्टरबेल्ट Page 20 --- 12 फसलों की खेती के लिए सामान्य शर्तें बुनियादी कृषि पर किसान की पुस्तिका संरक्षण खेती ढलान के पार खेती स्ट्रिप क्रॉपिंग घूर्णन मिश्रित फसल और अंतरफसल सतह की मल्चिंग समय पर कृषि कार्य जल उपयोगकर्ता दक्षता में सुधार भूमि समतलीकरण सुरक्षित जल निकासी प्रदान करना आंतरायिक छतें मेड़ों पर वनस्पति उगाना वनस्पति एवं वनस्पति प्रबंधन स्ट्रिप क्रॉपिंग ठूंठ मल्चिंग मल्चिंग पवन कटाव प्रबंधन मिट्टी की सतह को वनस्पति आवरण से सुरक्षित रखें- tion या वानस्पतिक अवशेष।
",What is एक समग्र?,""का परिप्रेक्ष्य वैज्ञानिक कृषि के लिए एक संयुक्त पहल किसानों",मिट्टी के समुच्चय या ढेलों का उत्पादन करें या उन्हें सतह पर लाएँ जो हवा के बल का विरोध करने के लिए पर्याप्त बड़े हों। हवा के वेग को कम करने और बहती मिट्टी को रोकने के लिए भूमि की सतह को खुरदरा करें। हवा के वेग और मिट्टी के बहाव को कम करने के लिए अंतराल पर अवरोध या जाल पट्टियाँ स्थापित करें।
",What is एक समग्र?,""का परिप्रेक्ष्य वैज्ञानिक कृषि के लिए एक संयुक्त पहल किसानों","मिट्टी के उड़ने को नियंत्रित करने की सर्वोत्तम पद्धतियाँ गहरी जुताई ग्रीष्मकालीन जुताई सतह का खुरदरापन नमी का संरक्षण हवा टूटती है और आश्रयपेटियाँ यांत्रिक या वनस्पति बाधाएँ उदाहरण के लिए: सूक्ष्म जलवायु को नियंत्रित करने के लिए शेल्टरबेल्ट • शेल्टरबेल्ट हवा के वेग को कम करते हैं मध्यम तापमान वाष्पीकरणीय हानि को कम करें और मिट्टी का संरक्षण करें नमी जल कटाव को नियंत्रित किया जा सकता है यथास्थान जल संचयन ग्रीष्मकालीन जुताई भूमि प्रवाह प्रबंधन समोच्च बांध श्रेणीबद्ध बांध चौड़े आधार वाला बांध• बेंच टैरेस जल संचयन और पुनर्चक्रण शून्य जुताई कई प्रथाएं उपयोग में हैं जैसे जीरो टिल- आयु, न्यूनतम जुताई और सीधी बुआई।"
",What is एक समग्र?,""का परिप्रेक्ष्य वैज्ञानिक कृषि के लिए एक संयुक्त पहल किसानों","बीज कवरेज प्राप्त करने के लिए केवल पर्याप्त चौड़ाई और गहराई का एक संकीर्ण स्लॉट, खाई या बैंड खोलकर पहले से जुताई की गई मिट्टी में फसलें लगाना। कोई अन्य मिट्टी की जुताई नहीं की जाती है।"
",What is एक समग्र?,""का परिप्रेक्ष्य वैज्ञानिक कृषि के लिए एक संयुक्त पहल किसानों","शून्य जुताई खेती के फायदे • कटाव नियंत्रण: बची हुई पराली और फसल अवशेष मिट्टी के कटाव को कम करते हैं और मिट्टी की उर्वरता को बढ़ाते हैं नमी संरक्षण: ठूंठ पानी को रोकता है, बहते पानी को कम करता है, बेहतर घुसपैठ से मिट्टी की नमी की स्थिति में सुधार होता है उच्च नाइट्रोजन उपलब्धता अंकुर सुरक्षा: ठूंठ युवा अंकुर को हवा और गर्मी से बचाता है फसल की पैदावार पारंपरिक जुताई प्रणाली के बराबर होगी।"
",What is एक समग्र?,""का परिप्रेक्ष्य वैज्ञानिक कृषि के लिए एक संयुक्त पहल किसानों",हालाँकि शुष्क वर्षों के दौरान अच्छी उपज प्राप्त की जा सकती है श्रम कम करें और समय बचाएं उपकरण लागत पर बचत तेल/ईंधन लागत पर बचत मल्चिंग: फसल अवशेष मल्च के फायदे- आईएनजी हैं पानी और जैविक की उपलब्धता में वृद्धि बात कम क्षरण पर्यावरण संरक्षण किसानों को अतिरिक्त लाभ सूखे की कम संवेदनशीलता मिट्टी की गुणवत्ता और उर्वरक दक्षता में सुधार बाहरी इनपुट पर दीर्घकालिक निर्भरता को कम करता है Page 21 --- फसलों की खेती के लिए सामान्य शर्तें बुनियादी कृषि पर किसान की पुस्तिका 131. 6.
",What is एक समग्र?,""का परिप्रेक्ष्य वैज्ञानिक कृषि के लिए एक संयुक्त पहल किसानों",सिंचाई पौधे के लिए पर्याप्त जल आपूर्ति महत्वपूर्ण है विकास. जब वर्षा पर्याप्त न हो तो पौधों को सिंचाई से अतिरिक्त पानी मिलना चाहिए।
",What is एक समग्र?,""का परिप्रेक्ष्य वैज्ञानिक कृषि के लिए एक संयुक्त पहल किसानों","सिंचाई संबंधी निर्णयों के लिए विचार किए जाने वाले बिंदु सिंचाई के लिए भूमि की उपयुक्तता जैसे ढलान प्रभावी वर्षा: कुल वर्षा का कुछ भाग फसल उत्पादन के लिए उपयोगी होता है सिंचाई कब करें: मिट्टी, फसल और जलवायु स्थिति के आधार पर निर्णय लें कितनी सिंचाई करनी है: फसल की पानी की आवश्यकता के आधार पर निर्णय लें सिंचाई कैसे करें: सिंचाई के लिए उचित विधि का चयन करें सिंचाई जल की गुणवत्ता 1. 6. 1."
",What is एक समग्र?,""का परिप्रेक्ष्य वैज्ञानिक कृषि के लिए एक संयुक्त पहल किसानों","इसके लिए विभिन्न तरीकों का इस्तेमाल किया जा सकता है पौधों को सिंचाई जल उपलब्ध करायें सतही सिंचाई: बेसिन सिंचाई नाली सिंचाई फव्वारा सिंचाई ड्रिप सिंचाई सतही सिंचाई सतही सिंचाई जल का अनुप्रयोग है क्षेत्र की सतह पर गुरुत्वाकर्षण का प्रवाह। या तो पूरे खेत में बाढ़ आ जाती है (बेसिन सिंचाई) या पानी को छोटे चैनलों (नालियों) या भूमि की पट्टियों (सीमाओं) में भर दिया जाता है। बेसिन सिंचाई बेसिन भूमि के समतल क्षेत्र हैं, जो निचले बांधों से घिरे होते हैं। बांध पानी को निकटवर्ती खेतों में जाने से रोकते हैं।"
",What is एक समग्र?,""का परिप्रेक्ष्य वैज्ञानिक कृषि के लिए एक संयुक्त पहल किसानों","बेसिन सिंचाई का उपयोग आमतौर पर समतल भूमि पर या पहाड़ी किनारों पर छतों पर उगाए जाने वाले चावल के लिए किया जाता है। धान तब सबसे अच्छा उगता है जब उसकी जड़ें पानी में डूबी रहती हैं। इसलिए, इस प्रकार की फसल के लिए बेसिन सिंचाई सबसे अच्छी विधि है। पेड़ों को बेसिनों में भी उगाया जा सकता है, जहां एक पेड़ आमतौर पर एक छोटे बेसिन के बीच में स्थित होता है। सामान्य तौर पर, बेसिन विधि उन फसलों के लिए उपयुक्त है जो लंबे समय तक पानी में खड़े रहने से प्रभावित नहीं होती हैं।"
",What is एक समग्र?,""का परिप्रेक्ष्य वैज्ञानिक कृषि के लिए एक संयुक्त पहल किसानों","बेसिन सिंचाई कई खेतों की फसलों के लिए उपयुक्त है। बेसिन सिंचाई के लिए उपयुक्त फसलों में चारागाह, खट्टे फल, केला और प्रसारित होने वाली फसलें जैसे अनाज और कुछ हद तक कतार वाली फसलें जैसे तंबाकू शामिल हैं। बेसिन सिंचाई आम तौर पर उन फसलों के लिए उपयुक्त नहीं है, जो गीले या पानी में खड़ी नहीं रह सकतीं - 24 घंटे से अधिक अवधि के लिए लॉग की गई स्थितियाँ; उदाहरण के लिए: आलू, चुकंदर की जड़ और गाजर भूमि की सतह जितनी समतल होगी, बेसिन का निर्माण करना उतना ही आसान होगा।"
",What is एक समग्र?,""का परिप्रेक्ष्य वैज्ञानिक कृषि के लिए एक संयुक्त पहल किसानों","ढलान वाली भूमि पर बेसिन का निर्माण करना भी संभव है, भले ही ढलान काफी तीव्र हो। लेवल बेसिन, जिन्हें टेरेस कहा जाता है, का निर्माण सीढ़ियों की सीढ़ियों की तरह किया जा सकता है। बेसिन सिंचाई के लिए उपयुक्त मिट्टी उगाई गई फसल पर निर्भर करती है।"
",What is एक समग्र?,""का परिप्रेक्ष्य वैज्ञानिक कृषि के लिए एक संयुक्त पहल किसानों","बेसिन छोटा होना चाहिए यदि:• भूमि का ढलान तीव्र हो मिट्टी रेतीली है बेसिन में धारा का आकार छोटा है सिंचाई अनुप्रयोग के लिए आवश्यक गहराई छोटी है खेत की तैयारी हाथ या पशु शक्ति से की जाती है बेसिन बड़ा हो सकता है यदि: • भूमि का ढलान हल्का या समतल हो मिट्टी मिट्टी है बेसिन में धारा का आकार बड़ा है सिंचाई अनुप्रयोग के लिए आवश्यक गहराई बड़ी है खेत की तैयारी यंत्रीकृत है भूमि का ढलान, मिट्टी का प्रकार, उपलब्ध धारा का आकार, आईआर की आवश्यक गहराई - सिंचाई अनुप्रयोग और कृषि पद्धतियाँ मुख्य रूप से बेसिनों के आकार और साइज़ को निर्धारित करती हैं यदि भूमि का ढलान तीव्र है, तो बेसिन संकीर्ण होना चाहिए; अन्यथा समतल बेसिन प्राप्त करने के लिए बहुत अधिक भू-संचलन की आवश्यकता होगी।"
",What is एक समग्र?,""का परिप्रेक्ष्य वैज्ञानिक कृषि के लिए एक संयुक्त पहल किसानों","तीन अन्य कारक, जो बेसिन की चौड़ाई को प्रभावित कर सकते हैं, उपजाऊ मिट्टी की गहराई, बेसिन निर्माण की विधि, कृषि पद्धतियां हैं। बेसिनों में सिंचाई जल की आपूर्ति करने की दो विधियाँ हैं: (i) सीधी विधि: Ir - सिंचाई जल को सीधे फील्ड चैनल से साइफन के माध्यम से बेसिन में ले जाया जाता है, Page 22 --- 14 फसलों की खेती के लिए सामान्य शर्तें बुनियादी कृषि पर किसान की पुस्तिका या बांध टूट जाता है."
",What is एक समग्र?,""का परिप्रेक्ष्य वैज्ञानिक कृषि के लिए एक संयुक्त पहल किसानों","(ii) कैस्केड विधि: सिंचाई के पानी को सबसे ऊंची छत पर आपूर्ति की जाती है, और फिर निचली छत पर प्रवाहित किया जाता है, इत्यादि। बेसिनों का रखरखाव • बांध कटाव के प्रति संवेदनशील होते हैं। उदाहरण के लिए, फुटपाथ के रूप में उपयोग किए जाने पर यह बारिश, बाढ़ या लोगों के गुजरने के कारण हो सकता है। चूहे बांधों के किनारों में छेद खोद सकते हैं। इसलिए, अधिक क्षति होने से पहले, नियमित रूप से बांधों की जांच करना, दोषों को नोटिस करना और उन्हें तुरंत मरम्मत करना महत्वपूर्ण है।"
",What is एक समग्र?,""का परिप्रेक्ष्य वैज्ञानिक कृषि के लिए एक संयुक्त पहल किसानों","बेसिन सिंचाई के लाभ • वर्षा का संरक्षण और मिट्टी के कटाव में कमी। उच्च जल अनुप्रयोग और वितरण दक्षता। लवणों के निक्षालन में उपयोगी। निकट उगने वाली सभी फसलों, कतार वाली फसलों और बगीचों के लिए उपयुक्त। नाली सिंचाई नाली छोटे चैनल हैं, जो फसल की पंक्तियों के बीच भूमि ढलान से पानी ले जाते हैं। पानी ढलान के साथ चलते हुए मिट्टी में घुस जाता है। फसल आमतौर पर खांचों के बीच मेड़ों पर उगाई जाती है। यह विधि सभी कतार वाली फसलों और उन फसलों के लिए उपयुक्त है जो लंबे समय तक पानी में खड़ी नहीं रह सकतीं।"
",What is एक समग्र?,""का परिप्रेक्ष्य वैज्ञानिक कृषि के लिए एक संयुक्त पहल किसानों","मक्का, सूरजमुखी, गन्ना और सोयाबीन जैसी फसलों की सिंचाई कुंड सिंचाई द्वारा की जा सकती है। फसलें जो बाढ़ से क्षतिग्रस्त होंगी, जैसे टमाटर, सब्जियाँ, आलू, फलियाँ; खट्टे फल और अंगूर जैसे फलों के पेड़ और साथ ही गेहूं जैसी चौड़ी फसलें। नाली ढलान, मिट्टी के प्रकार, जलधारा के आकार, सिंचाई की गहराई, खेती के अभ्यास और खेत की लंबाई के अनुरूप होनी चाहिए। कुंड सिंचाई के लिए समान समतल या हल्की ढलानों को प्राथमिकता दी जाती है। लहरदार भूमि पर, खांचों को भूमि की रूपरेखा का अनुसरण करना चाहिए।"
",What is एक समग्र?,""का परिप्रेक्ष्य वैज्ञानिक कृषि के लिए एक संयुक्त पहल किसानों","नाली सिंचाई के लाभ • कतार वाली फसलों और सब्जियों के लिए उपयुक्त। ऐसी मिट्टी के लिए उपयुक्त जिसमें अंतःस्यंदन दर 0. 5 और 2. 5 सेमी/घंटा के बीच होती है। 0. 2 से 0. 5 प्रतिशत तक की ढलानों और 1-2 लीटर/सेकंड के धारा आकार के लिए आदर्श। उन क्षेत्रों में जहां सतही जल निकासी की आवश्यकता होती है या अस्थायी जल जमाव की संभावना होती है, नाली बहुत प्रभावी होती है। उन क्षेत्रों में जहां सिंचाई के लिए पानी उपलब्ध है।"
",What is एक समग्र?,""का परिप्रेक्ष्य वैज्ञानिक कृषि के लिए एक संयुक्त पहल किसानों","दुर्लभ है, वैकल्पिक या स्किप फ़रो सिंचाई का अभ्यास पैदावार को प्रभावित किए बिना काफी मात्रा में पानी बचा सकता है। फव्वारा सिंचाई पानी को एक पाइप प्रणाली के माध्यम से पंप किया जाता है और फिर स्प्रिंकलर हेड के माध्यम से फसलों पर छिड़का जाता है।"
",What is एक समग्र?,""का परिप्रेक्ष्य वैज्ञानिक कृषि के लिए एक संयुक्त पहल किसानों","फायदे• जल संरक्षण मृदा संरक्षण पानी का कुशल उपयोग श्रम की बचत बीज का जल्दी अंकुरण होना फर्टिगेशन मृदा संशोधन पाले से सुरक्षा बेसिन सिंचाई कुंड सिंचाई Page 23 --- फसलों की खेती के लिए सामान्य शर्तें बुनियादी कृषि पर किसान की पुस्तिका 15• फसलों का ठंडा होना फसलों की उच्च उत्पादकता+उत्पादकता विभिन्न फसलों के लिए स्प्रिंकलर का उपयोग फसल प्रकार फसल उदाहरण अनाज मक्का, ज्वार, गेहूं, ज्वार फूल कारनेशन, चमेली, गेंदा तिलहन मूंगफली, सरसों, सूरजमुखी सब्जियाँ प्याज, आलू, मूली, गाजर चारा शतावरी, चारागाह दालें चना, अरहर, सेम बागान कॉफ़ी, रबर, इमली फाइबर कपास, तिल मसाले इलायची, विभिन्न फसलों की छिड़काव सिंचाई से प्रतिक्रिया फसल का पानी बचत (%) उपज वृद्धि (%) बाजरा 56 19 जौ 56 16 भिंडी 28 23 पत्तागोभी 40 3 फूलगोभी 35 12 मिर्च 33 24 कपास 36 50 ग्वारपाठा 19 3 मेथी 29 25 लहसुन 28 6 ग्राम 69 57 मूंगफली 20 40 ज्वार 55 34 ल्यूसर्न 16 27 मक्का 41 36 प्याज 33 23 आलू 46 4 सूरजमुखी 33 20 गेहूं 35 24 स्प्रिंकलर सिंचाई प्रणाली का लेआउट ड्रिप सिंचाई जल लगाया जाता है कम रेट पर लंबे समय तक।"
",What is एक समग्र?,""का परिप्रेक्ष्य वैज्ञानिक कृषि के लिए एक संयुक्त पहल किसानों","लगातार अंतराल पर सीधे पौधे के जड़ क्षेत्र में Page 24 --- 16 फसलों की खेती के लिए सामान्य शर्तें बुनियादी कृषि पर किसान की पुस्तिका ड्रिप सिंचाई पानी को एक पाइप के माध्यम से दबाव में पहुंचाया जाता है सिस्टम को खेतों तक पहुंचाया जाता है, जहां से इसे धीरे-धीरे या पूर्व निर्धारित दर पर डिस्चार्ज किया जाता है। उत्तरार्द्ध का मिलान उत्सर्जक या ड्रिपर्स के माध्यम से मिट्टी की घुसपैठ क्षमता से किया जा सकता है जो पौधों के जड़ क्षेत्र के करीब स्थित हैं।"
",What is एक समग्र?,""का परिप्रेक्ष्य वैज्ञानिक कृषि के लिए एक संयुक्त पहल किसानों","एक सामान्य ड्रिप सिंचाई प्रणाली में निम्नलिखित घटक होते हैं: • पंप इकाई नियंत्रण इकाई फ़िल्टरिंग इकाई मुख्य लाइन और उप मुख्य लाइनें पार्श्व उत्सर्जक प्रमुख नियंत्रण इकाई फसल की महत्वपूर्ण अवस्थाओं का नाम अनाज चावल/धान में टिलरिंग, पुष्पगुच्छ की शुरुआत, हेडिंग और फूल आना गेहूं क्राउन रूट की शुरुआत, टिलरिंग से लेकर बूटिंग तक ज्वार फूटना, खिलना और दूधिया आटा अवस्था मक्के को सिलने और आटा गूंथने की अवस्था में गूंथना बाजरा की स्थिति और फूल आना फिंगर मिलेट प्राइमोर्डियल आरंभ और फूल दालेंचना देर से आने वाली वनस्पति फेज काले चने में फूल आना और फली बनना हरे चने में फूल आना और फली बनना फलियों में फूल आना और फली बनना मटर में फूल आना और जल्दी फली बनना अल्फाल्फा काटने और फूल आने के बाद विभिन्न फसलों में सिंचाई के लिए महत्वपूर्ण चरण Page 25 --- फसलों की खेती के लिए सामान्य शर्तें बुनियादी कृषि पर किसान की पुस्तिका 17फसल की महत्वपूर्ण अवस्थाओं का नाम तिलहन मूंगफली में फूल आना, खूंटी बनना और फली का विकास तिल का परिपक्वता की ओर खिलना सूरजमुखी फूल आने से पहले से फूल आने के बाद तक सोयाबीन का खिलना और बीज निर्माण सब्जियाँ प्याज बल्ब का निर्माण और समय से पहले परिपक्व होना टमाटर में फूल आना और फल लगना मिर्च में फूल आना और फल लगना गोभी के सिर का गठन आलू कंद की परिपक्वता की शुरुआत गाजर की जड़ का विस्तार अन्य कपास का फूलना और बीजकोष का बनना खट्टे फलों का फूलना, फलों का जमना और फलों का बढ़ना आम में फूल आने से पहले और फलों का जमाव सूक्ष्म सिंचाई प्रणाली का लेआउट फसल की पैदावार में वृद्धि (%)पानी की बचत (%) आम 80."
",What is एक समग्र?,""का परिप्रेक्ष्य वैज्ञानिक कृषि के लिए एक संयुक्त पहल किसानों",0 34. 8 केला 52. 0 45. 0 अंगूर 23. 0 48. 0फसल की उपज में वृद्धि (%)पानी की बचत(%) अनार 98. 0 45. 0 टमाटर 50. 0 39. 0 तरबूज़ 88. 0 36. 0 सतही सिंचाई की तुलना में ड्रिप सिंचाई के लाभ Page 26 --- 18 फसलों की खेती के लिए सामान्य शर्तें बुनियादी कृषि पर किसान की पुस्तिका फसल की पैदावार में वृद्धि (%)पानी की बचत (%) गन्ना 133. 3 49. 3 कपास 88. 0 46. 6 प्याज 53. 8 46. 1 आलू 79. 5 54. 1 सतही सिंचाई पर ड्रिप सिंचाई के लाभ जारी. . . . फसल की पैदावार में वृद्धि (%)पानी की बचत(%) भिंडी 16. 0 40. 0 बैंगन 14.
",What is एक समग्र?,""का परिप्रेक्ष्य वैज्ञानिक कृषि के लिए एक संयुक्त पहल किसानों","0 53. 0 मिर्च 44. 0 62. 0 पपीता 75. 0 68. 0 विभिन्न सिंचाई विधियों की खेत पर सिंचाई दक्षता 1. 6. 2. केन्द्र प्रायोजित सूक्ष्म सिंचाई योजना उपरोक्त चित्र से स्पष्ट है कि जल उपयोग दक्षता की दृष्टि से ड्रिप सिंचाई अन्य सभी विधियों की तुलना में सबसे अधिक कुशल सिंचाई है। अन्य सभी विधियों की तुलना में जल उपयोग दक्षता के मामले में बाढ़ सिंचाई विधि सबसे अलाभकारी सिंचाई विधि पाई गई है। सूक्ष्म सिंचाई को लोकप्रिय बनाने के लिए, सरकार।"
",What is एक समग्र?,""का परिप्रेक्ष्य वैज्ञानिक कृषि के लिए एक संयुक्त पहल किसानों",भारत सरकार सूक्ष्म सिंचाई योजना लागू कर रही है जिसके माध्यम से इच्छुक किसानों को समर्थन दिया जाएगा। किसान निकटतम विस्तार पदाधिकारी से संपर्क कर सकते हैं। विवरण इस प्रकार हैं: योजना का नाम सूक्ष्म सिंचाई केंद्र प्रायोजित योजना (सीएसएस) के प्रकार प्रारंभ वर्ष 2005-06 उद्देश्य सिंचाई के कुशल तरीकों के तहत क्षेत्र में वृद्धि करना। ड्रिप और स्प्रिंकलर सिंचाई इन विधियों को सतही और भूजल संसाधनों के कुशल उपयोग के लिए एकमात्र विकल्प के रूप में मान्यता दी गई है।
",What is एक समग्र?,""का परिप्रेक्ष्य वैज्ञानिक कृषि के लिए एक संयुक्त पहल किसानों","30%-60% 100 90 80 7060 50 4030 20 10दक्षता % बाढ़ स्तर फ़रो स्प्रिंकलर सेंटर पिवट ड्रिप सिंचाई के तरीके50%-70%70%-85% 70%-90%90%-95% Page 27 --- फसलों की खेती के लिए सामान्य शर्तें बुनियादी कृषि पर किसान की पुस्तिका 19मुख्य विशेषताएं • सूक्ष्म सिंचाई (एमआई) प्रणाली की कुल लागत में से 40% होगी केंद्र सरकार द्वारा वहन किया जाएगा, 10% राज्य सरकार द्वारा और शेष 50% लाभार्थी द्वारा या तो अपने संसाधनों या वित्तीय संस्थानों से सॉफ्ट लोन के माध्यम से वहन किया जाएगा।"
",What is एक समग्र?,""का परिप्रेक्ष्य वैज्ञानिक कृषि के लिए एक संयुक्त पहल किसानों","किसानों को सहायता प्रति लाभार्थी परिवार अधिकतम 5 हेक्टेयर क्षेत्र को कवर करने के लिए होगी। ड्रिप और स्प्रिंकलर प्रदर्शन के लिए सहायता प्रति लाभार्थी अधिकतम 0. 5 हेक्टेयर क्षेत्र के लिए लागत का 75% होगी, जो पूरी तरह से केंद्र सरकार द्वारा वहन की जाएगी। लाभार्थियों के चयन में पंचायती राज संस्थाएं (पीआरआई) शामिल होंगी। योजना के अंतर्गत सभी श्रेणियों के किसानों को शामिल किया गया है। हालाँकि, यह सुनिश्चित करने की आवश्यकता है कि कम से कम 25% लाभार्थी छोटे और सीमांत किसान हों।"
",What is एक समग्र?,""का परिप्रेक्ष्य वैज्ञानिक कृषि के लिए एक संयुक्त पहल किसानों","इस योजना में ड्रिप और स्प्रिंकलर सिंचाई दोनों शामिल हैं। हालाँकि, स्प्रिंकलर सिंचाई केवल उन फसलों के लिए लागू होगी जहाँ ड्रिप सिंचाई अलाभकारी है। विभिन्न स्तरों पर किसानों, क्षेत्रीय पदाधिकारियों और अन्य हितधारकों के लिए एक मजबूत एचआरडी इनपुट होगा। इसके अलावा, जल संरक्षण और प्रबंधन के महत्व के बारे में किसानों के बीच कौशल विकसित करने और जागरूकता बढ़ाने के लिए व्यापक स्थानों पर प्रचार अभियान, सेमिनार/कार्यशालाएं आयोजित की जाएंगी।"
",What is एक समग्र?,""का परिप्रेक्ष्य वैज्ञानिक कृषि के लिए एक संयुक्त पहल किसानों","प्रिसिजन फार्मिंग डेवलपमेंट सेंटर (पीएफडीसी) योजना को लागू करने के लिए अनुसंधान और तकनीकी सहायता प्रदान करेंगे। ड्रिप और स्प्रिंकलर सिंचाई दोनों के लिए बीआईएस मार्किंग वाली अच्छी गुणवत्ता प्रणाली की आपूर्ति, किसान की संतुष्टि के लिए बिक्री के बाद उचित सेवाएं सर्वोपरि है। सब्सिडी पैटर्न: ड्रिप/स्प्रिंकलर सिंचाई प्रणाली के लिए 50% (भारत सरकार द्वारा 40% और राज्य सरकार द्वारा 10%) की दर से सहायता प्रदान की जाती है। 0. 5 हेक्टेयर की सीमा तक प्रदर्शन लागत का 75% की सीमा तक सहायता प्रदान की जाती है।"
",What is एक समग्र?,""का परिप्रेक्ष्य वैज्ञानिक कृषि के लिए एक संयुक्त पहल किसानों","योजना की संरचना • राष्ट्रीय स्तर पर, बागवानी में प्लास्टिकलचर अनुप्रयोग पर राष्ट्रीय समिति (एनसीपीएएच) योजना के समन्वय के लिए जिम्मेदार होगी, जबकि एनसीपीएएच की कार्यकारी समिति कार्य योजना को मंजूरी देगी। राज्य स्तर पर राज्य सूक्ष्म सिंचाई समिति कार्यक्रम का समन्वय करेगी, जबकि जिला स्तर पर जिला सूक्ष्म सिंचाई समिति कार्यक्रम की निगरानी करेगी।"
",What is एक समग्र?,""का परिप्रेक्ष्य वैज्ञानिक कृषि के लिए एक संयुक्त पहल किसानों","यह योजना राज्य सरकार द्वारा नियुक्त एक कार्यान्वयन एजेंसी (आईए) द्वारा कार्यान्वित की जाएगी, जो जिला ग्रामीण विकास एजेंसियां ​​(डीआरडीए) या कोई चिन्हित एजेंसी होगी, जिसे प्रत्येक वर्ष के लिए अनुमोदित जिला योजनाओं के आधार पर सीधे धन जारी किया जाएगा। आईए जिले के लिए वार्षिक कार्य योजना तैयार करेगा जिसे एनसीपीएएच की कार्यकारी समिति (ईसी) द्वारा अनुमोदन के लिए डीएमआईसी और एसएमआईसी द्वारा अग्रेषित किया जाएगा।"
",What is एक समग्र?,""का परिप्रेक्ष्य वैज्ञानिक कृषि के लिए एक संयुक्त पहल किसानों",केंद्र और राज्यों द्वारा फंडिंग पैटर्न 80:20 Page 28 --- 20 फसलों की खेती के लिए सामान्य शर्तें बुनियादी कृषि पर किसान की पुस्तिका पात्रता जैसा कि ऊपर कॉलम 5 में दर्शाया गया है। संचालन का क्षेत्र ना- के तहत कवर की जाने वाली बागवानी फसलों पर ध्यान केंद्रित किया जाएगा। 24 राज्यों/केंद्रशासित प्रदेशों में राष्ट्रीय बागवानी मिशन। क्लस्टर दृष्टिकोण अपनाया जाएगा. गैर बागवानी फसलों पर भी ध्यान केंद्रित किया गया है।
",What is एक समग्र?,""का परिप्रेक्ष्य वैज्ञानिक कृषि के लिए एक संयुक्त पहल किसानों",आवेदन करने की प्रक्रिया सहायता के पुन: पट्टे के लिए परियोजना प्रस्ताव राज्य सरकार के माध्यम से प्रस्तुत किए जाते हैं। 1. 6. 3. जलनिकास जल निकासी यह नमी नियंत्रण तंत्र के रूप में खेत से पानी निकालना है।
",What is एक समग्र?,""का परिप्रेक्ष्य वैज्ञानिक कृषि के लिए एक संयुक्त पहल किसानों",जल निकासी और सिंचाई किसानों के लिए समझने योग्य महत्वपूर्ण पहलू हैं जल निकासी फसल जड़ क्षेत्र में वांछनीय वातावरण प्रदान करती है जड़ क्षेत्र में अधिक पानी होने पर जल निकासी की आवश्यकता महसूस होती है अतिरिक्त जल के स्रोत हैं अनियंत्रित सिंचाई एक अरेखित चैनल से रिसाव हानि भूजल उथले जलभृतों से बह रहा है प्राकृतिक जल निकासी व्यवस्था का रखरखाव न करना आम तौर पर तकनीकी-आर्थिक व्यवहार्यता के आधार पर दो प्रकार की जल निकासी प्रणालियाँ अपनाई जाती हैं: सतही जल निकासी: निम्नलिखित द्वारा प्राप्त की जा सकती है समस्या की आवश्यकता और तीव्रता के आधार पर नीचे दी गई किसी एक विधि का उपयोग करें।
",What is एक समग्र?,""का परिप्रेक्ष्य वैज्ञानिक कृषि के लिए एक संयुक्त पहल किसानों",भूमि निर्माण भूमि को समतल करना भूमि की ग्रेडिंग या समतलीकरण बिस्तर व्यवस्था खुली खाइयाँ उपसतह जल निकासी: निम्नलिखित द्वारा प्राप्त किया जा सकता है- समस्या की आवश्यकता और तीव्रता के आधार पर नीचे दी गई विधि में से किसी एक को कम करना।
",What is एक समग्र?,""का परिप्रेक्ष्य वैज्ञानिक कृषि के लिए एक संयुक्त पहल किसानों","क्षैतिज उपसतह नालियाँ ऊर्ध्वाधर जल निकासी जैसे अन्य तरीके तिल जल निकासी खेत के तालाब में रिसाव को रोकना जैव नालियाँ शीर्ष लेख टाइलउपसतह जल निकासी व्यवस्था टाइल आउटलेटखुला खाईजल प्रवाह Page 29 --- फसलों की खेती के लिए सामान्य शर्तें बुनियादी कृषि पर किसान की पुस्तिका 211. 7. बीज एक 'बीज' (कुछ पौधों में, जिसे 'कर्नेल' कहा जाता है) एक छोटा भ्रूणीय 'पौधा' है जो एक आवरण में घिरा होता है- एरिंग को बीज आवरण कहा जाता है, आमतौर पर कुछ 'संग्रहीत भोजन' के साथ।"
",What is एक समग्र?,""का परिप्रेक्ष्य वैज्ञानिक कृषि के लिए एक संयुक्त पहल किसानों","बीज मूल रूप से प्रजनन का एक साधन हैं और अधिकांश बीज 'यौन प्रजनन' का उत्पाद हैं, जो आनुवंशिक सामग्री और 'फेनोटाइप परिवर्तनशीलता' को रीमिक्स करता है जिस पर 'प्राकृतिक चयन' कार्य करता है। बीज कृषि में बुनियादी इनपुट है कौन से अन्य इनपुट लागू किए जाते हैं. एक अच्छा सशक्त बीज सभी संसाधनों का उपयोग करता है और उत्पादक को उचित उत्पादन देता है। यह किसान के लिए धन है क्योंकि कल की फसल कल की आशा है। अच्छी मिट्टी में अच्छा बीज अच्छी उपज देता है। इसके अलावा, यह दो पीढ़ियों के बीच की कड़ी है।"
",What is एक समग्र?,""का परिप्रेक्ष्य वैज्ञानिक कृषि के लिए एक संयुक्त पहल किसानों","बीजों के कार्य भ्रूण का पोषण नये स्थान पर फैलाव प्रतिकूल परिस्थितियों के दौरान निष्क्रियता अच्छे बीज के लक्षण आनुवंशिक रूप से शुद्ध• ब्रीडर/न्यूक्लियस - 100% आधारीय बीज - 99. 5% प्रमाणित बीज - 99. 0% प्रमाणीकरण के लिए भौतिक शुद्धता का आवश्यक स्तर सभी फसलें - 98% गाजर - 95% उच्च शुद्ध बीज प्रतिशत भिंडी - 99. 0 % तिल, सोयाबीन और जूट - 97. 0 % मूंगफली - 96."
",What is एक समग्र?,""का परिप्रेक्ष्य वैज्ञानिक कृषि के लिए एक संयुक्त पहल किसानों","0 % अन्य फसल के बीजों से मुक्त गेहूं में लूज स्मट जैसी निर्दिष्ट बीमारियों से मुक्त धान में जंगली धान जैसे आपत्तिजनक खरपतवार बीज से मुक्ति विविधता की विशिष्टताओं के अनुसार अच्छा आकार, आकार, रंग आदि रखें उच्च शारीरिक सुदृढ़ता और वजन हो उच्च शारीरिक शक्ति और सहनशक्ति रखता है उच्च दीर्घायु और शेल्फ जीवन रखता है भंडारण के लिए नमी की मात्रा उपयुक्त होनी चाहिए दीर्घकालिक भंडारण: 8% और उससे कम अल्पावधि भंडारण: 10-13% उच्च बाजार मूल्य है बीज प्रकार विशेषताएँ आनुवंशिक शुद्धता टैग रंग न्यूक्लियस बीज ब्रीडर द्वारा उत्पादित किया गया है और यह आनुवंशिक रूप से 100% शुद्ध बीज है - ब्रीडर बीज ब्रीडर द्वारा न्यूक्लियस बीज से उत्पादित 100% ये एल ओउ संबंधित बीज प्रमाणीकरण एजेंसी की देखरेख में ब्रीडर बीज द्वारा उत्पादित फाउंडेशन बीज 99."
",What is एक समग्र?,""का परिप्रेक्ष्य वैज्ञानिक कृषि के लिए एक संयुक्त पहल किसानों",5% सफेद प्रमाणित बीज प्रमाणित बीज आधार बीज की संतान है और इसके उत्पादन की देखरेख और अनुमोदन प्रमाणन एजेंसी द्वारा किया जाता है। इस वर्ग का बीज सामान्यतः किसके द्वारा उत्पादित किया जाता है? प्रगतिशील उत्पादकों के खेतों पर राज्य और राष्ट्रीय बीज निगम और निजी बीज कंपनियाँ। यह व्यावसायिक बीज है जो उपलब्ध है किसान. 99.
",What is एक समग्र?,""का परिप्रेक्ष्य वैज्ञानिक कृषि के लिए एक संयुक्त पहल किसानों","0% अजर ब्लूसीड प्रकार और विशेषताएं Page 30 --- 22 फसलों की खेती के लिए सामान्य शर्तें बुनियादी कृषि पर किसान की पुस्तिका बीजोपचार बीज उपचार में विशिष्ट उत्पादों और विशेष का उपयोग होता है- बीज, पौध और युवा पौधों के विकास के माहौल को बेहतर बनाने के लिए सिफिक तकनीकें। इसमें बुनियादी ड्रेसिंग से लेकर कोटिंग और पेलेटिंग तक शामिल है। बीज ड्रेसिंग: यह सबसे आम तरीका है बीजोपचार का. बीज को या तो सूखे फॉर्मूलेशन से तैयार किया जाता है या गीले घोल या लिक्विड फॉर्मूलेशन से उपचारित किया जाता है।"
",What is एक समग्र?,""का परिप्रेक्ष्य वैज्ञानिक कृषि के लिए एक संयुक्त पहल किसानों",ड्रेसिंग को खेत और उद्योग दोनों जगह लगाया जा सकता है। कीटनाशकों को बीज में मिलाने के लिए कम लागत वाले मिट्टी के बर्तनों का उपयोग किया जा सकता है या बीज को पॉलिथीन शीट पर फैलाया जा सकता है। आवश्यक मात्रा में रसायन बीज पर छिड़का जा सकता है और किसानों द्वारा यंत्रवत् मिलाया जा सकता है। बीज कोटिंग: एक विशेष बाइंडर का उपयोग किसके लिए किया जाता है - बीज के प्रति आसंजन बढ़ाने के लिए म्यूलेशन।
",What is एक समग्र?,""का परिप्रेक्ष्य वैज्ञानिक कृषि के लिए एक संयुक्त पहल किसानों",बीज गोलीन: सबसे परिष्कृत बीज उपचार प्रौद्योगिकी दानेदार बनाने की क्षमता और प्रबंधन को बढ़ाने के लिए बीज के भौतिक आकार को बदल देती है। पेल-लेटिंग के लिए विशेष अनुप्रयोग मशीनरी और तकनीकों की आवश्यकता होती है और यह सबसे महंगा अनुप्रयोग है। किसान को निम्नलिखित बातों का ध्यान रखना होगा- बीज खरीदते समय कम दाम देना बीज खरीदते समय किसान को ध्यान देना चाहिए- एक बिल/कैश मेमो रखें जिसमें लॉट नंबर और सीड टैग नंबर का उल्लेख हो। बीज खरीदने के बाद खाली बैग/पैकेट (पाउच) एवं रसीद को सुरक्षित रखना चाहिए।
",What is एक समग्र?,""का परिप्रेक्ष्य वैज्ञानिक कृषि के लिए एक संयुक्त पहल किसानों","खरीदे गए बीज में से, खेत में बोने से पहले उनके अंकुरण का परीक्षण करने के लिए प्रत्येक खरीदी गई किस्म से 100 बीज लिए जाते हैं। अंकुरण प्रतिशत जानकर किसान खेत में बुआई करते समय बीज दर निर्धारित कर सकता है। बीज ड्रेसिंग छिले हुए प्याज के बीज विभिन्न फसलों के लिए बीज उपचार की सिफ़ारिश जारी. . . फसल का नाम कीट/रोग बीज उपचार टिप्पणियाँ गन्ने की जड़ सड़न, मुरझाना ट्राइकोडर्मा एसपीपी। 4-6 ग्राम/किग्रा बीज बीज ड्रेसिंग के लिए धातु बीज ड्रेसर/मिट्टी के बर्तन या पॉलिथीन बैग का उपयोग किया जाता है।"
",What is एक समग्र?,""का परिप्रेक्ष्य वैज्ञानिक कृषि के लिए एक संयुक्त पहल किसानों",धान की जड़ सड़न रोग अन्य कीड़े/कीट बैक्टीरियल शीथ ब्लाइट ट्राइकोडर्मा 5-10 ग्राम/किलो बीज (पहले)। रोपाई) स्यूडोमोनास फ्लोरेसेन्स 0. 5% डब्ल्यू. पी. 10 ग्राम/किग्रा. बीज ड्रेसिंग के लिए धातु बीज ड्रेसर/मिट्टी के बर्तन या पॉलिथीन बैग का उपयोग किया जाता है। Page 31 --- फसलों की खेती के लिए सामान्य शर्तें बुनियादी कृषि पर किसान की पुस्तिका 23विभिन्न फसलों के लिए बीजोपचार की अनुशंसा जारी. . . फसल का नाम कीट/रोग बीज उपचार टिप्पणियाँ मिर्च एन्थ्रेक्नोज एसपीपी।
",What is एक समग्र?,""का परिप्रेक्ष्य वैज्ञानिक कृषि के लिए एक संयुक्त पहल किसानों","भीगना मृदा जनित संक्रमण कवक रोग ट्राइकोडर्मा विराइड 4 ग्राम/किग्रा से जैसिड, एफिड, थ्रिप्स बीज उपचार ट्राइकोडर्मा विराइड 2 ग्राम/किग्रा. बीज और स्यूडोमोनास फ्लोरेसेन्स 10 ग्राम/किग्रा कैप-टैन मिट्टी के लिए 75 WS @ 1. 5 से 2. 5 ग्राम a. i. /लीटर भीगना. इमिडाक्लोप्रिड 70 डब्ल्यूएस @ 10-15 ग्राम ए. आई. /किग्रा बीज (कृषि विशेषज्ञ के मार्गदर्शन में उचित मात्रा में उपयोग किया जाना चाहिए) बीज ड्रेसिंग के लिए धातु बीज ड्रेसर/मिट्टी के बर्तन या पॉलिथीन बैग का उपयोग किया जाता है।"
",What is एक समग्र?,""का परिप्रेक्ष्य वैज्ञानिक कृषि के लिए एक संयुक्त पहल किसानों","अरहर का मुरझाना, झुलसा और जड़ सड़न ट्राइकोडर्मा एसपीपी। @ 4 ग्राम/किग्रा. बीज की ड्रेसिंग के लिए धातु के बीज ड्रेसर/मिट्टी के बर्तन या पॉलिथीन बैग का उपयोग किया जाता है। मटर की जड़ सड़न सफेद सड़न के साथ बीज उपचार 1. बैसिलस सबटिलिस 2. स्यूडोमोनास फ्लोरेसेंस मृदा अनुप्रयोग @ 2. 5 - 5 किग्रा प्रति 100 किग्रा एफवाईएम में बीज ड्रेसिंग के लिए धातु बीज ड्रेसर/मिट्टी के बर्तन या पॉलिथीन बैग का उपयोग किया जाता है।"
",What is एक समग्र?,""का परिप्रेक्ष्य वैज्ञानिक कृषि के लिए एक संयुक्त पहल किसानों","भिंडी रूट नॉट नेमाटोड पेसिलोमाइसेस लिलासिनस और स्यूडोमोनास बीज ड्रेसर के रूप में फ्लोरेसेंस 10 ग्राम/किलोग्राम। बीज ड्रेसर के लिए- आईएनजी धातु बीज ड्रेसर/पृथ्वी- अर्न बर्तन या पॉलिथीन बैग प्रयोग किये जाते हैं. टमाटर मृदा जनित कवक रोग का संक्रमण अगेती तुषार, डंपिंग ऑफ, विल्टटी। विरिडी @ 2 ग्राम/100 ग्राम बीज। स्यूडोमोनास फ्लोरोसेंस और वी. क्लैमिडो- बीज ड्रेसर के रूप में स्पोरियम 10 ग्राम/किग्रा. बीज ड्रेसिंग के लिए धातु बीज ड्रेसर/मिट्टी के बर्तन या पॉलिथीन बैग का उपयोग किया जाता है।"
",What is एक समग्र?,""का परिप्रेक्ष्य वैज्ञानिक कृषि के लिए एक संयुक्त पहल किसानों","सूरजमुखी के बीज का सड़ना जैसिड्स, व्हाइटफ्लाई ट्राइकोडर्मा विराइड @ 6 ग्राम/किग्रा बीज। इमिडाक्लोप्रिड 48एफएस @ 5-9 ग्राम ए. आई. प्रति किग्रा. बीज (कृषि विशेषज्ञ के मार्गदर्शन में उचित मात्रा में उपयोग किया जाना चाहिए) इमिडाक्लोप्रिड 70WS @ 7 ग्राम ए. आई. प्रति किग्रा. बीज (कृषि विशेषज्ञ के मार्गदर्शन में उचित मात्रा में उपयोग किया जाना चाहिए) बीज ड्रेसिंग के लिए धातु बीज ड्रेसर/मिट्टी के बर्तन या पॉलिथीन बैग का उपयोग किया जाता है।"
",What is एक समग्र?,""का परिप्रेक्ष्य वैज्ञानिक कृषि के लिए एक संयुक्त पहल किसानों","Page 32 --- 24 फसलों की खेती के लिए सामान्य शर्तें बुनियादी कृषि पर किसान की पुस्तिका 1. 8. फसल प्रणाली किसान अनेक फसलों की खेती का सहारा लेते हैं और विशेष फसल संयोजनों को घुमाएँ। अधिक भारत में 250 से अधिक फसल प्रणालियाँ अपनाई जा रही हैं, जिनमें से 30 फसल प्रणालियाँ अधिक प्रचलित हैं। कुछ महत्वपूर्ण फसल प्रणालियाँ हैं: 1. अनुक्रमिक फसल प्रणाली: एक फसल वर्ष के भीतर क्रम से फसलें उगाना, एक फसल की कटाई के बाद दूसरी फसल बोना। उदाहरण के लिए, चावल के बाद अरहर, अरहर के बाद गेहूं। 2."
",What is एक समग्र?,""का परिप्रेक्ष्य वैज्ञानिक कृषि के लिए एक संयुक्त पहल किसानों",अंतरफसल प्रणाली: एक ही क्षेत्र में निश्चित अनुपात और पैटर्न की पंक्तियों में एक से अधिक फसल उगाना। निम्नलिखित अंतरफसल प्रथाएँ भारत के मूंगफली उत्पादक राज्यों में लाभकारी पाया गया।
",What is एक समग्र?,""का परिप्रेक्ष्य वैज्ञानिक कृषि के लिए एक संयुक्त पहल किसानों","राज्य फसल संयोजन महाराष्ट्र मूंगफली + लाल चना (6:1/4:1) मूंगफली + सोयाबीन (6:2) मूंगफली + सूरजमुखी (6:2/3:1) गुजरात मूंगफली + अरंडी (9:2/3:1) मूंगफली + सूरजमुखी (3:1/2:1)मूंगफली + लाल चना (4:1)गली फसल एक कृषि वानिकी अभ्यास है जिसमें बारहमासी, पूर्व- आमतौर पर फलियां, पेड़ या झाड़ियाँ कृषि योग्य फसल के साथ-साथ उगाई जाती हैं। हेजरोज़ के रूप में प्रबंधित पेड़ों को चौड़ी पंक्तियों में उगाया जाता है और फसल को पेड़ों की पंक्तियों के बीच के अंतराल या 'गली' में लगाया जाता है।"
",What is एक समग्र?,""का परिप्रेक्ष्य वैज्ञानिक कृषि के लिए एक संयुक्त पहल किसानों","फसल चरण के दौरान, पेड़ों की छंटाई की जाती है। मिट्टी की कार्बनिक पदार्थ की स्थिति में सुधार करने और फसल को पोषक तत्व, विशेष रूप से नाइट्रोजन प्रदान करने के लिए प्रूनिंग का उपयोग फसल पर हरी खाद या गीली घास के रूप में किया जाता है। एक। मौसम आधारित फसल प्रणाली मैं. ख़रीफ़ चावल आधारित फसल प्रणाली द्वितीय. ख़रीफ़ मक्का आधारित फसल प्रणालीiii. ख़रीफ़ ज्वार आधारित फसल प्रणालीiv. ख़रीफ़ बाजरा आधारित फसल प्रणालीv. ख़रीफ़ मूंगफली आधारित फसल प्रणालीvi. शीतकालीन गेहूं और चना आधारित फसल पिंग प्रणालीvii।"
",What is एक समग्र?,""का परिप्रेक्ष्य वैज्ञानिक कृषि के लिए एक संयुक्त पहल किसानों","रबी ज्वार आधारित फसल प्रणाली बी. मिश्रित फसल एकल फसल के जोखिम और अनिश्चितता को कम करने और टिकाऊ उपज और आय पाने के लिए, किसानों को मिश्रित फसल बोने की सलाह दी जाती है। एली क्रॉपिंग और सिल्वीपाश्चर मिश्रित फसल अनाज + फलियाँ Page 33 --- फसलों की खेती के लिए सामान्य शर्तें बुनियादी कृषि पर किसान की पुस्तिका 25एकीकृत कृषि प्रणाली (आईएफएस) देश की बढ़ती आबादी का पेट भरने के लिए, व्यापक फसल प्रणाली सघन फसल को रास्ता देती है जो प्राकृतिक संसाधनों का दोहन कर रही है।"
",What is एक समग्र?,""का परिप्रेक्ष्य वैज्ञानिक कृषि के लिए एक संयुक्त पहल किसानों","इसलिए भविष्य में कुशल प्राकृतिक संसाधन प्रबंधन और टिकाऊ उत्पादन प्रणाली पर अधिक जोर दिया जाएगा। इसमें एक पशु घटक, एक बारहमासी और वार्षिक फसल घटक, जलीय संस्कृति, कृषि आधारित उत्पादन और प्रसंस्करण इकाइयाँ शामिल हैं।"
",What is एक समग्र?,""का परिप्रेक्ष्य वैज्ञानिक कृषि के लिए एक संयुक्त पहल किसानों",एकीकृत कृषि प्रणाली में आम तौर पर शामिल हैं: पशु घटक सहित कई उद्यम योजना उपलब्ध संसाधन पर आधारित है यह पूरी तरह से स्थान विशिष्ट/किसान/धारक विशिष्ट गतिविधि योजना है बहुत उच्च संसाधन उपयोग दक्षता टिकाऊ खेती आईएफएस के उद्देश्य उत्पादों की सराहना करना और उनका अधिकतम उपयोग करना परिवार के सभी सदस्यों को उपयोगी रोजगार उपलब्ध कराना भूमि उपयोग को अधिकतम करना मूल्य संवर्धन • आत्मनिर्भरता बाहरी संसाधनों पर कम निर्भरता आईएफएस में फसल उत्पादन खाद्य फसल को जगह मिलनी चाहिए पारिवारिक भोजन की आवश्यकता की योजना बनाई जानी चाहिए पशु घटक की मांग को पूरा करने के लिए चारा उत्पादन विशिष्ट उद्यम आधारित फसलें; जैसे शहतूत/सूरजमुखी शहद से जुड़ा हुआ है बुनियादी ढांचे पर आधारित फसल परिवार के सदस्यों को पर्याप्त रोजगार IFS में पशु घटक एक या अधिक पशु घटकों या पशु घटकों के संयोजन की योजना बनाई जा सकती है मानार्थ उद्यमों की पहचान की जानी चाहिए कंपोस्टिंग पशु और फसल उद्यमों के बीच का इंटरफ़ेस होना चाहिए बाजार पर पहले से विचार किया जाना चाहिए आवश्यकता आधारित मांग आधारित उद्यमों को प्राथमिकता दी जानी चाहिए IFS में संसाधन का आवंटन उपलब्ध और आवश्यक संसाधनों की सूची बनाएं कमी के आधार पर संसाधनों को प्राथमिकता दें आर्थिक प्रभाव और स्थिरता के आधार पर संसाधन की मांग को प्राथमिकता दी जाएगी फार्म पर उपलब्ध संसाधनों को सबसे महत्वपूर्ण गतिविधि के लिए आवंटित किया जाना चाहिए संसाधनों के पुनर्चक्रण की योजना बनाई जानी चाहिए संसाधन आधारित आकस्मिक योजना पहले से तैयार की जानी चाहिए।
",What is एक समग्र?,""का परिप्रेक्ष्य वैज्ञानिक कृषि के लिए एक संयुक्त पहल किसानों","यह संकट की स्थिति में सुरक्षा और टिकाऊ विकल्प के रूप में काम करेगा आईएफएस - बत्तख और मछली पालन सिंचाई चारा खाद प्रवाहफसलें, टी रीज़, झाड़ियाँ पशुधन परिवार बायोडाइजेस्टरतालाब Page 34 --- 26 फसलों की खेती के लिए सामान्य शर्तें बुनियादी कृषि पर किसान की पुस्तिका 1. 9. मशीनीकरण कृषि के आधुनिकीकरण के लिए अनुमोदन की आवश्यकता है- समय पर क्षेत्र सुनिश्चित करने के लिए प्रियेट मशीनरी संचालन, कृषि निवेशों का प्रभावी अनुप्रयोग और कृषि में कठिन परिश्रम को कम करना।"
",What is एक समग्र?,""का परिप्रेक्ष्य वैज्ञानिक कृषि के लिए एक संयुक्त पहल किसानों",मशीनीकरण के लाभ फसल गहनता बढ़ाएँ बड़े क्षेत्र की कवरेज और समयबद्धता सुनिश्चित करें कृषि श्रम उत्पादकता में वृद्धि फसल उत्पादकता और लाभप्रदता बढ़ाता है मशीनीकरण में पहला कदम अच्छे व्यावहारिक प्रशिक्षण प्राप्त करें निर्माता की जानकारी पढ़ें रख-रखाव पर ध्यान दें उपयोग किए गए उपकरणों और मशीनरी के संबंध में क्या करें और क्या न करें को समझें निर्माण सूचना पुस्तिका में दी गई सुरक्षा युक्तियों का पालन करने में अत्यधिक सावधानी बरतें।
",What is एक समग्र?,""का परिप्रेक्ष्य वैज्ञानिक कृषि के लिए एक संयुक्त पहल किसानों","कृषि मशीनरी का चयन होल्डिंग आकार के आधार पर चयन करें आर्थिक व्यवहार्यता संचालन के लिए कुशल श्रमिकों की उपलब्धता किराए पर लेने बनाम स्वामित्व रखने की व्यवहार्यता पर काम करें जब कई फसलें उगाई जाती हैं तो सार्वभौमिक उपकरण बनाम फसल विशिष्ट उपकरण के बीच निर्णय लें यदि प्रारंभिक निवेश बहुत बड़ा है, तो सामुदायिक स्वामित्व/कस्टम किराया केंद्र आदि के बारे में सोचें।"
",What is एक समग्र?,""का परिप्रेक्ष्य वैज्ञानिक कृषि के लिए एक संयुक्त पहल किसानों","कृषि यंत्रीकरण के लाभ लाभ मूल्य, % बीज में बचत 15-20 उर्वरक में बचत 15-20 समय की बचत 20-30 मजदूरों में कमी 20-30 फसल सघनता में 5-20 की वृद्धि उच्च उत्पादकता 10-15 खेती के कठिन परिश्रम में पर्याप्त कमी श्रमिक विशेषकर महिलाएँ लकड़ी का प्लंक लेजर गाइडेड लैंड लेवलर बैल चालित देशी हल ट्रैक्टर चालित डिस्क प्लॉफार्म मशीनीकरण क्षमता का क्षेत्र संचालन भूमि की तैयारी Page 35 --- फसलों की खेती के लिए सामान्य शर्तें बुनियादी कृषि पर किसान की पुस्तिका 27 बीज उपचार ड्रम ट्रैक्टर चालित CRIDA 9 पंक्ति प्लान्टर CRIDA 2 पंक्ति प्लान्टर एसआरआई के लिए वाई अंजी ट्रांसप्लांटर का संचालन क्षेत्र अंतर-खेती उपकरण पहिया कुदाल निराई-गुड़ाई की लागत 50% तक कम हो जाती है ग्रबर वीडर शुरुआती चरणों में 60% तक की लागत बचत संभव है फसल की वृद्धि."
",What is एक समग्र?,""का परिप्रेक्ष्य वैज्ञानिक कृषि के लिए एक संयुक्त पहल किसानों",कोनो वीडर आर्द्रभूमि धान की खेती के तहत निराई-गुड़ाई ट्रैक्टर-चलित कपास वीडर बी. डी.
",What is एक समग्र?,""का परिप्रेक्ष्य वैज्ञानिक कृषि के लिए एक संयुक्त पहल किसानों",3 टाइन कल्टीवेटरबीजिंग और रोपण मशीनरी Page 36 --- 28 फसलों की खेती के लिए सामान्य शर्तें बुनियादी कृषि पर किसान की पुस्तिका पौध संरक्षण उपकरण नैपसैक पावर स्प्रेयर वृक्ष स्प्रेयर ब्लोअर स्प्रेयर पावर टिलर माउंटेड स्प्रेयर कटाई के उपकरण ऑस्टॉफ्ट चॉपर हार्वेस्टर नारियल के पेड़ पर चढ़ने वाला मूंगफली खोदने वाला केले का झुरमुट हटानेवाला कपास डंठल खींचने वाला यंत्र • नारियल चुनने के लिए उपयोग किया जाता है ऊपर चढ़ने और उतरने में लगने वाला औसत समय लगभग होता है 13 मीटर के पेड़ के लिए 6.
",What is एक समग्र?,""का परिप्रेक्ष्य वैज्ञानिक कृषि के लिए एक संयुक्त पहल किसानों",30 मिनट और पेड़ पर उपकरण लगाने और हटाने का समय 4 मिनट है। Page 37 --- फसलों की खेती के लिए सामान्य शर्तें बुनियादी कृषि पर किसान की पुस्तिका 29 कैस्टर शेलर मूंगफली की फली स्ट्रिपर थ्रेशिंग उपकरण बीज क्लीनर विनोइंग फैन विनोइंग और क्लियरिंग उपकरण Page 38 --- 30 फसलों की खेती के लिए सामान्य शर्तें बुनियादी कृषि पर किसान की पुस्तिका 1. 10.
",What is एक समग्र?,""का परिप्रेक्ष्य वैज्ञानिक कृषि के लिए एक संयुक्त पहल किसानों","अच्छी कृषि पद्धतियाँ (जीएपी) अच्छी कृषि पद्धतियाँ (जीएपी) """"अभ्यास"""" हैं ऐसी बातें जो पर्यावरण, आर्थिक और को संबोधित करती हैं कृषि प्रक्रियाओं के लिए सामाजिक स्थिरता, और कौन सा परिणामस्वरूप सुरक्षित और गुणवत्तापूर्ण भोजन और गैर-खाद्य कृषि उत्पाद प्राप्त होंगे। '' GAP कोड, मानक और क्या हैं? नियम?"
",What is एक समग्र?,""का परिप्रेक्ष्य वैज्ञानिक कृषि के लिए एक संयुक्त पहल किसानों","अच्छी कृषि पद्धतियाँ (जीएपी) कोड, स्टैंड- नियम और विनियम ऐसे दिशानिर्देश हैं जिन्हें हाल के वर्षों में खाद्य उद्योग, उत्पादक संगठनों, सरकारों और गैर सरकारी संगठनों द्वारा विकसित किया गया है, जिसका उद्देश्य विभिन्न वस्तुओं के लिए कृषि स्तर पर कृषि प्रथाओं को संहिताबद्ध करना है। GAP कोड, मानक और क्यों करते हैं नियम मौजूद हैं? ये GAP कोड, प्रोग्राम या मानक मौजूद हैं के कारण: दुनिया भर में भोजन की गुणवत्ता और सुरक्षा को लेकर बढ़ती चिंताएँ। व्यापार और सरकारी नियामक आवश्यकताओं की पूर्ति।"
",What is एक समग्र?,""का परिप्रेक्ष्य वैज्ञानिक कृषि के लिए एक संयुक्त पहल किसानों","विशेष रूप से आला मार्च के लिए विशिष्ट आवश्यकताएँ - केट्स. उद्देश्य खाद्य श्रृंखला में उपज की सुरक्षा और गुणवत्ता सुनिश्चित करना। आपूर्ति श्रृंखला प्रशासन को संशोधित करके नए बाजार लाभ प्राप्त करना। विकासशील देशों में किसानों और निर्यातकों के लिए नए बाजार के अवसर पैदा करने के लिए उपयोग किए गए प्राकृतिक संसाधनों, श्रमिकों के स्वास्थ्य और कामकाजी परिस्थितियों में सुधार करना। GAP कोड के लाभ भोजन की गुणवत्ता और सुरक्षा सुधार सहित कई मानक और नियम हैं। बाज़ार पहुंच की सुविधा।"
",What is एक समग्र?,""का परिप्रेक्ष्य वैज्ञानिक कृषि के लिए एक संयुक्त पहल किसानों","अनुमत कीटनाशकों, अधिकतम अवशेष सीमा (एमआरएल) और अन्य संदूषण खतरों के संबंध में गैर-अनुपालन जोखिमों में कमी। फसल सुरक्षा से संबंधित जी. ए. पी प्रतिरोधी किस्मों और किस्मों का उपयोग करें। फसल अनुक्रम, संघ और सांस्कृतिक प्रथाएँ। कीटों और बीमारियों की जैविक रोकथाम। सभी फसलों के कीटों और रोगों तथा लाभकारी जीवों के बीच संतुलन की स्थिति का नियमित और मात्रात्मक मूल्यांकन बनाए रखें। जहां और जब लागू हो, जैविक नियंत्रण प्रथाओं को अपनाएं। जहां उपलब्ध हो वहां कीट और रोग पूर्वानुमान तकनीक लागू करें।"
",What is एक समग्र?,""का परिप्रेक्ष्य वैज्ञानिक कृषि के लिए एक संयुक्त पहल किसानों","सभी संभावित तरीकों और कृषि उत्पादकता तथा पर्यावरणीय प्रभावों पर उनके अल्पकालिक और दीर्घकालिक प्रभावों पर विचार करते हुए हस्तक्षेप निर्धारित करें। यह विशेष रूप से एकीकृत कीट प्रबंधन (आईपीएम) को बढ़ावा देने के लिए कृषि रसायनों को कम करने की अनुमति देगा। व्यक्तिगत फसलों, दरों, समय और फसल-पूर्व अंतराल के लिए पंजीकरण की कानूनी आवश्यकताओं के अनुसार कृषि रसायनों का भंडारण और उपयोग करें सुनिश्चित करें कि कृषि रसायनों का उपयोग केवल विशेष रूप से प्रशिक्षित और जानकार व्यक्तियों द्वारा ही किया जाए।"
",What is एक समग्र?,""का परिप्रेक्ष्य वैज्ञानिक कृषि के लिए एक संयुक्त पहल किसानों",सुनिश्चित करें कि कृषि रसायनों के प्रबंधन और अनुप्रयोग के लिए उपयोग किए जाने वाले उपकरण स्थापित सुरक्षा और रखरखाव मानकों का अनुपालन करते हैं। कृषि रसायन उपयोग का सटीक रिकॉर्ड बनाए रखें। प्रत्येक सुरक्षा पद्धति में GAP की पहचान करें। फसल चक्र प्रणाली कीट मेजबान संबंध का चयन करके फसलों को अनुक्रमित करें। कीट के जीवन चक्र को तोड़ने के लिए चक्रण के लिए फसल का चयन करें (स्ट्राइगा खरपतवार से निपटने के लिए ज्वार को दालों के साथ चक्रित करना चाहिए)।
",What is एक समग्र?,""का परिप्रेक्ष्य वैज्ञानिक कृषि के लिए एक संयुक्त पहल किसानों",चक्रण के लिए चयनित फसल पिछली फसल के कीटों का भोजन नहीं होनी चाहिए। चक्रण के लिए उपयुक्त फसलों का चयन करना: कीट आवास का विश्लेषण करें पूर्वानुमानों का पालन करें कीटों और प्राकृतिक शत्रुओं की निगरानी करें विशेषाधिकार प्रतिरोधी प्रजातियाँ पौधों की ऐसी किस्मों की खेती करें जिनमें कीटों के हमले का खतरा कम हो। प्रतिरोधी किस्में उत्पादन लागत को कम करती हैं। विशिष्ट कीटों के लिए विकसित कीट प्रतिरोधी ट्रांसजेनिक फसलों का उपयोग किया जा सकता है। कीटनाशकों के बोझ को कम करने का यह नया तरीका है।
",What is एक समग्र?,""का परिप्रेक्ष्य वैज्ञानिक कृषि के लिए एक संयुक्त पहल किसानों",Page 39 --- फसलों की खेती के लिए सामान्य शर्तें बुनियादी कृषि पर किसान की पुस्तिका 31सीडिंग तकनीक प्लेसमेंट की गहराई प्लेसमेंट का तरीका प्लेसमेंट का समय बीज उपचार कीट प्रकृति के आधार पर उपरोक्त का प्रबंधन करना होगा अच्छे परिणाम दो उपयोगी पशुओं को बढ़ावा दें शिकारी आबादी अच्छी रखें। लाभकारी कीड़ों की वृद्धि को बढ़ावा देना। शिकारियों के लिए अनुकूल वातावरण बनाएं; जैसे खेत में पक्षियों का बसेरा रखना। आवश्यक वातावरण प्रदान करने के लिए उपयोगी जानवरों की पहचान करें और उनके आवास का अध्ययन करें।
",What is एक समग्र?,""का परिप्रेक्ष्य वैज्ञानिक कृषि के लिए एक संयुक्त पहल किसानों",जनसंख्या का निरीक्षण एवं नियंत्रण करें पूर्वानुमान का पालन करें-अल्पकालिक और दीर्घकालिक। कीटों के निवास स्थान और अनुकूल मौसम का अध्ययन करें। तदनुसार कीट प्रबंधन के लिए आवश्यक सावधानियां बरतें। मैकेनिकल और बायोलॉजिकल को प्राथमिकता दें उपाय (रासायनिक के बजाय) वानस्पतिक पेस्टी के बारे में पूरी जानकारी प्राप्त करें- cides. उपलब्ध परजीवियों और शिकारी/मित्र कीड़ों और कीटों के बारे में जानकारी प्राप्त करें। तदनुसार यांत्रिक और जैविक उपायों के लिए कार्य योजना विकसित करें।
",What is एक समग्र?,""का परिप्रेक्ष्य वैज्ञानिक कृषि के लिए एक संयुक्त पहल किसानों","गैर-नकद इनपुट का उपयोग करें: पैसे बचाता है। पौधों की सुरक्षा पर जानकारी का उपयोग करें: स्थानिक और अस्थायी वितरण और प्रवृत्ति विश्लेषण का विश्लेषण करें। लेने के माध्यम से प्रदर्शन की निगरानी प्रत्येक वर्ष/सीज़न के नोट्स। मौसम, मौसम और अन्य कृषि गतिविधियों के साथ-साथ कीट प्रबंधन का रिकॉर्ड भी रखें। कीट भार और प्राप्त नियंत्रण का दस्तावेजीकरण करें इस अनुभव का उपयोग भविष्य की योजना बनाने के लिए करें।"
",What is एक समग्र?,""का परिप्रेक्ष्य वैज्ञानिक कृषि के लिए एक संयुक्त पहल किसानों",परिशुद्धता खेती: परिशुद्धता खेती मॉड का उपयोग करें- मितव्ययिता और प्रभावी निगरानी के लिए नियम और सूचना प्रौद्योगिकी (आईटी) लागू करें। अच्छी कृषि पद्धतियाँ किसानों को बनाने में मदद करती हैं अपने उत्पादों को बेचने और बेहतर कृषि लाभ प्राप्त करने के लिए अंतर्राष्ट्रीय बाजारों में उपलब्ध अवसरों का उपयोग करें। 1. 10। सबक सीखा 1.
",What is एक समग्र?,""का परिप्रेक्ष्य वैज्ञानिक कृषि के लिए एक संयुक्त पहल किसानों","फसलों और फसल पैटर्न को तय करते समय विचार किए जाने वाले महत्वपूर्ण कारकों में जलवायु कारक, मिट्टी संरक्षण, पानी, फसल प्रणाली विकल्प, किसानों के अतीत और वर्तमान अनुभव, अपेक्षित लाभ और जोखिम, भूमि जोत, श्रम उपलब्धता, मशीनीकरण क्षमता प्रौद्योगिकी उपलब्धता और उपयुक्तता, बाजार नीतियों और योजनाओं की मांग और उपलब्धता, सार्वजनिक और निजी विस्तार प्रभाव, कृषि ऋण और पोस्ट हार सहित आवश्यक कृषि इनपुट की उपलब्धता शामिल हैं। बनियान भंडारण और प्रसंस्करण प्रौद्योगिकियाँ। 2."
",What is एक समग्र?,""का परिप्रेक्ष्य वैज्ञानिक कृषि के लिए एक संयुक्त पहल किसानों","विभिन्न अनुशंसित प्रथाओं के माध्यम से मिट्टी, पानी और हवा के कटाव को नियंत्रित किया जा सकता है। 3. सिंचाई की विधि उपलब्ध पानी की मात्रा और उगाई जाने वाली फसल को ध्यान में रखते हुए तय की जानी चाहिए। 4. अनुशंसित प्रमाणित बीजों का उपयोग किया जा सकता है। 5. मशीनीकरण कृषि कार्यों की गुणवत्ता बढ़ाता है और लागत और श्रम पर निर्भरता को कम करता है। 6. उपज की कीमत और बाजार प्रतिस्पर्धात्मकता बढ़ाने के लिए अच्छी कृषि पद्धतियों (जीएपी) को आवश्यक माना जा सकता है।"
",What is एक समग्र?,""का परिप्रेक्ष्य वैज्ञानिक कृषि के लिए एक संयुक्त पहल किसानों","Page 41 --- मिट्टी और पौधों का पोषण बुनियादी कृषि पर किसान की पुस्तिका 332. 1. सत्र के उद्देश्य मिट्टी, इसकी संरचना, भौतिक, रासायनिक और जैव- के बारे में जागरूकता और समझ बढ़ाना। तार्किक गुण और मिट्टी की उर्वरता। आर्थिक और पर्यावरण के अनुकूल टिकाऊ तरीके से मिट्टी की उर्वरता का प्रबंधन करने के लिए किसान के ज्ञान को मजबूत करना। 2. 2."
",What is एक समग्र?,""का परिप्रेक्ष्य वैज्ञानिक कृषि के लिए एक संयुक्त पहल किसानों","सत्र के अंत में हम क्या जानते हैं मिट्टी की संरचना मिट्टी की भौतिक, रासायनिक और जैविक विशेषताएं मृदा परीक्षण पौधों के पोषण की आवश्यकता जैविक एवं अकार्बनिक उर्वरक कुशल, आर्थिक और टिकाऊ उत्पादन2 के लिए एकीकृत पोषक तत्व प्रबंधन (आईएनएम)। मिट्टी और पौधों का पोषण अपनी मिट्टी को जानें 2. 3. मृदा क्या है? मिट्टी पृथ्वी की पपड़ी की एक पतली परत है, जो पौधों की वृद्धि के लिए प्राकृतिक माध्यम के रूप में कार्य करती है। चट्टानें मूल सामग्रियों के लिए महत्वपूर्ण स्रोत हैं जिन पर मिट्टी का विकास होता है।"
",What is एक समग्र?,""का परिप्रेक्ष्य वैज्ञानिक कृषि के लिए एक संयुक्त पहल किसानों","मिट्टी के घटक मिट्टी खनिजों से बनी एक गतिशील माध्यम है, या - गैनिक पदार्थ, जल, वायु और जीवित प्राणी जिनमें बैक्टीरिया और केंचुए शामिल हैं। इसका गठन 5 प्रमुख भौतिक कारकों के कारण हुआ और यह हमेशा के लिए बदल रहा है: मूल सामग्री, समय, जलवायु, या - गनिज़्म मौजूद और स्थलाकृति। जिस तरह से हम मिट्टी का प्रबंधन करते हैं यह मिट्टी के चरित्र को प्रभावित करने वाला एक अन्य प्रमुख कारक है।"
",What is एक समग्र?,""का परिप्रेक्ष्य वैज्ञानिक कृषि के लिए एक संयुक्त पहल किसानों","मिट्टी की विशेषताएं, गुण और उनका महत्व- अंश मिट्टी के घटक मिट्टी की विशेषताएं और गुणचट्टानें, मूल सामग्री 25% वायु का स्रोत 25% पानी 5% OM45% खनिज Page 42 --- 34 मिट्टी और पौधों का पोषण बुनियादी कृषि पर किसान की पुस्तिका मिट्टी का रंग गहरा रंग आमतौर पर मध्यम से उच्च का संकेत देता है कार्बनिक पदार्थ की अधिक मात्रा के कारण प्रजनन क्षमता। इन मिट्टी में आमतौर पर उच्च मात्रा में पोषक तत्व, अच्छी जल धारण क्षमता और संरचना होती है और ये अच्छी तरह हवादार होती हैं।"
",What is एक समग्र?,""का परिप्रेक्ष्य वैज्ञानिक कृषि के लिए एक संयुक्त पहल किसानों","हल्का रंग मध्यम से निम्न प्रजनन क्षमता का संकेत देता है। इन मिट्टी में लीचिंग की समस्या हो सकती है (पानी कार्बनिक पदार्थों और अन्य पोषक तत्वों को तेजी से नीचे की ओर ले जाता है)। मिट्टी की गहराई मिट्टी की वह गहराई जिसमें पौधे की जड़ें पानी और पोषक तत्वों तक पहुंचने के लिए आसानी से प्रवेश कर सकती हैं। न्यूनतम 3-5 फीट वांछनीय है, गहरी मिट्टी बेहतर होती है क्योंकि वे अधिक पोषक तत्व और पानी धारण कर सकती हैं।"
",What is एक समग्र?,""का परिप्रेक्ष्य वैज्ञानिक कृषि के लिए एक संयुक्त पहल किसानों","मिट्टी की बनावट बनावट से तात्पर्य खननकर्ता के सापेक्ष अनुपात से है - मिट्टी में अल कण (रेत, गाद और मिट्टी)। अनेक मिट्टी के गुण; जैसे जल निकासी, जल धारण क्षमता, वातन और पोषक तत्वों की उपलब्धता; काफी हद तक मिट्टी की बनावट पर निर्भर करते हैं। सैंडी: कम उर्वरता और जल धारण क्षमता लेकिन अच्छा वातन। दोमट: मध्यम उर्वरता और अच्छा वातन। क्लेय: उच्च प्रजनन क्षमता और खराब वातन, कठोर हल चलाना. किसान काम में आसानी को दर्शाते हुए अपनी मिट्टी को भारी या हल्की बता सकते हैं।"
",What is एक समग्र?,""का परिप्रेक्ष्य वैज्ञानिक कृषि के लिए एक संयुक्त पहल किसानों","भारी मिट्टी की जुताई आमतौर पर कठिन होती है और हल्की मिट्टी की तुलना में अधिक प्रयास की आवश्यकता होती है। मिट्टी की बनावट में सुधार के लिए कार्बनिक पदार्थ मिलाया जा सकता है। मिट्टी मिट्टी की गहराई मिट्टी के घटक Page 43 --- मिट्टी और पौधों का पोषण बुनियादी कृषि पर किसान की पुस्तिका 35मिट्टी पीएच पौधों की वृद्धि में मिट्टी का पीएच अत्यंत महत्वपूर्ण है क्योंकि यह पोषक तत्वों की उपलब्धता, विषाक्तता और मिट्टी के जीवों की गतिविधि को प्रभावित करता है।"
",What is एक समग्र?,""का परिप्रेक्ष्य वैज्ञानिक कृषि के लिए एक संयुक्त पहल किसानों","मिट्टी पीएच प्रबंधन के लिए युक्तियाँ अम्लीय मिट्टी को चूने का उपयोग करके ठीक किया जाना चाहिए, चूने के उपयोग की मात्रा मिट्टी परीक्षण रिपोर्ट के अनुसार है। क्षारीय मिट्टी को जिप्सम/सल्फर द्वारा ठीक किया जाना चाहिए, आवेदन की मात्रा मिट्टी परीक्षण रिपोर्ट के अनुसार है। लवणीय-क्षारीय मिट्टी को जिप्सम से उपचारित किया जाना चाहिए और जल निकासी में सुधार किया जाना चाहिए। मृदा कार्बनिक पदार्थ मृदा कार्बनिक पदार्थ क्षय के विभिन्न चरणों में पौधे और पशु पदार्थ का मिश्रण है।"
",What is एक समग्र?,""का परिप्रेक्ष्य वैज्ञानिक कृषि के लिए एक संयुक्त पहल किसानों","मिट्टी के जैविक पदार्थ मिट्टी में जैविक, भौतिक और रासायनिक कार्यों में महत्वपूर्ण भूमिका निभाते हैं।"
",What is एक समग्र?,""का परिप्रेक्ष्य वैज्ञानिक कृषि के लिए एक संयुक्त पहल किसानों",मृदा कार्बनिक पदार्थ मदद करता है: मृदा जीवों के लिए पोषक तत्व प्रदान करना पौधों के पोषक तत्वों के प्रमुख भंडार के रूप में कार्य करना मिट्टी और पौधों की जड़ के बीच पोषक तत्वों के आदान-प्रदान को आसान बनाना मिट्टी की संरचना में सुधार मिट्टी के तापमान को प्रभावित करना मिट्टी के कटाव के खतरे को कम करना जल धारण क्षमता बढ़ाना मृदा कार्बनिक पदार्थ में सुधार किया जा सकता है के माध्यम से: फसल अवशेषों को वापस खेत में पुनर्चक्रित करना बिना बर्बाद और जलाए खाद डालना 11 1 1 1 1 2. 2 4 6.
",What is एक समग्र?,""का परिप्रेक्ष्य वैज्ञानिक कृषि के लिए एक संयुक्त पहल किसानों",7 20 h=क्षैतिज दूरी5 प्रतिशत 308. 50 v - लंबवत उत्थानभूमि सतह 15 प्रतिशत हल्की से मध्यम ढलानें लगभग सपाट से बहुत हल्की ढलानें25 प्रतिशत45 प्रतिशत भूमि ढलान पीएच रेंज मृदा प्रतिक्रिया रेटिंग <4. 6 अत्यधिक अम्लीय 4. 6-5. 5 तीव्र अम्ल 5. 6-6. 5 मध्यम अम्लीय 6. 6-6. 9 थोड़ा अम्लीय 7. 0 तटस्थ 7. 1-8. 5 मध्यम क्षारीय >8. 5 अत्यधिक क्षारीय अम्ल पीएच 07 1407 14H+OH- एसिड pH तटस्थ पीएच 07 14H+ OH- मूल पीएच 07 1407 14H+बेसिक पीएच भूमि ढलान मृदा ढाल मिट्टी से मिट्टी की सतह के झुकाव का कोण है।
",What is एक समग्र?,""का परिप्रेक्ष्य वैज्ञानिक कृषि के लिए एक संयुक्त पहल किसानों","इसे प्रतिशत में व्यक्त किया जाता है, जो क्षैतिज दूरी से 100 फीट में पैरों के उठने या गिरने की संख्या है। 1% तक की हल्की ढलान वांछनीय है। उच्च ग्रेडिएंट वांछनीय नहीं हैं क्योंकि इससे मिट्टी और पानी का क्षरण होता है। पूर्ण समतलीकरण की आवश्यकता केवल धान की फसल के लिए होती है। Page 44 --- 36 मिट्टी और पौधों का पोषण बुनियादी कृषि पर किसान की पुस्तिका तीव्र अम्लमध्यम अम्लथोड़ा सा अम्लबहुत थोड़ा अम्लबहुत थोड़ा क्षारीयथोड़ा क्षारीयमध्यम क्षारीय दृढ़ता से क्षारीय 4. 0 4. 5 5. 0 5. 5 6. 0 6. 5 7. 0 7."
",What is एक समग्र?,""का परिप्रेक्ष्य वैज्ञानिक कृषि के लिए एक संयुक्त पहल किसानों","5 8. 0 8. 5 9. 0 9. 5 10नाइट्रोजन फॉस्फोरसपोटेशियम सल्फर कैल्शियममैग्नीशियम लोहा मैंगनीज बोरोन तांबा और जस्ता मोलिब्डेनम विभिन्न जैविक खादों का प्रयोग जैविक कचरे को मल्चिंग करना हरी खाद और कवर फसलों का उपयोग करना उपयुक्त फसल चक्र मिट्टी की जुताई कम करना मिट्टी के कटाव को रोकना कार्बन-नाइट्रोजन अनुपात (सी:एन अनुपात) कार्बनिक पदार्थों में रासायनिक तत्व होते हैं, जो अत्यंत महत्वपूर्ण हैं, विशेषकर एक दूसरे से उनके संबंध या अनुपात में। वे कार हैं - बॉन और नाइट्रोजन."
",What is एक समग्र?,""का परिप्रेक्ष्य वैज्ञानिक कृषि के लिए एक संयुक्त पहल किसानों","रिश्ते को कार कहते हैं - बॉन - नाइट्रोजन अनुपात (सी:एन अनुपात)। उदाहरण के लिए, मिश्रित खाद में 20:1 और चूरा में 400:1 कार्बन और नाइट्रोजन होता है। सामान्यतया, फलियों में नाइट्रोजन की मात्रा सबसे अधिक होती है और इनका C:N अनुपात कम होता है, जो अत्यधिक वांछनीय है। किसान रक्त भोजन, अस्थि भोजन, पोल्ट्री खाद, बिनौला भोजन और सोयाबीन भोजन और अन्य नाइट्रोजन युक्त सामग्री का उपयोग कार्बनिक पदार्थ के रूप में कर सकते हैं, जो डीकॉम-स्थिति को बढ़ाते हैं।"
",What is एक समग्र?,""का परिप्रेक्ष्य वैज्ञानिक कृषि के लिए एक संयुक्त पहल किसानों","विद्युत चालकता (ईसी): ईसी को सामान्यतः माना जाता है- इसे किसी घोल में घुले हुए लवणों का माप माना जाता है। ईसी मूल्यों की सामान्य व्याख्या जिप्सम के प्रयोग से लवणीय/क्षारीय मिट्टी में सुधार किया जा सकता है। लगाई जाने वाली जिप्सम की मात्रा ईसी वैल्यू से तय होती है। जिन किसानों को लवणीय/क्षारीय मिट्टी की समस्या है, वे मृदा परीक्षण करा सकते हैं और आगे के मार्गदर्शन के लिए विस्तार अधिकारियों से संपर्क कर सकते हैं।"
",What is एक समग्र?,""का परिप्रेक्ष्य वैज्ञानिक कृषि के लिए एक संयुक्त पहल किसानों","मिट्टी की उर्वरता मिट्टी की उर्वरता को आम तौर पर """"पौधों को पोषक तत्व प्रदान करने की मिट्टी की क्षमता"""" के रूप में परिभाषित किया जाता है। मिट्टी की संरचना, मिट्टी की बनावट, तापमान, पानी, प्रकाश और हवा भी मिट्टी की उर्वरता बनाए रखने में महत्वपूर्ण भूमिका निभाते हैं। पौधों के पोषक तत्व जो अक्सर मिट्टी में दुर्लभ होते हैं वे नाइट्रोजन, पोटेशियम और फास्फोरस हैं क्योंकि पौधे अपनी वृद्धि और अस्तित्व के लिए बड़ी मात्रा में उपयोग करते हैं।"
",What is एक समग्र?,""का परिप्रेक्ष्य वैज्ञानिक कृषि के लिए एक संयुक्त पहल किसानों","महत्वपूर्ण पोषक तत्व, उनके कार्य और कमी के लक्षण नीचे वर्णित हैं। पोषक तत्वों की उपलब्धता पर मिट्टी के पीएच का प्रभाव मृदा EC(mS/cm)फसल प्रतिक्रिया अधिक संवेदनशील फसलों को छोड़कर, नमक रहित 0 - 2 लवणता प्रभाव नगण्य है थोड़ा खारा4 - 8 कई फसलों की पैदावार प्रतिबंधित मध्यम लवणीय8-15 केवल सहनशील फसलें ही संतोषजनक उपज देती हैं अत्यधिक लवणीय > 15 केवल बहुत सहनशील फसलें ही संतोषजनक उपज देती हैं Page 45 --- मिट्टी और पौधों का पोषण बुनियादी कृषि पर किसान की पुस्तिका 372. 4."
",What is एक समग्र?,""का परिप्रेक्ष्य वैज्ञानिक कृषि के लिए एक संयुक्त पहल किसानों","पौधों में पोषक तत्वों की कमी के लक्षण नाइट्रोजन (एन) - कमी के लक्षण 1. रुका हुआ विकास। 2. हल्के हरे से हल्के पीले रंग का दिखना- हमारी पुरानी पत्तियों पर, सिरों से शुरू करके। इसके बाद कमी की डिग्री के आधार पर पुरानी पत्तियाँ मर जाती हैं और/या गिर जाती हैं। 3. तीव्र कमी में, फूलना बहुत कम हो जाता है। 4. प्रोटीन की मात्रा कम होना। फॉस्फोरस (पी)-कमी लक्षण 1. कुल मिलाकर बौना रूप, परिपक्व पत्तियों का रंग गहरा से नीला-हरा होता है, जड़ का विकास सीमित होता है। 2."
",What is एक समग्र?,""का परिप्रेक्ष्य वैज्ञानिक कृषि के लिए एक संयुक्त पहल किसानों","तीव्र कमी में, कभी-कभी पत्तियों और तनों का बैंगनी होना; धुँधली वृद्धि. 3. विलंबित परिपक्वता और खराब बीज और फल विकास। पोटैशियम (K) – कमी लक्षण 1. पत्ती के किनारों पर क्लोरोसिस, जिसके बाद पुरानी पत्तियों के सिरे झुलसकर भूरे हो जाते हैं। फिर ये लक्षण धीरे-धीरे अंदर की ओर बढ़ते हैं। 2. पौधों की धीमी एवं रुकी हुई वृद्धि। 3. तने कमजोर हो जाते हैं और पौधा आसानी से गिर जाता है। 4. फलों के सिकुड़े हुए बीज।"
",What is एक समग्र?,""का परिप्रेक्ष्य वैज्ञानिक कृषि के लिए एक संयुक्त पहल किसानों","नाइट्रोजन (एन) - कमी के लक्षण फॉस्फोरस (पी)-कमी के लक्षण पोटैशियम (K) – कमी के लक्षण Page 46 --- 38 मिट्टी और पौधों का पोषण बुनियादी कृषि पर किसान की पुस्तिका कैल्शियम (Ca) – कमी के लक्षण 1. खेत में कैल्शियम की कमी नहीं देखी जाती है क्योंकि उच्च अम्लता से जुड़े द्वितीयक प्रभाव वृद्धि को सीमित करते हैं। 2. नए पौधों की नई पत्तियाँ सबसे पहले प्रभावित होती हैं। ये अक्सर विकृत, छोटे और सामान्य रूप से गहरे हरे रंग के होते हैं। 3."
",What is एक समग्र?,""का परिप्रेक्ष्य वैज्ञानिक कृषि के लिए एक संयुक्त पहल किसानों",पत्तियाँ कप के आकार की और झुर्रीदार हो सकती हैं और अंतिम कलियाँ डंठलों के कुछ टूटने के साथ ख़राब हो जाती हैं। 4. जड़ की वृद्धि स्पष्ट रूप से ख़राब हो गई है; जड़ों का पकना होता है। 5. गंभीर कमी के तहत पौधों के विकास बिंदुओं (टर्मिनल कलियों) का सूखना। 6. कलियाँ और फूल समय से पहले झड़ जाते हैं। 7. तने की संरचना कमजोर हो गई। मैग्नीशियम (एमजी) – कमी लक्षण 1.
",What is एक समग्र?,""का परिप्रेक्ष्य वैज्ञानिक कृषि के लिए एक संयुक्त पहल किसानों","इंटरवेनल क्लोरोसिस, मुख्य रूप से पुरानी पत्तियों का, एक धारीदार या पैची प्रभाव पैदा करना; तीव्र कमी के साथ, प्रभावित ऊतक सूख सकता है और मर सकता है। 2. पत्तियाँ आमतौर पर छोटी, अंतिम चरण में भंगुर और किनारे पर ऊपर की ओर मुड़ी हुई होती हैं। 3. कुछ वनस्पति पौधों में, शिराओं के बीच नारंगी, लाल और बैंगनी रंग के क्लोरोटिक धब्बे होते हैं। 4. टहनियाँ कमजोर और फफूंद के आक्रमण की संभावना, समय से पहले ही पत्तियां गिरना। सल्फर (एस) की कमी के लक्षण 1. छोटी पत्तियां समान रूप से पीली हरी या हरितहीन हो जाती हैं।"
",What is एक समग्र?,""का परिप्रेक्ष्य वैज्ञानिक कृषि के लिए एक संयुक्त पहल किसानों","2. जड़ की वृद्धि प्रतिबंधित है, फूलों का उत्पादन अक्सर अनिश्चित होता है। 3. तने कड़े, लकड़ीदार और व्यास में छोटे होते हैं। कैल्शियम (Ca) - कमी के लक्षण मैग्नीशियम (एमजी) - कमी के लक्षण सल्फर (एस) की कमी के लक्षण Page 47 --- मिट्टी और पौधों का पोषण बुनियादी कृषि पर किसान की पुस्तिका 39 जिंक (Zn) की कमी के लक्षण 1. कमी के लक्षण अधिकतर दिखाई देते हैं पौधों के शीर्ष से दूसरी या तीसरी पूरी तरह से परिपक्व पत्तियाँ। 2."
",What is एक समग्र?,""का परिप्रेक्ष्य वैज्ञानिक कृषि के लिए एक संयुक्त पहल किसानों","मक्के में, हल्के पीले रंग की धारियों से लेकर सफेद या पीले ऊतक की एक चौड़ी पट्टी तक, पत्ती की मध्य शिरा और किनारों के बीच लाल बैंगनी रंग की नसें होती हैं, जो मुख्य रूप से पत्ती के निचले आधे हिस्से में होती हैं। 3. गेहूं में, सफेद या पीले-कम पत्ती ऊतक का एक अनुदैर्ध्य बैंड, जिसके बाद पत्ती के ब्लेड के बीच में इंटरवेनल क्लो-रोटिक मोटलिंग और सफेद से भूरे रंग के नेक्रोटिक घाव होते हैं; प्रभावित पत्तियों का बीच के पास सम-समान रूप से गिरना। 4."
",What is एक समग्र?,""का परिप्रेक्ष्य वैज्ञानिक कृषि के लिए एक संयुक्त पहल किसानों","धान में, रोपाई के 15-20 दिनों के बाद, पुरानी पत्तियों पर छोटे बिखरे हुए हल्के पीले धब्बे दिखाई देते हैं जो बाद में बड़े हो जाते हैं, आपस में जुड़ जाते हैं और गहरे भूरे रंग के हो जाते हैं, पूरी पत्ती जंग-भूरे रंग की हो जाती है और एक महीने के भीतर सूख जाती है। 5. खट्टे फलों में, अनियमित इंटरवेनल क्लोरोसिस; टेर - मीनल की पत्तियाँ छोटी और बैरो (छोटी पत्ती वाली) हो जाती हैं; फल-कलियों का बनना बहुत कम हो जाता है, टहनियाँ पौधे की तरह मर जाती हैं। कॉपर (Cu) - कमी के लक्षण 1."
",What is एक समग्र?,""का परिप्रेक्ष्य वैज्ञानिक कृषि के लिए एक संयुक्त पहल किसानों","अनाजों में, पत्ती के ब्लेड का पीला पड़ना और मुड़ना, बालियों का सीमित उत्पादन और खराब दाना जमा होना, अनिश्चित कल्ले निकलना। 2. नींबू वर्गीय फलों में नई वृद्धि वापस आ जाती है; छाल और खरपतवार के बीच गोंद के एक्सेंथेमा पॉकेट विकसित हो जाते हैं; फल पर भूरे धब्बे दिखाई देते हैं। आयरन (Fe) - कमी के लक्षण 1. विशिष्ट इंटरवेनल क्लोरोसेल्स; सबसे कम उम्र की पत्तियाँ सबसे पहले प्रभावित होती हैं, पत्तियों के बिंदु और किनारे उनके हरे रंग को सबसे लंबे समय तक बनाए रखते हैं। 2."
",What is एक समग्र?,""का परिप्रेक्ष्य वैज्ञानिक कृषि के लिए एक संयुक्त पहल किसानों","गंभीर स्थिति में, पूरी पत्ती, नसें और अंतःशिरा क्षेत्र पीला पड़ जाता है और अंततः ब्लीच हो सकता है। जिंक (जेडएन) की कमी के लक्षण कॉपर (Cu) - कमी के लक्षण आयरन (Fe) - कमी के लक्षण Page 48 --- 40 मिट्टी और पौधों का पोषण बुनियादी कृषि पर किसान की पुस्तिका बोरोन (बी) - कमी के लक्षण 1. बढ़ते पौधों की मृत्यु (शूट टिप्स)। 2. कभी-कभी पत्तियों की बनावट मोटी होती है कर्लिंग और भंगुर हो जाना। 3. फूल नहीं बनते और जड़ों की वृद्धि रुक ​​जाती है। 4."
",What is एक समग्र?,""का परिप्रेक्ष्य वैज्ञानिक कृषि के लिए एक संयुक्त पहल किसानों","जड़ वाली फसलों में """"ब्राउन हार्ट"""" की विशेषता जड़ के सबसे मोटे हिस्से पर काले धब्बे या बीच में दरार होना है। मैंगनीज (एमएन) - कमी लक्षण 1. नई पत्तियों की शिराओं के बीच क्लोरोसिस, शिराओं के बीच के क्षेत्रों में क्लोरोटिक और नेक्रोटिक धब्बों की उपस्थिति इसकी विशेषता है। 2. नई पत्तियों के आधार के पास भूरे रंग के क्षेत्र दिखाई देते हैं और पीले से हल्के नारंगी रंग के हो जाते हैं। 3. गन्ने में कमी के लक्षण जिसे आम तौर पर """"स्ट्रीक"""" रोग के नाम से जाना जाता है। मोलिब्डेनम (मो) - कमी लक्षण 1."
",What is एक समग्र?,""का परिप्रेक्ष्य वैज्ञानिक कृषि के लिए एक संयुक्त पहल किसानों","निचले हिस्से का क्लोरोटिक इंटरवेनल मटैलिंग पत्तियाँ, इसके बाद सीमांत परिगलन और पत्तियाँ मुड़ जाती हैं। 2. फूलगोभी में, पत्ती के ऊतक सूख जाते हैं और केवल मध्यशिरा और पत्ती के ब्लेड के कुछ छोटे टुकड़े (""""व्हिपटेल"""") रह जाते हैं। 3. फलीदार पौधों में मोलिब्डेनम की कमी स्पष्ट रूप से दिखाई देती है।"
",What is एक समग्र?,""का परिप्रेक्ष्य वैज्ञानिक कृषि के लिए एक संयुक्त पहल किसानों","बोरॉन (बी) - कमी के लक्षण मैंगनीज (एमएन) - कमी के लक्षण मोलिब्डेनम (मो) - कमी के लक्षण Page 49 --- मिट्टी और पौधों का पोषण बुनियादी कृषि पर किसान की पुस्तिका 41कुछ सामान्य कमी के लक्षण हैं: क्लोरोसिस - यह क्लोरोफिल लीडिंग का नुकसान है पत्तियों में पीलापन आना. यह डिफी के कारण होता है- K, Mg, N, S, Fe, Mn, Zn और Mo जैसे तत्वों की उपयोगिता। परिगलन ऊतकों की मृत्यु है, विशेषकर पत्ती की ऊतक K, Ca, Mg की कमी के कारण होता है कोशिका विभाजन में अवरोध N, K, S और Mo की कमी या न्यूनता के कारण होता है।"
",What is एक समग्र?,""का परिप्रेक्ष्य वैज्ञानिक कृषि के लिए एक संयुक्त पहल किसानों","पत्तियों और कलियों का समय से पहले गिरना K और P की कमी. Page 50 --- 42 मिट्टी और पौधों का पोषण बुनियादी कृषि पर किसान की पुस्तिका पौधों की वृद्धि अवरुद्ध/मंदबुद्धि हो गई N, P , K, Zn, Ca की कमी से। एन, एस की कमी के कारण फूल आने में देरी और मो. यदि किसानों में उपरोक्त लक्षण दिखाई देते हैं, तो किसानों को स्थानीय विस्तार कार्यकर्ता से परामर्श करने की सलाह दी जाती है उपचार के लिए. Page 51 --- मिट्टी और पौधों का पोषण बुनियादी कृषि पर किसान की पुस्तिका 432. 5."
",What is एक समग्र?,""का परिप्रेक्ष्य वैज्ञानिक कृषि के लिए एक संयुक्त पहल किसानों",विभिन्न उर्वरक और उनके पोषक तत्व महत्वपूर्ण रासायनिक उर्वरकों का स्रोत हैं प्रमुख पोषक तत्व.
",What is एक समग्र?,""का परिप्रेक्ष्य वैज्ञानिक कृषि के लिए एक संयुक्त पहल किसानों",विभिन्न उर्वरक और उनके पोषक तत्वों की मात्रा नीचे दी गई तालिका में दर्शाई गई है: उर्वरक पोषक तत्व (%) एन पी* के एकल पोषक उर्वरक अमोनियम सल्फेट 20 0 0 यूरिया 46 0 0 कैल्शियम अमोनियम नाइट्रेट128 0 0 सिंगल सुपर फॉस्फेट 0 7 0 ट्रिपल सुपर फॉस्फेट 0 20 0 पोटैशियम सल्फेट 0 0 40 म्यूरेट ऑफ पोटाश20 0 48 दोहरा उर्वरक अमोनियम फॉस्फेट 11 23 0 डायमोनियम फॉस्फेट318 20 0 संपूर्ण उर्वरकसंपूर्ण 419 19 19 विजया कॉम्प्लेक्स517 17 17 इफको ग्रेड I610 26 26A।
",What is एक समग्र?,""का परिप्रेक्ष्य वैज्ञानिक कृषि के लिए एक संयुक्त पहल किसानों",मृदा विश्लेषण: सफल होने की कुंजी पोषक तत्व प्रबंधन योजना उच्च फसल की पैदावार और गुणवत्ता फसलें काफी हद तक प्रभाव पर निर्भर करती हैं- पोषक तत्वों की पर्याप्त आपूर्ति. मिट्टी न केवल माध्यम प्रदान करती है बल्कि पौधों के लिए इन पोषक तत्वों के स्रोत के रूप में भी कार्य करती है। हर फसल के साथ मिट्टी के संसाधन ख़त्म हो जाते हैं और हर फसल के लिए उन्हें फिर से भरने की आवश्यकता होती है।
",What is एक समग्र?,""का परिप्रेक्ष्य वैज्ञानिक कृषि के लिए एक संयुक्त पहल किसानों","हालाँकि, किसी को पता होना चाहिए कि कौन से पोषक तत्व किस हद तक कम हो रहे हैं और तदनुसार उर्वरकों को जोड़ने की योजना बनाई जानी चाहिए। इस संबंध में मृदा विश्लेषण, पोषक तत्वों के स्तर को निर्धारित करने और उर्वरक आवेदन की आवश्यक मात्रा तय करने में मदद करता है। मृदा विश्लेषण की सटीकता का सीधा संबंध है- लिए गए मिट्टी के नमूने की गुणवत्ता की जांच की गई।"
",What is एक समग्र?,""का परिप्रेक्ष्य वैज्ञानिक कृषि के लिए एक संयुक्त पहल किसानों","उचित पोषक तत्व मिश्रण के साथ उचित उर्वरकों के प्रयोग से न केवल उत्पादकता और खेत की आय बढ़ाने में मदद मिलेगी, बल्कि वांछित उपज प्राप्त करने का अधिक यथार्थवादी मौका भी मिलेगा। किसी खेत से मिट्टी का नमूना लेने की विभिन्न विधियाँ हैं। सैंपलिंग की सही विधि स्थानीय विस्तार अधिकारी या आपके DESAI-प्रशिक्षक से परामर्श करके तय की जा सकती है। मिट्टी के नमूने लेने के तरीके 1कैल्शियम अमोनियम नाइट्रेट- सावधानी के साथ उपयोग किया जाना चाहिए।"
",What is एक समग्र?,""का परिप्रेक्ष्य वैज्ञानिक कृषि के लिए एक संयुक्त पहल किसानों",2म्यूरेट ऑफ पोटाश- सावधानी और सुरक्षात्मक उपकरण (श्वसन यंत्र) के साथ उपयोग किया जाना चाहिए 3डायमोनियम फॉस्फेट- सावधानी के साथ उपयोग किया जाना चाहिए। 4संपूर्ण- संकलन स्रोत- निर्माता (ज़ुआरी एग्रो केमिकल्स)। 5विजया कॉम्प्लेक्स-स्वदेशी कॉम्प्लेक्स उर्वरक। 6 इफको ग्रेड I- संकलन स्रोत- निर्माता (सावधानी के साथ प्रयोग किया जाना चाहिए। ) icrisat.
",What is एक समग्र?,""का परिप्रेक्ष्य वैज्ञानिक कृषि के लिए एक संयुक्त पहल किसानों","org Page 52 --- 44 मिट्टी और पौधों का पोषण बुनियादी कृषि पर किसान की पुस्तिका मिट्टी का नमूना: एक उदाहरण नमूना लेने के स्थान का चयन करते हुए सतह के कूड़े को हटा दें सैंपलिंग स्पॉट सैंपलिंग स्पॉट में 15 सेमी की गहराई तक 'वी' आकार का कट बनाएं मिट्टी इकट्ठा करें - वी आकार का कट: 'वी' आकार के कट के खुले हिस्से के ऊपर से नीचे तक मिट्टी के मोटे टुकड़े निकालें और एक साफ कंटेनर में रखें, नमूनों को अच्छी तरह मिलाएं।"
",What is एक समग्र?,""का परिप्रेक्ष्य वैज्ञानिक कृषि के लिए एक संयुक्त पहल किसानों","पूरी तरह से मिश्रित नमूने को चार बराबर भागों में विभाजित करके क्वार्टरिंग की जाती है, दो विपरीत भागों को हटा दिया जाता है और शेष को मिश्रित कर दिया जाता है, नमूने को एक साफ कपड़े या पॉलिथीन बैग में इकट्ठा करें।"
",What is एक समग्र?,""का परिप्रेक्ष्य वैज्ञानिक कृषि के लिए एक संयुक्त पहल किसानों","संग्रह की प्रक्रिया आवश्यक जानकारी के साथ लेबल: किसान का नाम खेत का स्थान सर्वेक्षण संख्या पिछली फसल उगाई गई, पहले भेजी गई फसल अगले सीज़न में उगाई जाने वाली फसल संग्रहण की तिथि मिट्टी परीक्षण के लिए नमूने आदि का नाम, स्थान: कृषि विज्ञान केंद्र (KVK) राज्य/जिला कृषि प्रयोगशालाएँ कृषि विश्वविद्यालय, पुनः खोज स्टेशन एटीएमए अधिकारी/कृषि-उद्यमी Page 53 --- मिट्टी और पौधों का पोषण बुनियादी कृषि पर किसान की पुस्तिका 45बी."
",What is एक समग्र?,""का परिप्रेक्ष्य वैज्ञानिक कृषि के लिए एक संयुक्त पहल किसानों","पादप विश्लेषण मृदा परीक्षण के बाद पौध विश्लेषण दूसरा उपकरण है- यह फसल पोषण में सुधार के लिए महत्वपूर्ण है उपज. केवल पौधे का विश्लेषण ही किसी पौधे या फसल की वास्तविक पोषक तत्व स्थिति की पहचान कर सकता है। जबकि मिट्टी परीक्षण फसल या पौधों को दिए जाने वाले पोषक तत्वों की पहचान करता है, पौधे विश्लेषण यह पहचानता है कि पौधे मिट्टी के पोषक तत्वों और लागू पोषक तत्वों का कितनी अच्छी तरह उपयोग करते हैं। पादप विश्लेषण से पौधे को यह पता चलता है कि उसे किन पोषक तत्वों की आवश्यकता है।"
",What is एक समग्र?,""का परिप्रेक्ष्य वैज्ञानिक कृषि के लिए एक संयुक्त पहल किसानों","यह महत्वपूर्ण है कि पौधे का सही भाग और अवस्था हो विकास का नमूना लिया जाए। विभिन्न पौधों के भागों के बीच सामान्य पोषक तत्व सांद्रता भिन्न-भिन्न होती है। साथ ही, पौधे के परिपक्व होने के साथ-साथ प्रत्येक पौधे के भाग की सामान्य पोषक तत्व सांद्रता भी बदल जाती है। पौधों में पोषक तत्वों की स्थिति का आकलन करने के लिए इन कारकों को ध्यान में रखना महत्वपूर्ण है। विभिन्न फसलों के लिए एकत्रित किए जाने वाले आवश्यक पौधे के भाग इस प्रकार हैं।"
",What is एक समग्र?,""का परिप्रेक्ष्य वैज्ञानिक कृषि के लिए एक संयुक्त पहल किसानों","फसल वृद्धि अवस्था पौधे के भाग का नमूना लिया जाना चाहिए मात्रा कपास (ए) अंकुर, 6” से 12” लंबा (बी) पहले या पहले खिलना (सी) जब पहला वर्ग ज़मीन के ऊपर का पूरा भाग दिखाई देता है पौधे का. आपकी सबसे छोटी पूर्ण परिपक्व पत्तियाँ पौधे के मुख्य तने से. डंठल हटा दें। 15-20 पौधे 15 - 20 पत्ते गन्ना परिपक्व होने में 2 महीने, दूसरी पूरी तरह परिपक्व पत्ती बिना आवरण के. 15 से 25 पत्तियाँ सूरजमुखी (ए) अंकुर अवस्था (बी) वानस्पतिक से पूर्ण खिलनाजमीन के ऊपर का पूरा भाग पौधे का."
",What is एक समग्र?,""का परिप्रेक्ष्य वैज्ञानिक कृषि के लिए एक संयुक्त पहल किसानों","Y सबसे छोटी पूरी तरह से परिपक्व पत्ती। कोई डंठल नहीं. 15 से 20 पौधे 15 से 20 पत्तियां सी. सिंचाई जल विश्लेषण सिंचाई के पानी में, चाहे उसका स्रोत कुछ भी हो, हमेशा कुछ घुलनशील लवण होते हैं। वा की उपयुक्तता- किसी विशिष्ट उद्देश्य के लिए उपयोग घुले हुए लवणों के प्रकार और मात्रा पर निर्भर करता है। कुछ घुले हुए लवण या अन्य घटक फसलों के लिए उपयोगी हो सकते हैं लेकिन सिंचाई प्रयोजनों के लिए पानी की गुणवत्ता या उपयुक्तता का आकलन अवांछनीय घटकों की उपस्थिति के आधार पर किया जाता है।"
",What is एक समग्र?,""का परिप्रेक्ष्य वैज्ञानिक कृषि के लिए एक संयुक्त पहल किसानों",कुछ घुले हुए आयन जैसे NO3 फसलों के लिए उपयोगी होते हैं। सबसे महत्वपूर्ण विशेषता यह है कि डी- सिंचाई जल की गुणवत्ता निम्न हैं: पीएच घुलनशील लवणों की कुल सांद्रता को विद्युत चालकता (ईसी) के माध्यम से आंका जाता है। अन्य धनायनों की तुलना में सोडियम का सापेक्ष अनुपात जैसे Ca और Mg को सोडियम सोखना अनुपात (SAR) कहा जाता है। बोरान या अन्य तत्वों की सांद्रता जो पौधों के लिए विषाक्त हो सकती है।
",What is एक समग्र?,""का परिप्रेक्ष्य वैज्ञानिक कृषि के लिए एक संयुक्त पहल किसानों","कैल्शियम और मैग्नीशियम की सांद्रता से संबंधित कार्बोनेट और बाइकार्बोनेट की सांद्रता को अवशिष्ट सोडियम कार्बोनेट (आरएससी) कहा जाता है। क्लोराइड, सल्फेट और नाइट्रेट जैसे आयनों की सामग्री। जल नमूना संग्रह के तरीके चूंकि पानी की गुणवत्ता और उपयुक्तता फसलों के उत्पादन और उत्पादकता को तय करने में महत्वपूर्ण भूमिका निभाती है, इसलिए किसानों को पानी का परीक्षण करने के लिए विस्तार कार्यकर्ता से परामर्श लेने की सलाह दी जाती है।"
",What is एक समग्र?,""का परिप्रेक्ष्य वैज्ञानिक कृषि के लिए एक संयुक्त पहल किसानों","पोषक तत्वों की पुनः आवश्यकता एवं उत्पादकता मिट्टी रखना इष्टतम स्तर पर उर्वरता और मिट्टी के पोषक तत्व उत्पादकता बढ़ाने में मदद करते हैं - मिट्टी की शुद्धता. यद्यपि मिट्टी की पौधों को आवश्यक आपूर्ति करने की क्षमता है पोषक तत्व मिट्टी की स्थिति पर भी निर्भर करते हैं जैसे मिट्टी की बनावट, मिट्टी की संरचना और मिट्टी के कार्बनिक पदार्थ। इसलिए, मिट्टी की उर्वरता प्रबंधन में न केवल पोषक तत्व प्रबंधन बल्कि मिट्टी की स्थिति प्रबंधन भी शामिल है।"
",What is एक समग्र?,""का परिप्रेक्ष्य वैज्ञानिक कृषि के लिए एक संयुक्त पहल किसानों","अन्य मृदा प्रबंधन प्रथाओं के अलावा, मिट्टी की उर्वरता पर केंद्रित है: पोषक तत्वों के सेवन के बीच संतुलन बनाए रखें और पोषक तत्व अनुप्रयोग. विशिष्ट विकास चरणों में पौधों के लिए पर्याप्त उर्वरता। मिट्टी की उर्वरता और जैविक पदार्थ का रखरखाव अधिक प्रयोग से बचकर पोषक तत्वों की हानि को कम करना।"
",What is एक समग्र?,""का परिप्रेक्ष्य वैज्ञानिक कृषि के लिए एक संयुक्त पहल किसानों",Page 54 --- 46 मिट्टी और पौधों का पोषण बुनियादी कृषि पर किसान की पुस्तिका मिट्टी की पोषक तत्वों की मांग आमतौर पर इस पर आधारित होती है: मिट्टी का पोषक तत्व स्तर फसल की विविधता और उपज क्षमता मिट्टी की नमी लक्षित उपज मृदा विश्लेषण किसान को मात्रा एवं गुणवत्ता का निर्देश देता है- उपयोग किये जाने वाले उर्वरकों की संख्या.
",What is एक समग्र?,""का परिप्रेक्ष्य वैज्ञानिक कृषि के लिए एक संयुक्त पहल किसानों","किसान स्थानीय विस्तार सेवा या अपने DESAI-प्रशिक्षक से परामर्श करने और उनके साथ मिट्टी विश्लेषण रिपोर्ट पर चर्चा करने के बाद फसल विशिष्ट पोषक तत्व (उर्वरक) की सिफारिशें प्राप्त कर सकते हैं। सी. के लिए अनुशंसित उर्वरक खुराक महत्वपूर्ण फसलें उर्वरक लगाने से पहले सामान्य विचार- tion: उर्वरक नहीं बल्कि पोषक तत्व खरीदने चाहिए। (पोषक तत्वों के बारे में सोचें, उर्वरकों के बारे में नहीं)। उर्वरक के रूप में प्रयुक्त प्रत्येक पोषक तत्व को वांछित उत्पादन प्रतिक्रिया देनी चाहिए।"
",What is एक समग्र?,""का परिप्रेक्ष्य वैज्ञानिक कृषि के लिए एक संयुक्त पहल किसानों","उर्वरक की लागत की गणना भूमि के प्रति इकाई क्षेत्र में लागू पौधों के पोषक तत्वों के आधार पर की जानी चाहिए। एक समय में एक पोषक तत्व पर विचार करते हुए गणना करें उपलब्ध स्रोत, कीमतें और उपयोग की व्यवहार्यता।"
",What is एक समग्र?,""का परिप्रेक्ष्य वैज्ञानिक कृषि के लिए एक संयुक्त पहल किसानों","खेत को जारी किया गया एक नमूना मृदा स्वास्थ्य कार्ड- मृदा परीक्षण के परिणामों के आधार पर किसान को लौह तत्व की मात्रा की गणना करनी चाहिए - टिलाइज़र की आवश्यकता: एन (किग्रा/ हा)P2 O5 (किग्रा/हेक्टेयरK2O (किग्रा/हेक्टेयर) केला 110 35 330 टिश्यू कल्चर केले के लिए रोपण के बाद दूसरे, चौथे, छठे और आठवें महीने में 50% अतिरिक्त उर्वरक डालें कपास 120 60 60 (टीसीएचबी - 213) साइट्रस (मीठा नारंगी) 0. 6 किलोग्राम 0. 2 किलोग्राम 0. 3 किलोग्राम छठे वर्ष से छठे वर्ष से आम 1. 0 किग्रा 1. 0 किग्रा 1."
",What is एक समग्र?,""का परिप्रेक्ष्य वैज्ञानिक कृषि के लिए एक संयुक्त पहल किसानों","5 किग्रा एनपीके/पेड़ गन्ना 275 - 112. 5 सूर्य पुष्प 60 90 60 सिंचित संकर 40 50 40 वर्षा आधारित/किस्में यदि सभी नमूने गंभीर स्तर से ऊपर हैं, तो किसी भी तत्व की कमी नहीं है। पोषक तत्व एसएल, एससीएल सीएल जेएन 0. 65 0. 70 Cu 0. 20 0. 30 Fe 4. 00 6. 00 एमएन 2. 00 3. 00 उर्वरक: रासायनिक या जैविक रासायनिक खाद लाभ: तुरंत मिलते हैं पोषक तत्व- पौधे ग्रहण करने में सक्षम. कीमत की तुलना में कम है या - गैनिक उर्वरक. छोटी मात्रा की आवश्यकता होती है क्योंकि वे पोषक तत्वों से भरपूर होते हैं।"
",What is एक समग्र?,""का परिप्रेक्ष्य वैज्ञानिक कृषि के लिए एक संयुक्त पहल किसानों",Page 55 --- मिट्टी और पौधों का पोषण बुनियादी कृषि पर किसान की पुस्तिका 47नुकसान: अधिक प्रयोग से आम तौर पर आर्थिक परिणाम होता है और पर्यावरणीय हानि। अधिक आपूर्ति पौधों के ऊतकों को नरम और बीमारियों और रोगजनकों के प्रति संवेदनशील बनाती है। मिट्टी में कार्बनिक पदार्थों के अपघटन की दर में वृद्धि के परिणामस्वरूप मिट्टी का क्षरण हुआ। लागू किए गए कई पोषक तत्व विभिन्न रासायनिक प्रतिक्रियाओं के माध्यम से आसानी से नष्ट हो जाते हैं। जैविक खाद लाभ: संतुलित पोषक तत्व आपूर्ति।
",What is एक समग्र?,""का परिप्रेक्ष्य वैज्ञानिक कृषि के लिए एक संयुक्त पहल किसानों",मिट्टी की जैविक गतिविधि को बढ़ाएं। मिट्टी की संरचना में सुधार लाने में सहायता। कार्बनिक पदार्थ की मात्रा बढ़ाएँ। पोषक तत्वों की धीमी गति से रिहाई मिट्टी को लंबे समय तक उपजाऊ बनाती है। पौधों की बीमारियों से निपटने में मदद करें। नुकसान कम पोषक तत्व। केवल लंबे समय तक प्रभावी। यह पौधों की वृद्धि के लिए आवश्यक सभी पोषक तत्वों की आपूर्ति नहीं कर सकता है। उच्च लागत. भारीपन. कुशल उर्वरक उपयोग अच्छे ज्ञान और प्रबंधन प्रथाओं से उर्वरक उपयोग दक्षता में सुधार हो सकता है।
",What is एक समग्र?,""का परिप्रेक्ष्य वैज्ञानिक कृषि के लिए एक संयुक्त पहल किसानों",उन फसलों और किस्मों का चयन करें जो स्थानीयता के अनुकूल हों और सर्वोत्तम उर्वरक प्रतिक्रिया वाली हों। फसल और मिट्टी के अनुसार सही प्रकार के उर्वरक का चयन करें। उर्वरक की योजना फसल पैटर्न के अनुसार बनाई जानी चाहिए न कि एकल फसलों के लिए। अपने स्थानीय विस्तार अधिकारी या देसाई-प्रशिक्षक के साथ अपनी मिट्टी विश्लेषण रिपोर्ट पर चर्चा करने के बाद ही उर्वरक आवेदन दर तय की जानी चाहिए। संतुलित निषेचन का अभ्यास करना चाहिए। फसलें केवल स्थानीय रूप से अनुशंसित अवधि पर ही बोई जानी चाहिए।
",What is एक समग्र?,""का परिप्रेक्ष्य वैज्ञानिक कृषि के लिए एक संयुक्त पहल किसानों","इष्टतम पौधों की संख्या और उचित पौधों के बीच अंतर बनाए रखें। कीटों और बीमारियों के प्रभावी नियंत्रण से उर्वरक दक्षता को अधिकतम करने में मदद मिलेगी। उर्वरक के माध्यम से उपज वृद्धि को अधिकतम करने के लिए, अन्य सभी विकास महत्वपूर्ण कारक भी इष्टतम होने चाहिए जैसे। फसल की विकास की प्रारंभिक अवस्था में सिंचाई अवश्य करनी चाहिए। उर्वरक प्रयोग के तरीके प्रसारण: उर्वरक मैन्युअल रूप से वितरित किया जाता है फसल वाले खेत के ऊपर. सबसे आम उर्वरक अनुप्रयोग विधि।"
",What is एक समग्र?,""का परिप्रेक्ष्य वैज्ञानिक कृषि के लिए एक संयुक्त पहल किसानों",अत्यधिक अप्रभावी विधि उच्च आर्थिक और पोषक तत्वों की हानि प्लेसमेंट: बैंड या पैकेट के पास आवेदन पौधे. दो उप-प्रकार: मैं. बैंड अनुप्रयोग द्वितीय. स्पॉट आवेदन उर्वरक उपयोग दक्षता अधिक है। श्रम घनिष्ठ। कुशल विधि लेकिन उच्च श्रम इनपुट के साथ। प्रसारण प्लेसमेंट Page 56 --- 48 मिट्टी और पौधों का पोषण बुनियादी कृषि पर किसान की पुस्तिका रिंग अनुप्रयोग: उर्वरक को चारों ओर फैलाएं पेड़ लगभग एक मीटर की दूरी पर है। पर्ण अनुप्रयोग: तरल उर्वरकों का छिड़काव किया जाता है फसलों पर.
",What is एक समग्र?,""का परिप्रेक्ष्य वैज्ञानिक कृषि के लिए एक संयुक्त पहल किसानों","अत्यधिक कुशल विशेष उपकरण की आवश्यकता है उच्च लागत केवल चयनित उर्वरकों का ही प्रयोग किया जा सकता है सिंचाई के साथ-साथ फर्टिगेशन भी करें प्रयोग की विधि एवं पोषक तत्व आवेदन की विधि एसी चुनी जानी चाहिए- पोषक तत्व, फसल, मिट्टी और खेती की विधि के अनुसार। नाइट्रोजन का प्रयोग टुकड़ों में करना चाहिए और नुकसान को कम करने के लिए धीमी रिलीज मोड। पर्ण अनुप्रयोग के माध्यम से छोटी मात्रा में बार-बार उपयोग करना सबसे प्रभावी होता है और इसके परिणामस्वरूप फसल जल्दी ठीक हो जाती है।"
",What is एक समग्र?,""का परिप्रेक्ष्य वैज्ञानिक कृषि के लिए एक संयुक्त पहल किसानों","• रोपण फसलों और लंबी अवधि की फसलों के लिए धीमी गति से जारी नाइट्रोजन का उपयोग करें। पोखर की स्थिति में, लेपित यूरिया-नीम तेल का उपयोग करें। कोयला टार सल्फर कोटिंग से यूरिया नाइट्रोजन को ग्रहण पैटर्न से मेल खाने के लिए धीमी गति से जारी करेगा। नुकसान को कम करने के लिए यूरिया को मिट्टी (5-10 भाग मिट्टी के साथ 1 भाग यूरिया) के साथ उपचारित किया जा सकता है। अधिकतम उपलब्धता सुनिश्चित करने के लिए फॉस्फेट को बीज से 4 से 6 सेमी नीचे और 4 से 6 सेमी दूर रखना चाहिए।"
",What is एक समग्र?,""का परिप्रेक्ष्य वैज्ञानिक कृषि के लिए एक संयुक्त पहल किसानों","फॉस्फेटिक उर्वरक पौधों की पंक्तियों के पास बैंड में रखे जाने पर बेहतर प्रतिक्रिया देते हैं। पोटाश उर्वरकों को बेसल अनुप्रयोग के रूप में एक खुराक में लगाया जा सकता है, लेकिन लंबी अवधि की फसलों के लिए उर्वरकों का प्रयोग 2 से 3 भागों में किया जा सकता है। उर्वरक गणना यहां मृदा परीक्षण अनुशंसाओं के आधार पर उर्वरकों के प्रयोग का एक उदाहरण दिया गया है। मान लीजिए कि सिफारिशें 120 किग्रा एन, 60 किग्रा पी और 40 किग्रा के प्रति हेक्टेयर हैं।"
",What is एक समग्र?,""का परिप्रेक्ष्य वैज्ञानिक कृषि के लिए एक संयुक्त पहल किसानों","यूरिया की मात्रा की गणना करें, सुपर - अनुशंसित खुराक की आपूर्ति के लिए फॉस्फेट और म्यूरेट ऑफ पोटाश उर्वरकों की आवश्यकता है! यूरिया की मात्रा 46% है, इसलिए 46 किलोग्राम एन/हेक्टेयर आपूर्ति करना है 100 किलो यूरिया की आवश्यकता है. 120 किग्रा एन/हेक्टेयर आपूर्ति के लिए 100/46*120=260. 9 या 261 किग्रा यूरिया की आवश्यकता होती है। सिमी-लारली सुपर फॉस्फेट सामग्री 16% P2O5 है और सिफारिश फॉस्फो-रस के रूप में दी गई है। % P = %P2O5 X 0. 44 किग्रा पी = किग्रा पी2ओ5 एक्स 0. 44 किलोग्राम पी = 16 x 0."
",What is एक समग्र?,""का परिप्रेक्ष्य वैज्ञानिक कृषि के लिए एक संयुक्त पहल किसानों","44 किग्रा पी = 7. 04 तो सुपर फॉस्फेट में 7. 04 पी होता है और अनुशंसा 60 किलोग्राम पी के रूप में दी जाती है। 60 किग्रा पी=100/7. 04*60=852. 27 या 852 किग्रा आपूर्ति करने के लिए सिंगल सुपर फॉस्फेट की आवश्यकता है। इसी प्रकार, हमें पोटाश की खुराक की गणना मुरी-एट ऑफ पोटाश (एमओपी) के माध्यम से करनी होगी क्योंकि एमओपी में 60% K2O होता है। तो MOP में 49. 8 K और अनुशंसा शामिल है 40 किग्रा. /हेक्टेयर दिया गया है। 40 किग्रा की आपूर्ति के लिए K=100/49. 8*40=80."
",What is एक समग्र?,""का परिप्रेक्ष्य वैज्ञानिक कृषि के लिए एक संयुक्त पहल किसानों",3 किग्रा या 80 किग्रा एमओपी की आवश्यकता होती है। इसलिए उर्वरक विश्लेषण और मिट्टी परीक्षण की जानकारी के आधार पर उर्वरक आवेदन दरों की गणना ऊपर दी गई है। अंगूठी आवेदन पर्ण अनुप्रयोग फर्टिगेशन Page 57 --- मिट्टी और पौधों का पोषण बुनियादी कृषि पर किसान की पुस्तिका 49 उर्वरक की गणना करने का सूत्र लागू (किलो/हेक्टेयर) = 100 X अनुशंसित पोषक तत्व मात्रा (किलो/हेक्टेयर) उर्वरक सामग्री (%) पोषक तत्व लागत तुलना उदाहरण - 1 1. 46% N वाले यूरिया की कीमत 562. 20 रुपये प्रति 100 किलोग्राम है। 2.
",What is एक समग्र?,""का परिप्रेक्ष्य वैज्ञानिक कृषि के लिए एक संयुक्त पहल किसानों","अमोनियम सल्फेट 20% एन की कीमत 1029 रुपये प्रति 100 किलोग्राम है। यूरिया में 46% N होता है यानी हर 100 किलो यूरिया में 46 किलो N होता है. इसलिए यूरिया में एन का इकाई मूल्य: 562. 2/46 = 12. 22 रुपये प्रति किलोग्राम एन। अमोनियम सल्फेट में 20. 6% एन यानी प्रत्येक 100 किलोग्राम उर्वरक में 20 किलोग्राम एन और 24% सल्फर होता है। इसलिए अमोनियम सल्फेट में N का इकाई मान: 1029/20. 6= रु. 49. 95 प्रति किलोग्राम N. इस प्रकार, यूरिया में नाइट्रोजन सस्ता है। वाई एट, अमोनियम सल्फेट में भी 24% सल्फर होता है।"
",What is एक समग्र?,""का परिप्रेक्ष्य वैज्ञानिक कृषि के लिए एक संयुक्त पहल किसानों","इसलिए, सल्फर की कमी वाली मिट्टी के लिए, एम-मोनियम सल्फेट एक बेहतर विकल्प है और सामान्य सल्फर स्तर वाली मिट्टी के लिए, यूरिया एक बेहतर एन स्रोत प्रस्तुत करता है। उदाहरण-2 1. 7% पी के साथ सिंगल सुपर फॉस्फेट (एसएसपी)। प्रति 100 किलोग्राम कीमत 480 रुपये है। 2. डाई - अमोनियम फॉस्फेट (डीएपी) 20% पी और 18% एन की कीमत 1596 रुपये प्रति 100 किलोग्राम है। SSP में 7% P होता है अर्थात प्रत्येक 100 kg SSP में 7 kg P होता है। इसलिए एसएसपी में पी का इकाई मूल्य: 480/7=रु. 68. 57 प्रति किलोग्राम पी।"
",What is एक समग्र?,""का परिप्रेक्ष्य वैज्ञानिक कृषि के लिए एक संयुक्त पहल किसानों","जबकि, डीएपी में 20% पी और 18% एन, यानी 20 किलो पी है और प्रत्येक 100 किग्रा डीएपी में 18 किग्रा एन. 100 किग्रा डीएपी में नाइट्रोजन की लागत = (18 X 12. 22 ) = 219. 96 रु. इसलिए डीएपी में पी का इकाई मान: (1596 - 219. 96 = 1376. 00); यानी 1376/20= 68. 80 रुपये प्रति किलो पी इस प्रकार, P की इकाई लागत दोनों उर्वरकों में समान है- लिसर्स. वाई एट, डीएपी में भी 18% एन है। इसलिए, नाइट्रोजन की आवश्यकता वाली मिट्टी के लिए, डीएपी बेहतर विकल्प है। उर्वरकों की अनुकूलता 1."
",What is एक समग्र?,""का परिप्रेक्ष्य वैज्ञानिक कृषि के लिए एक संयुक्त पहल किसानों",म्यूरेट ऑफ पोटाश  2. पोटाश का सल्फेट  3. अमोनिया का सल्फेट  4. कैल्शियम अमोनियम नाइट्रेट  5. सोडियम नाइट्रेट  6. कैल्शियम साइनानमाइड  7. यूरिया  8. सुपरफॉस्फेट सिंगल या ट्रिपल  9. अमोनियम फॉस्फेट  10. मूल स्लैग  11. कैल्शियम कार्बोनेट1. म्यूरेट ऑफ पोटाश 2. पोटाश का सल्फेट 3. अमोनिया का सल्फेट 4. कैल्शियम अमोनियम नाइट्रेट 5. सोडियम नाइट्रेट 6. कैल्शियम साइनानमाइड 7. यूरिया 8.
",What is एक समग्र?,""का परिप्रेक्ष्य वैज्ञानिक कृषि के लिए एक संयुक्त पहल किसानों",सुपरफॉस्फेट सिंगल या ट्रिपल 9. अमोनियम फॉस्फेट 10. मूल स्लैग 11.
",What is एक समग्र?,""का परिप्रेक्ष्य वैज्ञानिक कृषि के लिए एक संयुक्त पहल किसानों",कैल्शियम कार्बोनेट  उर्वरक जो मिश्रित किये जा सकते हैं  उर्वरक जिन्हें उपयोग से कुछ देर पहले मिलाया जा सकता है  उर्वरक जिन्हें मिलाया नहीं जा सकता नोट: आवश्यक ऊर्ध्वाधर कॉलम और क्षैतिज कॉलम का क्रॉसिंग बिंदु मिश्रण या अन्यथा की संभावना को इंगित करता है उर्वरकों के मिश्रण के लिए उर्वरक गाइड का विवरण Page 58 --- 50 मिट्टी और पौधों का पोषण बुनियादी कृषि पर किसान की पुस्तिका जैविक खाद जैविक खाद प्राकृतिक उत्पाद हैं जिनका उपयोग- फसलों को पोषक तत्व प्रदान करें।
",What is एक समग्र?,""का परिप्रेक्ष्य वैज्ञानिक कृषि के लिए एक संयुक्त पहल किसानों","जैविक के उदाहरण खाद हैं गाय का गोबर, खेत की खाद, हरी खाद- पोषण, फसल अवशेषों से खाद, वर्मीकम्पोस्ट और अन्य जैविक अपशिष्ट। जैविक खाद से कार्बनिक पदार्थ में वृद्धि होती है मिट्टी. बदले में कार्बनिक पदार्थ पौधों के भोजन को फसलों के उपयोग के लिए उपलब्ध रूप में जारी करते हैं। हालाँकि, या - गैनिक खाद को केवल पौधों के भोजन के वाहक के रूप में नहीं देखा जाना चाहिए। ये खादें मिट्टी को अधिक पानी धारण करने में भी सक्षम बनाती हैं और जल निकासी में सुधार करने में भी मदद करती हैं चिकनी मिट्टी में."
",What is एक समग्र?,""का परिप्रेक्ष्य वैज्ञानिक कृषि के लिए एक संयुक्त पहल किसानों","वे कार्बनिक अम्ल प्रदान करते हैं जो मदद करते हैं मिट्टी के पोषक तत्वों को घोलें और उन्हें पौधों के लिए उपलब्ध कराएं। इसके अतिरिक्त, जैविक खाद में पोषक तत्व कम होते हैं सामग्री और, इसलिए, बड़े पैमाने पर लागू करने की आवश्यकता है मात्राएँ. उदाहरण के लिए, एक मानक मिश्रण प्राप्त करने के लिए 25 किलोग्राम एनपीके में लगभग 1000-2000 किलोग्राम जैविक खाद की आवश्यकता होती है, जबकि इतनी ही मात्रा में एनपीके की आवश्यकता होती है। 50 किलोग्राम बैग एनपीके उर्वरक से आसानी से प्राप्त किया जा सकता है।"
",What is एक समग्र?,""का परिप्रेक्ष्य वैज्ञानिक कृषि के लिए एक संयुक्त पहल किसानों","खाद: खाद अच्छी तरह से विघटित जैविक है अपशिष्ट जैसे पौधों के अवशेष, पशुओं का गोबर और मवेशियों के शेड से निकली मूत्र मिट्टी, अपशिष्ट चारा, आदि।"
",What is एक समग्र?,""का परिप्रेक्ष्य वैज्ञानिक कृषि के लिए एक संयुक्त पहल किसानों",FYM की तैयारी के लिए टिप्स कम्पोस्ट स्थल पर जगह उपलब्ध करायें कम्पोस्ट पिट अच्छे जल निकास वाले ऊंचे स्थान पर बनाएं जगह प्रबंधनीय आकार के छोटे ढेर बेहतर होते हैं गड्ढे को खरपतवार से मुक्त रखें गड्ढा पशुशाला एवं पानी के निकट होना चाहिए स्रोत पूर्ण परिपक्वता की अनुमति मूत्र का भी प्रयोग करें यदि राख डाली गई है तो गड्ढे में ढेर न लगाएं बल्कि समान रूप से फैलाएं कैसे उपयोग करें खाद को खेत में खुला नहीं रखना चाहिए आवेदन से पहले अधिमानतः प्रसारण के बजाय बैंड में मिट्टी में लगाएं।
",What is एक समग्र?,""का परिप्रेक्ष्य वैज्ञानिक कृषि के लिए एक संयुक्त पहल किसानों","प्रसारण के मामले में, इस पर काम करें मृदा इमीडिया टेली फायदा संपूर्ण पौध पोषक तत्व बेहतर मिट्टी की संरचना से मिट्टी में वातन और जल निकासी की क्षमता बढ़ती है कार्बनिक पदार्थ जैविक मिट्टी और मिट्टी की बढ़ती पोषक तत्व और जल धारण क्षमता के रूप में कार्य करता है। यह थोक घनत्व को वांछनीय स्तर (1. 3 ग्राम/सीसी) तक कम कर देता है।"
",What is एक समग्र?,""का परिप्रेक्ष्य वैज्ञानिक कृषि के लिए एक संयुक्त पहल किसानों","यह मिट्टी में सूक्ष्म जीवों के लिए पर्याप्त भोजन प्रदान करता है और मिट्टी में सूक्ष्मजीवों के निर्माण में मदद करता है पोषक तत्व धीमी गति से जारी होने वाली प्रकृति लंबी अवधि और रोपण फसलों के लिए बहुत उपयोगी है नुकसान यह भारी है रख-रखाव, परिवहन और भंडारण की लागत अधिक है उच्च श्रम इनपुट प्रति किलोग्राम पोषक तत्वों की उच्च लागत वर्मी-कम्पोस्ट: वर्मी-कम्पोस्टिंग एक प्रक्रिया है जिसके द्वारा केंचुए जैविक कचरे को उपजाऊ खाद में बदल देते हैं।"
",What is एक समग्र?,""का परिप्रेक्ष्य वैज्ञानिक कृषि के लिए एक संयुक्त पहल किसानों","भारतीय परिस्थितियों में वर्मीकम्पोस्टिंग के लिए उपयोग किए जाने वाले केंचुओं की महत्वपूर्ण प्रजातियाँ एपि-जिक यूजेनिया, ईसेनिया फोएटिडा और पेरीओनिक्स एक्सा-वाटस हैं।"
",What is एक समग्र?,""का परिप्रेक्ष्य वैज्ञानिक कृषि के लिए एक संयुक्त पहल किसानों",केंचुए मिट्टी और मिट्टी के कार्बनिक पदार्थ पर भोजन और सह- इसे खाद में परिवर्तित करें उपयोगी सूक्ष्म जीवों के विकास को प्रोत्साहित करें मिट्टी को हवादार और भुरभुरा बनायें मिट्टी को छिद्रपूर्ण बनाएं और जल निकासी में सुधार करें मिट्टी की जल धारण क्षमता बढ़ाना पौधों की प्रतिरक्षा प्रणाली को शक्ति प्रदान करें वर्मी कम्पोस्ट के फायदे प्रयोग करने में आसान उत्पादन की कम लागत कम समय में कार्बनिक पदार्थ को अच्छी खाद में परिवर्तित करें इसे कैसे बनाये जैव-एजेंटों के साथ वर्मी-खाद को समृद्ध करें केंचुए हमारे मित्र हैं।
",What is एक समग्र?,""का परिप्रेक्ष्य वैज्ञानिक कृषि के लिए एक संयुक्त पहल किसानों","उनकी रक्षा करें और क्षेत्र में उनका पालन-पोषण करें हरी खाद महत्वपूर्ण प्रजातियों का चयन करें हरी खाद वाली फसल को फसल प्रणाली में फिट करने के लिए एक मौसम खोजें 45 दिन पुराना होने पर शामिल करें अगले रोपण से पहले 15-20 दिनों का समय डी-कंपोजिशन के लिए रखें उदाहरण: सनहेम्प और डेंचा हरी पत्ती की खाद सड़क के किनारे, बांधों और बंजर भूमि पर फलीदार पेड़ उगाएं Page 59 --- मिट्टी और पौधों का पोषण बुनियादी कृषि पर किसान की पुस्तिका 51• पेड़ों की कटाई 15 दिन में की जा सकती है रोपण से पहले लगभग 5 से 10 टन प्रदान करें उदाहरण: पोंगामिया और नीम खली सांद्रित कार्बनिक पदार्थ रासायनिक उर्वरक के साथ मिश्रण उपयोगी है क्योंकि वे उर्वरक को धीमी गति से जारी करते हैं खाद/जैविक पदार्थों को समृद्ध करने के लिए उपयोग करें अधिमानतः गैर खाद्य तेल केक का उपयोग करें तरल उर्वरक फल, सब्जियां, तिलहन, दालें, अनाज, कपास, तम्बाकू, गन्ना, चाय इत्यादि जैसी विभिन्न फसलों की उपज बढ़ाने और गुणवत्ता में सुधार करने के लिए उर्वरकों के तरल रूप को सिंचाई के पानी के साथ या पत्ते पर स्प्रे के माध्यम से सीधे आवेदन के लिए उपयोग किया जाता है।"
",What is एक समग्र?,""का परिप्रेक्ष्य वैज्ञानिक कृषि के लिए एक संयुक्त पहल किसानों","इससे रखरखाव में आसानी होगी, कम श्रम की आवश्यकता होगी और साथ ही जड़ी-बूटियों के साथ मिश्रण की संभावना ने तरल उर्वरकों को किसानों के लिए अधिक स्वीकार्य बना दिया है। फर्टिगेशन फर्टिगेशन उर्वरकों को सिंचाई के पानी के साथ मिलाकर उनका विवेकपूर्ण प्रयोग है उर्वरक टैंक, वेंचुरी प्रणाली, इंजेक्टर पंप, गैर-इलेक्ट्रिक आनुपातिक तरल डिस्पेंसर (एनईपीएलडी) और स्वचालित प्रणाली के माध्यम से फर्टिगेशन प्राप्त किया जा सकता है।"
",What is एक समग्र?,""का परिप्रेक्ष्य वैज्ञानिक कृषि के लिए एक संयुक्त पहल किसानों","फर्टिगेशन के फायदे पानी के नियमित प्रवाह को भी सुनिश्चित करता है, जिसके परिणामस्वरूप उच्च पैदावार के लिए विकास दर में वृद्धि होती है विशिष्ट फसल मांगों को पूरा करने के लिए पोषक तत्वों के अनुप्रयोग के समय में अधिक बहुमुखी प्रतिभा प्रदान करता है पोषक तत्वों की उपलब्धता और जड़ों द्वारा उनके अवशोषण में सुधार होता है सुरक्षित अनुप्रयोग विधि जो पौधे की जड़ प्रणाली के जलने के खतरे को समाप्त करती है मिट्टी में उर्वरक लगाने की तुलना में सरल और अधिक सुविधाजनक अनुप्रयोग प्रदान करता है, इस प्रकार समय, श्रम, उपकरण और ऊर्जा की बचत होती है उर्वरक उपयोग दक्षता में सुधार मिट्टी के संघनन और फसलों को होने वाली यांत्रिक क्षति में कमी पर्यावरण प्रदूषण में संभावित कमी यौगिक और तैयार-मिश्रित पोषक तत्व समाधानों का सुविधाजनक उपयोग जिसमें सूक्ष्म पोषक तत्वों की एक छोटी सांद्रता भी होती है महत्वपूर्ण जैविक खादों की पोषक तत्व सामग्री महत्वपूर्ण जैविक खादों की पोषक तत्व सामग्री जैविक खाद पोषक तत्वों का प्रतिशत नाइट्रोजन फॉस- फ़ोरस (P2O5)पोटास- sium (K2O) कुक्कुट खाद 1."
",What is एक समग्र?,""का परिप्रेक्ष्य वैज्ञानिक कृषि के लिए एक संयुक्त पहल किसानों","2-1. 5 - - भेड़ की खाद 0. 8-1. 6 - - फार्मयार्ड मा - nure0. 4 0. 3 0. 2 खाद 0. 5 0. 25 0. 5 अस्थि भोजन 3. 5 21. 0 - जैव उर्वरक ये माइक्रोबियल मूल के उत्पाद हैं जिनमें सूक्ष्म जीवों की जीवित कोशिकाओं को प्रयोगशाला में गुणा किया जाता है और बारीक पाउडर कोयला, लिग्नाइट या ह्यूमस जैसी वाहक सामग्री के साथ मिलाया जाता है और ठोस रूप में आपूर्ति की जाती है। जैव उर्वरक मूलतः दो प्रकार के होते हैं नाइट्रोजन या फास्फोरस की आपूर्ति करने की उनकी क्षमता के आधार पर।"
",What is एक समग्र?,""का परिप्रेक्ष्य वैज्ञानिक कृषि के लिए एक संयुक्त पहल किसानों",कुछ जैव-उर्वरकों में नाइट्रोजन की आपूर्ति करने की क्षमता होती है क्योंकि उनमें पौधों के साथ मिलकर वायुमंडल से नाइट्रोजन गैस को अवशोषित करने और उनके कोशिका संश्लेषण के लिए पोषक तत्व का उपयोग करने की क्षमता होती है। पौधों की सामग्री के मिट्टी में मिल जाने के बाद निर्धारित नाइट्रोजन फसल के पौधों के लिए उपलब्ध हो जाती है। इस प्रक्रिया को सहजीवी नाइट्रो-जन स्थिरीकरण के रूप में जाना जाता है।
",What is एक समग्र?,""का परिप्रेक्ष्य वैज्ञानिक कृषि के लिए एक संयुक्त पहल किसानों","अन्य नाइट्रोजन स्थिरीकरण करने वाले जीव मिट्टी में स्वतंत्र रूप से रह सकते हैं और नाइट्रोजन स्थिरीकरण कर सकते हैं। एक और प्रकार है जहां जीव एक कमजोर या सामाजिक सहजीवन स्थापित करता है और नाइट्रोजन को स्थिर करता है। नाइट्रोजन स्थिरीकरण करने वालों के अतिरिक्त कुछ जीवाणु भी होते हैं- रिया और कवक, जिनका उपयोग फसलों को फास्फोरस की आपूर्ति बढ़ाने के लिए जैव-उर्वरक के रूप में किया जाता है।"
",What is एक समग्र?,""का परिप्रेक्ष्य वैज्ञानिक कृषि के लिए एक संयुक्त पहल किसानों",वे कार्बनिक अम्लों का उत्पादन करने की अपनी क्षमता के माध्यम से अघुलनशील या कठिनाई से घुलनशील फास्फोरस को घुलनशील बनाते हैं।
",What is एक समग्र?,""का परिप्रेक्ष्य वैज्ञानिक कृषि के लिए एक संयुक्त पहल किसानों","Page 60 --- 52 मिट्टी और पौधों का पोषण बुनियादी कृषि पर किसान की पुस्तिका पौधों के पोषक सूक्ष्मजीव फसलों को लाभ हुआ नाइट्रोजन ए) सहजीवी राइजोबियम एजोला बी) एसोसिएटिव सिम्बायोसिस एज़ोस्पिरिलम ग) गैर सहजीवी एज़ोटोबैक्टर नीला-हरा शैवाल सभी फलीदार फसलें; चावल सभी अनाज की फसलें; गन्ना सभी फसलें; चावल फास्फोरस सूक्ष्मजीव फसलों को लाभ हुआ ए) घुलनशीलता प्रभावबैक्टीरिया: (बैसिलस, स्यूडोमोनास) कवक: (एस्परगिलस पेनिसिलियम) सभी फसलें सभी फसलें बी) अवशोषण प्रभाव एक्टो माइकोरिज़ल एंडोमाइकोराइजापेड़ की फसलेंसभी फसलें सर्वोत्तम पोषक तत्व प्रबंधन विधि एकीकृत पोषक तत्व प्रबंधन है।"
",What is एक समग्र?,""का परिप्रेक्ष्य वैज्ञानिक कृषि के लिए एक संयुक्त पहल किसानों","अच्छी भौतिक और रासायनिक सहायता प्रदान करने के लिए बड़ी मात्रा में कार्बनिक पदार्थ का उपयोग करें- मिट्टी को नुकसान. त्वरित रिहाई प्रदान करने के लिए रासायनिक उर्वरक की छोटी मात्रा, जो फसलों के ग्रहण पैटर्न से मेल खाती है। सभी जैव-उर्वरक बैक्टीरिया या कवक या नीले-हरे शैवाल के समूह से संबंधित सूक्ष्मजीव हैं। एन-फिक्सर्स की फसलों को एन की आपूर्ति करने की क्षमता - यानी 10 किग्रा से 100 किग्रा/हेक्टेयर और सहजीवी नाइट्रोजन फिक्सर विशेष रूप से राइजोबियम बैक्टीरिया बहुत कुशल होते हैं।"
",What is एक समग्र?,""का परिप्रेक्ष्य वैज्ञानिक कृषि के लिए एक संयुक्त पहल किसानों","पी-सॉल्युबिलाइज़र और पी-अवशोषक अघुलनशील फॉस्फोरस को 10 किलोग्राम से 50 किलोग्राम पी/हेक्टेयर की सीमा तक एकत्रित कर सकते हैं। माइकोराइजा सहजीवी कवक हैं, जो पौधों की जड़ों से जुड़ जाते हैं। एजोला एक जल फर्न है जो नीले-हरे शैवाल के साथ एक बहुत ही सक्रिय और लाभकारी संबंध स्थापित करता है - एनाबेना अल्गल इनोकुलेंट्स की खेती टैंकों में जलमग्न मिट्टी पर की जाती है, सूखाया जाता है और मिट्टी आधारित संस्कृति (इनोकुलेंट्स) के रूप में आपूर्ति की जाती है।"
",What is एक समग्र?,""का परिप्रेक्ष्य वैज्ञानिक कृषि के लिए एक संयुक्त पहल किसानों",एंडोमाइकोरिजल इनोकुलेंट्स को माइकोराइजा से संक्रमित घास के पौधों की जड़ों के टुकड़ों के रूप में आपूर्ति की जाती है। एक्टोमाइकोरिज़ल इनोकुलेंट्स को प्रयोगशाला में विकसित किया जाता है और आपूर्ति के लिए वाहक सामग्री के साथ मिलाया जाता है। एजोला की आपूर्ति ताजे पत्तों (पत्ती) के रूप में की जाती है। जैव-उर्वरकों को बीजों में डाला जाता है या पानी में निलंबित करने के बाद सीधे मिट्टी में लगाया जाता है।
",What is एक समग्र?,""का परिप्रेक्ष्य वैज्ञानिक कृषि के लिए एक संयुक्त पहल किसानों","एजोला को सीधे मिट्टी में लगाया जाता है, जो बहु-टिप्लिकेशन पर एनाबेना, एक नीले-हरे शैवाल के साथ एक बहुत सक्रिय सहजीवी संबंध स्थापित करता है। Page 61 --- मिट्टी और पौधों का पोषण बुनियादी कृषि पर किसान की पुस्तिका 53आई. अभ्यासों का पैकेज - केला केला देश में सबसे अधिक उगाई जाने वाली फलों की फसल में से एक है। भारत के बारे में उत्पादन करता है 37. 0 मिलियन टन/हेक्टेयर की औसत उत्पादकता के साथ 0. 709 एमएचए क्षेत्र से 26. 217 मीट्रिक टन केला।"
",What is एक समग्र?,""का परिप्रेक्ष्य वैज्ञानिक कृषि के लिए एक संयुक्त पहल किसानों","प्रमुख उत्पादक राज्य तमिलनाडु, महाराष्ट्र, कर्नाटक, गुजरात, आंध्र प्रदेश, असम और मध्य प्रदेश हैं। तमिलनाडु में केले की खेती 0. 1244 मिलियन हेक्टेयर है और 2008-09 के दौरान कुल उत्पादन 6. 667 मिलियन टन और उत्पादकता 53. 6 मिलियन टन/हेक्टेयर है। गुजरात में, केले की फसल 11 जिलों में लगभग 60900 हेक्टेयर क्षेत्र में उगाई जाती है। गुजरात 58. 7 टन/हेक्टेयर की औसत उत्पादकता के साथ भारत के राज्यों में तीसरे स्थान पर है। कच्चे फलों का उपयोग चिप्स, सब्जी का आटा आदि बनाने के लिए किया जाता है।"
",What is एक समग्र?,""का परिप्रेक्ष्य वैज्ञानिक कृषि के लिए एक संयुक्त पहल किसानों","पके फलों का उपयोग पेय, जैम, बीयर, सलाद आदि बनाने के लिए किया जाता है। केले के फलों का कई औषधीय उपयोग होता है (आयुर्वेद के अनुसार)। पीसेडोस्टेम से धागे प्राप्त होते हैं और रस्सी और कपड़े बनाने के लिए उपयोग किए जाते हैं। प्रचलित किस्में: बसराई, लोखंडी, रोबस्टा, श्रीमंती और ग्रैंड नैने। जलवायु: केला 27oC के औसत तापमान के साथ गर्म और आर्द्र जलवायु में अच्छी तरह से बढ़ता है और वर्षा 2,000 से 2,500 मिमी. हालाँकि, इसके लिए सुनिश्चित सिंचाई सुविधा की आवश्यकता है।"
",What is एक समग्र?,""का परिप्रेक्ष्य वैज्ञानिक कृषि के लिए एक संयुक्त पहल किसानों","मिट्टी के प्रकार की उपयुक्तता: अच्छी उर्वरता स्थिति वाली दोमट और नमकीन मिट्टी वाली दोमट मिट्टी सबसे उपयुक्त होती है केले की खेती के लिए. हालाँकि, अत्यधिक चिकनी और रेतीली मिट्टी केले की फसल के लिए उपयुक्त नहीं होती है। भूमि की तैयारी: भूमि को समतल करने के लिए जुताई, पाटा और पाटा लगाना चाहिए खेत. केला लगाने के लिए 1. 5 x 1. 5 मीटर की दूरी पर 30 x 30 x 30 सेमी आकार का गड्ढा खोदें। मिट्टी का रोगाणुनाशन: भूमि की तैयारी के बाद, गड्ढों को 10 से 10 मिनट तक सूर्य के प्रकाश में रखना चाहिए 15 दिन."
",What is एक समग्र?,""का परिप्रेक्ष्य वैज्ञानिक कृषि के लिए एक संयुक्त पहल किसानों","मिट्टी में पैदा होने वाले कीटों और बीमारियों के भारी संक्रमण की स्थिति में, गर्मी के मौसम में (अधिमानतः मई के दौरान) 15 से 20 दिनों की अवधि के लिए पारदर्शी प्लास्टिक का उपयोग करके मिट्टी का सौरीकरण किया जाना चाहिए। रोपाई का समय: रोपाई का सर्वोत्तम समय 15 जून से 15 जुलाई है। केले की रोपाई हो चुकी है या तो सकर्स या टिशू कल्चर पौधे द्वारा। सकर्स: केले के स्वस्थ खेत से सकर्स का चयन करना चाहिए। पर्याप्त देखभाल होनी चाहिए इस बात का ध्यान रखा गया कि खुदाई और परिवहन के दौरान सकर क्षतिग्रस्त न हों।"
",What is एक समग्र?,""का परिप्रेक्ष्य वैज्ञानिक कृषि के लिए एक संयुक्त पहल किसानों","लगभग 500 से 1,500 ग्राम वजन वाले ताजा सकर का चयन करना चाहिए। फंगल रोगों के नियंत्रण के लिए सकर्स को ऑरोफ्यूजीन के घोल में डुबाना चाहिए रोपण से 1. 5 घंटे पहले 1 (10 ग्राम / 100 लीटर पानी)। टिशू कल्चर प्लांट: स्वस्थ और एक समान पौधों का चयन करें। सिंचाई एवं समय-निर्धारण: सिंचाई की सतही विधि द्वारा केले की फसल के लिए पानी की आवश्यकता - सिंचाई (25-30 सिंचाई) 1,500-1,800 मिमी है। ड्रिप सिंचाई विधि से 900-1,080 मिमी पानी की आवश्यकता होती है। ड्रिप प्रणाली को सर्दियों के दौरान 1. 05 से 2."
",What is एक समग्र?,""का परिप्रेक्ष्य वैज्ञानिक कृषि के लिए एक संयुक्त पहल किसानों",25 घंटे की अवधि के लिए और गर्मियों के दौरान 2. 5 से 2. 75 घंटे की अवधि के लिए 1. 2 किलोग्राम/सेमी2 के दबाव पर वैकल्पिक दिन पर संचालित किया जाना चाहिए। केला 1ऑरोफ़ुगिन- सावधानी के साथ उपयोग किया जाना चाहिए। Page 62 --- 54 मिट्टी और पौधों का पोषण बुनियादी कृषि पर किसान की पुस्तिका ड्रिप सिस्टम का विवरण पार्श्व दूरी 1. 5 मी प्रति पौधा ड्रिपर 2 तने के दोनों तरफ दो ड्रिपर्स के बीच 30 सेमी की दूरी रखें ड्रिपर डिस्चार्ज दर 4.
",What is एक समग्र?,""का परिप्रेक्ष्य वैज्ञानिक कृषि के लिए एक संयुक्त पहल किसानों","0 एलपीएच ड्रिप सिंचाई के तहत केले के लिए पानी की आवश्यकता रोपण के महीनों बाद लीटर/दिन/पौधा 1-3 5 3-5 9 5-8 11 8-11 10 उर्वरकों का प्रयोग बेसल भूमि की तैयारी के समय 20 से 25 टन प्रति हेक्टेयर की दर से एफवाईएम का प्रयोग करना चाहिए। उर्वरक की शीर्ष ड्रेसिंग नीचे दिए अनुसार किया जाना चाहिए पानी में घुलनशील उर्वरकों का उपयोग करने के लिए, फर्टिगेशन की निम्नलिखित अनुसूची का पालन किया जा सकता है: पोषक तत्व उर्वरक आवेदन अनुसूची एन (180 ग्राम/पौधा) 15 से 20 के अंतराल पर 7 से 8 विभाजन दिन."
",What is एक समग्र?,""का परिप्रेक्ष्य वैज्ञानिक कृषि के लिए एक संयुक्त पहल किसानों",पी (72 ग्राम/पौधा) 15 से 20 दिनों के अंतराल पर 7 से 8 टुकड़े। के (180 ग्राम/पौधा) 15 से 20 दिनों के अंतराल पर 7 से 8 टुकड़े। प्रयोग का समय: जल में घुलनशील उर्वरकों की कुल मात्रा 7 से 8 मात्रा में प्रयोग करना चाहिए 15 से 20 दिन के अंतराल पर फूटता है। पहला विभाजन मानसून से पहले रोपण के समय किया जाना चाहिए और शेष मानसून समाप्त होने के बाद किया जाना चाहिए। निराई-गुड़ाई: केले के खेतों को हाथ से निराई-गुड़ाई/अंतर्संस्कृति द्वारा खरपतवार मुक्त रखना चाहिए खरपतवारनाशी (उभरने से पहले डाययूरॉन 1.
",What is एक समग्र?,""का परिप्रेक्ष्य वैज्ञानिक कृषि के लिए एक संयुक्त पहल किसानों","2 किग्रा/हेक्टेयर की दर से) का प्रयोग। काले प्लास्टिक (50 मील-क्रोन) या गन्ने के कूड़ेदान (@10 टन/हेक्टेयर) से मल्चिंग की जानी चाहिए। यदि आवश्यक हो तो मल्चिंग से पहले हाथ से निराई-गुड़ाई करनी चाहिए। डीसुकरिंग: सबसे पहले डीसुकरिंग मैन्युअल रूप से की जानी चाहिए। चूसन के पुनर्जनन को न्यूनतम करने के लिए- इसलिए, सकर के कटे हुए हिस्से में 3 मिलीलीटर डीजल या मिट्टी का तेल डालना चाहिए।"
",What is एक समग्र?,""का परिप्रेक्ष्य वैज्ञानिक कृषि के लिए एक संयुक्त पहल किसानों","केला Page 63 --- मिट्टी और पौधों का पोषण बुनियादी कृषि पर किसान की पुस्तिका 55पौधों की सुरक्षा के उपाय रोग नियंत्रण के उपाय बंची टॉप एफिड को प्रणालीगत कीटनाशक लगाकर नियंत्रित किया जाना चाहिए अर्थात; एसिटामिप्रिड: (0. 2 ग्राम/लीटर)। समय से पहले पकने वाले फलों के सक्कर को 10 ग्राम ऑरोफुगिन के घोल में डुबाना चाहिए 1. 5 घंटे के लिए 100 लीटर पानी। कीट नियंत्रण के उपाय राइज़ोम वीविल और नेमाटोड नीम आधारित उत्पाद जैसे नीम का तेल, नीम केक, नीम बीज कर्नेल अर्क (एनएसकेई) लगाया जा सकता है।"
",What is एक समग्र?,""का परिप्रेक्ष्य वैज्ञानिक कृषि के लिए एक संयुक्त पहल किसानों","बंच कवरेज: बंच के पूर्ण रूप से बनने के बाद इसे एलएलडीपी फिल्म से ढक देना चाहिए बैग (नीला, सफेद या काला रंग)। इससे केले की पैदावार के साथ-साथ गुणवत्ता भी बेहतर होती है। कटाई का समय: परिपक्वता किस्म के अनुसार भिन्न-भिन्न होती है लेकिन आमतौर पर फसल को लगभग 12-14 महीने लगते हैं परिपक्व होना. उपज: उपरोक्त पद्धतियों को अपनाने से केले की पैदावार लगभग 70 से 80 टन/हेक्टेयर होती है। आम तौर पर, आकार और रंग आधारित ग्रेडिंग की जाती है."
",What is एक समग्र?,""का परिप्रेक्ष्य वैज्ञानिक कृषि के लिए एक संयुक्त पहल किसानों","कटाई के बाद की संभाल और भंडारण: केले को ठंडी जगह पर एक सप्ताह तक संग्रहीत किया जा सकता है लेकिन कच्चे केले को रेफ्रिजरेटर में संग्रहित नहीं किया जाना चाहिए क्योंकि इससे पकने की प्रक्रिया अपरिवर्तनीय रूप से बाधित हो सकती है। यदि केला अब हरा नहीं है, तो यह पक गया है और इसे अधिकतम एक सप्ताह तक संग्रहीत किया जा सकता है। भण्डारण के लिए केले को 13o से 140C पर भण्डारित करना चाहिए। कटाई के बाद गुच्छों को रोशनी से दूर रखना चाहिए क्योंकि इससे पकने और नरम होने में तेजी आती है।"
",What is एक समग्र?,""का परिप्रेक्ष्य वैज्ञानिक कृषि के लिए एक संयुक्त पहल किसानों","निर्यात के लिए, हाथों को 4-16 अंगुलियों की इकाइयों में काटा जाता है, लंबाई और परिधि दोनों के लिए वर्गीकृत किया जाता है और निर्यात आवश्यकता के आधार पर 12 से 18 किलोग्राम वजन रखने के लिए सावधानीपूर्वक पॉली-लाइन वाले बक्से में रखा जाता है। पैकेजिंग से पहले फलों को लेटेक्स हटाने के लिए पानी या पतला सोडियम हाइपोक्लोराइट घोल में साफ किया जाता है और थायोबेंडाजोल से उपचारित किया जाता है।"
",What is एक समग्र?,""का परिप्रेक्ष्य वैज्ञानिक कृषि के लिए एक संयुक्त पहल किसानों","प्लास्टिक पैकेजिंग: 400 गेज एलडीपीई में पैक करने पर केले की गुणवत्ता को बढ़ाया जा सकता है (लो-डेंसिटी पॉली एथिलीन) बैग या तो परिवेश के तापमान के तहत या शून्य ऊर्जा शीतलन कक्ष (13. 5 डिग्री सेल्सियस) में वेंटिलेशन के साथ या बिना वेंटिलेशन के। केले के फलों को कम तापमान पर बिना हवादार पॉलीबैग में भंडारण करने से फलों की शेल्फ लाइफ 19. 33 दिनों तक बढ़ सकती है। लागत अर्थशास्त्र वार्षिक प्रणाली लागत (रु. /हेक्टेयर) 17,500 खेती की लागत (रु. /हेक्टेयर) 1,08,000 कुल लागत (रु. /हे. ) 1,25,500 कुल आय (रु."
",What is एक समग्र?,""का परिप्रेक्ष्य वैज्ञानिक कृषि के लिए एक संयुक्त पहल किसानों","/हेक्टेयर) 2,10,000 से 2,40,000 शुद्ध आय (रु. /हेक्टेयर) 84,500 से 1,14,500 सी:बी अनुपात 1:1. 67 केला 1ऑरोफुगिन- सावधानी के साथ इस्तेमाल किया जाना चाहिए। Page 64 --- 56 मिट्टी और पौधों का पोषण बुनियादी कृषि पर किसान की पुस्तिका द्वितीय. प्रथाओं के पैकेज - आम आम भारत की सबसे महत्वपूर्ण फल फसल है। भारत में लगभग 12. 750 मिलियन टन आम का उत्पादन होता है 5. 5 मिलियन टन/हेक्टेयर की औसत उत्पादकता के साथ 2. 309 मिलियन हेक्टेयर क्षेत्र से।"
",What is एक समग्र?,""का परिप्रेक्ष्य वैज्ञानिक कृषि के लिए एक संयुक्त पहल किसानों","प्रमुख उत्पादक राज्य हैं आंध्र प्रदेश, उत्तर प्रदेश, बिहार, कर्नाटक, तमिलनाडु, पश्चिम बंगाल, उड़ीसा और महाराष्ट्र। उत्तर प्रदेश में आम की खेती 0. 2712 मिलियन हेक्टेयर है और 2008-09 के दौरान कुल उत्पादन 3. 465 मिलियन टन और उत्पादकता 12. 8 मिलियन टन/हेक्टेयर है। भारत आम उत्पादन और खेती के क्षेत्रफल के मामले में दुनिया में पहले स्थान पर है। आम विटामिन ए का एक समृद्ध स्रोत है और इसमें विटामिन सी की काफी अच्छी मात्रा होती है।"
",What is एक समग्र?,""का परिप्रेक्ष्य वैज्ञानिक कृषि के लिए एक संयुक्त पहल किसानों","आम के फलों का उपयोग अचार, चटनी, अमचूर, जैम, स्क्वैश, अमृत और कई अन्य स्वादिष्ट उत्पादों की तैयारी के लिए किया जाता है। जलवायु एवं मिट्टी: आम को काली कपास मिट्टी को छोड़कर जलोढ़ से लेटेरिटिक मिट्टी तक उगाया जा सकता है जिसमें जल निकासी की व्यवस्था खराब है। आम की खेती के लिए 24 से 270C के बीच का तापमान आदर्श है। किस्म: दशहरी, लंगड़ा, चौसा, बॉम्बे ग्रीन, लखनऊ सफेदा, मल्लिका और आम्रपाली। वास्तविक रोपण सामग्री का गुणन: आम को लिबास, वेज द्वारा प्रचारित किया जा सकता है और नरम लकड़ी ग्राफ्टिंग।"
",What is एक समग्र?,""का परिप्रेक्ष्य वैज्ञानिक कृषि के लिए एक संयुक्त पहल किसानों","पॉलीहाउस में संरक्षित नर्सरी और नमी के स्तर को बढ़ाने के लिए स्प्रिंकलर और ड्रिप का उपयोग आम होता जा रहा है, जो उच्च ग्राफ्टिंग सफलता दर के लिए आवश्यक है। भूमि की तैयारी: भूमि को रोपण से एक माह पहले तैयार कर लेना चाहिए। 1 मी x के गड्ढे 1 मी x 1 मी आकार की खुदाई की जाती है। हानिकारक मिट्टी के जीवों को मारने के लिए गड्ढों को 2 से 4 सप्ताह तक खुला रखा जाता है। मृदा बंध्याकरण: मृदा बंध्याकरण भौतिक और रासायनिक दोनों तरीकों से प्राप्त किया जा सकता है।"
",What is एक समग्र?,""का परिप्रेक्ष्य वैज्ञानिक कृषि के लिए एक संयुक्त पहल किसानों",भौतिक नियंत्रण उपायों में भाप और सौर ऊर्जा शामिल हैं। रासायनिक नियंत्रण विधियों में शामिल हैं - बाइसाइड और फ्यूमिगेंट्स। मिट्टी का रोगाणुनाशन पारदर्शी प्लास्टिक मल्च फिल्म (25 माइक्रोन मोटाई) का उपयोग करके भी किया जा सकता है जिसे मृदा सौरीकरण कहा जाता है। रोपण: वर्गाकार और आयताकार प्रणालियाँ लोकप्रिय हैं। रोपण से पहले गड्ढों को गोबर की खाद से भर दिया जाता है 15-20 कि. ग्रा. /पौधा की दर से। कलमों को जुलाई से सितंबर के दौरान लगाया जाना चाहिए।
",What is एक समग्र?,""का परिप्रेक्ष्य वैज्ञानिक कृषि के लिए एक संयुक्त पहल किसानों",रोपण घनत्व: उच्च घनत्व (3m x 6m या 5m x 5m) रोपण उपज/इकाई बढ़ाने में मदद करता है क्षेत्र. आम की सामान्य रोपण दूरी 8m x 8m होती है। छत्र प्रबंधन: रोपण के छठे महीने के बाद प्रशिक्षण दिया जाना चाहिए। यह करना आवश्यक है शाखाओं को उचित स्थान पर रखना और अंतरसांस्कृतिक संचालन में मदद करना। प्रारंभिक शाखाओं की ऊंचाई 60 से 70 सेमी के बीच उपयुक्त होती है।
",What is एक समग्र?,""का परिप्रेक्ष्य वैज्ञानिक कृषि के लिए एक संयुक्त पहल किसानों","फसल की पानी की आवश्यकता पौधे की आयु फसल की पानी की आवश्यकता लीटर/दिन/पेड़ में वाई ओंग पौधा (3 वर्ष तक) 9-12 लीटर 3-6 वर्ष 30-35 लीटर 6-10 वर्ष 50-60 लीटर 9-12 वर्ष 80-90 लीटर पूर्ण विकसित पेड़ 120 लीटर एक युवा पेड़ को पार्श्व रेखाओं पर 1 मीटर की दूरी पर 2 ड्रिपर्स की आवश्यकता होती है, जबकि पूर्ण विकसित टीज़ को इसकी आवश्यकता होती है 1-1. 5 मीटर की दूरी पर दोहरी पार्श्व रेखाओं वाले 2 ड्रिपर्स।"
",What is एक समग्र?,""का परिप्रेक्ष्य वैज्ञानिक कृषि के लिए एक संयुक्त पहल किसानों","आम Page 65 --- मिट्टी और पौधों का पोषण बुनियादी कृषि पर किसान की पुस्तिका 57 आम उर्वरकों का प्रयोग : आम को वर्ष में दो बार फास्फोरस युक्त खाद देनी चाहिए। मानसून की शुरुआत (जून-जुलाई) और मानसून के बाद की अवधि (सितंबर-अक्टूबर-) बेर). आमतौर पर उर्वरक (एन और के) जून-जुलाई, सितंबर-अक्टूबर, जनवरी-फरवरी और मार्च-अप्रैल के महीने में विभाजित खुराक में लगाए जाते हैं।"
",What is एक समग्र?,""का परिप्रेक्ष्य वैज्ञानिक कृषि के लिए एक संयुक्त पहल किसानों","वयस्क पेड़ों (10 वर्ष या उससे अधिक) के लिए प्रति वर्ष 1,000 ग्राम एन, 75 ग्राम पी2ओ5, 75 ग्राम के2ओ और 100 किलोग्राम एफवाईएम का प्रयोग करना चाहिए। जिंक और बोरोन जैसे सूक्ष्म पोषक तत्वों का उपयोग कोशिका वृद्धि प्रक्रिया में मदद करता है। विकृति: कली अवस्था में (1 सेमी लंबी) अकेले या स्प्रे के साथ संयोजन में खिलना 200 पीपीएम एनएए विकृत पुष्पगुच्छों की संख्या कम कर देता है।"
",What is एक समग्र?,""का परिप्रेक्ष्य वैज्ञानिक कृषि के लिए एक संयुक्त पहल किसानों","वैकल्पिक असर प्रबंधन: पैक्लोबुट्राज़ोल (5-10 ग्राम/मीटर कैनोपी व्यास) का उपयोग, 3 महीने कली फूटने से पहले मिट्टी को भिगोने के माध्यम से नियमित असर प्राप्त करने के लिए उपयोग किया जा सकता है। खरपतवार प्रबंधन: काली प्लास्टिक गीली घास (100 माइक्रोन) खरपतवार के बीजों के अंकुरण को रोकती है और खरपतवार की वृद्धि को रोकता है। युवा पौधे के लिए फिल्म के आकार की आवश्यकता 1 मीटर x 1 मीटर है, और 8 वर्षों के बाद पेड़ के चारों ओर फिल्म की आवश्यकता 2. 5 मीटर x 2. 5 मीटर है।"
",What is एक समग्र?,""का परिप्रेक्ष्य वैज्ञानिक कृषि के लिए एक संयुक्त पहल किसानों","अंतरफसल: आम के बगीचे के अंतराल में कुछ सब्जियों की अंतरफसल लगाई जा सकती है। प्याज, टमाटर, मूली, गाजर, अदरक, हल्दी, मेथी, पत्तागोभी आदि। इसके अलावा, फलों की फसलें भी उगाई जा सकती हैं। शुरुआती 4-5 साल तक पपीता, अनानास आदि। मल्चिंग: काली पॉलिथीन के साथ पैक्लोबुट्राजोल (5 ग्राम और 10 ग्राम/पेड़) से मिट्टी को भिगोना मल्च (100 माइक्रोन) के परिणामस्वरूप सितंबर से अक्टूबर तक वनस्पति फ्लशिंग का न्यूनतम प्रकोप होता है, जिससे जल्दी और प्रचुर मात्रा में फूल आते हैं और अधिक वार्षिक उपज मिलती है।"
",What is एक समग्र?,""का परिप्रेक्ष्य वैज्ञानिक कृषि के लिए एक संयुक्त पहल किसानों","पौध संरक्षण उपाय कीट-कीट लक्षण नियंत्रण के उपाय इस दौरान मैंगो हॉपर कीट हमला करना शुरू कर देता है फूलों का मौसम। एसिटामिप्रिड या थियामेथोक्साम (0. 2 ग्राम/लीटर पानी) का छिड़काव। मीली बग निम्फ नई टहनियों, पुष्पगुच्छों और फूलों के डंठलों से रस चूसते हैं। तने के चारों ओर मिट्टी जमा करना और पेड़ के तने के चारों ओर नीम की खली के साथ मिलाना प्रभावी होता है। तना छेदक कीट मुख्य तने और शाखाओं के माध्यम से सुरंग बनाते हैं।"
",What is एक समग्र?,""का परिप्रेक्ष्य वैज्ञानिक कृषि के लिए एक संयुक्त पहल किसानों","सुरंगों को कठोर तार से साफ करते हैं, इमामेक्टिन बेंजोएट (50 ग्राम / लीटर) डालते हैं और मिट्टी से भर देते हैं। फल मक्खी कीट पकने से ठीक पहले, फलों के छिलके के नीचे, गुच्छों में अपने अंडे देकर फलों को सड़ाते हैं। एसिटामिप्रिड या थियामेथोक्सम (0. 2 ग्राम/लीटर पानी) का प्रयोग करें। Page 66 --- 58 मिट्टी और पौधों का पोषण बुनियादी कृषि पर किसान की पुस्तिका रोग लक्षण नियंत्रण के उपाय एन्थ्रेक्नोज यह पत्तियों, फूल पर हमला करता है पुष्पगुच्छ और फल। कॉपर ऑक्सीक्लोराइड (0."
",What is एक समग्र?,""का परिप्रेक्ष्य वैज्ञानिक कृषि के लिए एक संयुक्त पहल किसानों","03%) का छिड़काव करने से इस रोग को नियंत्रित किया जा सकता है। पत्तों पर पाउडर जैसी फफूंदी जैसी सफेद पाउडर जैसी वृद्धि। गीला करने योग्य सल्फर (0. 02%) और बेयलेटन (0. 05%). बैक्टीरियल कैन-केरअनाकर्षक फल क्योंकि फलों के प्रभावित हिस्सों में अनुदैर्ध्य दरार और बैक्टीरिया का रिसाव दिखाई देता है और फल गिरने लगते हैं। स्ट्रेप्टोसाइक्लिन (100-200 पीपीएम), एग्रीमाइसिन (17% स्ट्रेप्टोमाइसिन) -100 (100 पीपीएम) और कॉपर-प्रति ऑक्सीक्लोराइड 1 (0. 03%)."
",What is एक समग्र?,""का परिप्रेक्ष्य वैज्ञानिक कृषि के लिए एक संयुक्त पहल किसानों","उपज और गुणवत्ता नियंत्रण: एक अच्छी तरह से विकसित पेड़ से प्रति वर्ष प्रति पौधा 50-225 विपणन योग्य फल (50 किलोग्राम) की औसत उपज की उम्मीद की जा सकती है। कटाई और कटाई के बाद प्रबंधन: चौथे वर्ष से आम के फलों की कटाई सुबह के समय हरे रंग की परिपक्व अवस्था में की जा सकती है। कटाई के बाद फलों को उनके आकार, वजन, रंग और परिपक्वता के अनुसार वर्गीकृत किया जाता है। फलों की पैकेजिंग नालीदार फाइबरबोर्ड (सीएफबी) बक्सों में की जानी चाहिए।"
",What is एक समग्र?,""का परिप्रेक्ष्य वैज्ञानिक कृषि के लिए एक संयुक्त पहल किसानों","उच्च मूल्य वाले ताजे आमों को लपेटने के लिए टिशू पेपर और पॉलिथीन फोम पेपर का उपयोग किया जाता है। पॉलीथीन अस्तर को लाभकारी पाया गया है क्योंकि यह नमी बनाए रखता है, जिसके परिणामस्वरूप भंडारण के दौरान कम सिकुड़न होती है। 5 मिनट के लिए 500 मिमी एचजी के उप-वायुमंडलीय दबाव पर कैल्शियम क्लोराइड समाधान (4%) के साथ उपचारित दशहरी को 27 दिनों के लिए 12 डिग्री सेल्सियस पर संग्रहीत किया जा सकता है। ड्रिप सिंचित आम की लागत अर्थशास्त्र (एक हेक्टेयर) ब्याज दर 10. 5% सिस्टम का जीवन 7."
",What is एक समग्र?,""का परिप्रेक्ष्य वैज्ञानिक कृषि के लिए एक संयुक्त पहल किसानों","5 वर्ष अपेक्षित उपज 19 टन/हे रोपण दूरी 5m x 5m खेती की लागत 24,000 रु निर्धारित लागत 30,298 रूपये ड्रिप सिस्टम की वार्षिक लागत 8,713 रु अपेक्षित लागत लाभ अनुपात 1:6. 0 आम Page 67 --- मिट्टी और पौधों का पोषण बुनियादी कृषि पर किसान की पुस्तिका 59III. प्रथाओं का पैकेज - गन्ना समय सारिणी अनुशंसित संचालन रोपण से पहले भूमि की 45 सेमी गहराई तक जुताई करें। 25 टन प्रति हेक्टेयर अच्छी तरह विघटित फार्म यार्ड खाद डालें (FYM) या सड़ा हुआ गुड़ या खाद डालें और ट्रैक्टर से खेत की गहरी जुताई करें।"
",What is एक समग्र?,""का परिप्रेक्ष्य वैज्ञानिक कृषि के लिए एक संयुक्त पहल किसानों","80 सेमी की दूरी पर 20 सेमी ऊंचाई वाली मेड़ और नाली बनाएं 10 मीटर तक की लंबाई. कूंडों में 375 किलोग्राम सुपर फॉस्फेट डालें। रोपण का दिन 6-8 महीने पुराने लगभग 75,000 दो कलियों वाले सेट प्रति हेक्टेयर चुनें नर्सरी में या एकल-कली वाले सेट वाले पॉली बैग में पौध उगाएँ। सेट्स को तैयार घोल में डुबाकर 10 मिनट तक उपचारित करें 250 लीटर पानी में थायमिन, 2. 5 किलोग्राम यूरिया और 2. 5 किलोग्राम चूना। सेटों को किनारों पर कलियों के साथ 2 सेमी गहराई में रोपें।"
",What is एक समग्र?,""का परिप्रेक्ष्य वैज्ञानिक कृषि के लिए एक संयुक्त पहल किसानों","प्रत्येक 10 कुंडों के लिए, गैप फिलिंग के लिए एक कुंड में 2 पंक्तियों में पौधे लगाएं। उद्देश्य. रोपण के बाद तीसरा दिन खरपतवार नियंत्रण के लिए एट्राटाफ 2. 5 किग्रा/हेक्टेयर की दर से 500 लीटर पानी में मिलाकर छिड़काव करें हाथ स्प्रेयर. रोपण के 5वें दिन गन्ने का कचरा मेड़ पर 15 सेमी की ऊंचाई तक फैलाएं। रोपण के 25वें दिन पॉलीबैग में उगाए गए पौधों से या लगाए गए 2 पंक्तियों से लिए गए पौधों से गैप-फिल करें - प्रत्येक 10वें कुंड में कुंड बनाएं।"
",What is एक समग्र?,""का परिप्रेक्ष्य वैज्ञानिक कृषि के लिए एक संयुक्त पहल किसानों","रोपण के 30वें दिन प्रति हेक्टेयर 5 किलोग्राम एज़ोस्पिरिलम और 5 किलोग्राम फॉस्फोबैक्टीरियम को 250 किलोग्राम पीसे हुए गोबर की खाद के साथ मिलाएं। पौधों के नीचे लगाएं और तुरंत सिंचाई करें। 35वें दिन के बाद से रोपण के 35 से 100 दिन बाद 7-10 दिन में एक बार सिंचाई करें। प्रारंभिक प्ररोह छेदक के हमले को रोकने के लिए, सेटों पर सल्फर का प्रयोग करें मिट्टी से ढक दें."
",What is एक समग्र?,""का परिप्रेक्ष्य वैज्ञानिक कृषि के लिए एक संयुक्त पहल किसानों","यदि 25-30% अंकुर प्रभावित होते हैं, तो प्रत्येक 100 मीटर लंबाई के लिए नाली में, सल्फर मिलाएं और हाथ स्प्रेयर का उपयोग करके टहनियों के सिरों और तली पर लगाएं। गन्ना Page 68 --- 60 मिट्टी और पौधों का पोषण बुनियादी कृषि पर किसान की पुस्तिका रोपण के 45वें दिन हाथ से निराई-गुड़ाई करें। गड्ढों में 110 किलोग्राम नाइट्रोजन1, 60 किलोग्राम पोटाश तथा 35 किलोग्राम का मिश्रण डालें नीम की खली प्रति हेक्टेयर. 60वाँ, 90वाँ और 120वाँ रोपण के कुछ दिनों बाद अवधि के दौरान यूरिया 2. 5%, पोटेशियम क्लोराइड 2."
",What is एक समग्र?,""का परिप्रेक्ष्य वैज्ञानिक कृषि के लिए एक संयुक्त पहल किसानों","5% के मिश्रण का छिड़काव करें सूखे का. 60वें दिन 5 किलो एजोस्पिरिलम, 5 किलो फॉस्फो- का मिश्रण लगाएं। जीवाणु और 250 किलोग्राम विघटित गोबर की खाद को पाउडर के रूप में पौधों के निचले हिस्से में डालें और तुरंत सिंचाई करें। 90वें दिन हाथ से निराई-गुड़ाई करें; गड्ढों में लगाएं (मिट्टी चढ़ाने के बाद) a 110 कि. ग्रा. नाइट्रोजन का मिश्रण 1. 60 किलो पोटैशियम और 35 किलो नीम केक प्रति हेक्टेयर. रोपण के 120वें दिन सूखे की स्थिति में, 60 किलोग्राम पोटैशियम डालें और तुरंत सिंचाई करें।"
",What is एक समग्र?,""का परिप्रेक्ष्य वैज्ञानिक कृषि के लिए एक संयुक्त पहल किसानों","150 दिन से 225 दिन तक रोपण के बाद रोपण के 150 दिन बाद कूड़ा-कचरा हटा दें। यदि अंतर-नोड छेदक मौजूद है, तो 5 सीसी प्रति हेक्टेयर की दर से 6 बार परजीवी छोड़ें 15 दिन में एक बार. 101-210 दिन - 7 दिनों में एक बार सिंचाई करें। 210वें दिन - फंसे हुए गन्नों को हटा दें और बांध दें। 225वें दिन- एसिटामिप्रिड या थियामेथोक्साम (2 मि. ली. /लीटर पानी) का छिड़काव करें। मीली बग, सफेद मक्खी और शल्क पर नियंत्रण रखें।"
",What is एक समग्र?,""का परिप्रेक्ष्य वैज्ञानिक कृषि के लिए एक संयुक्त पहल किसानों","260वां दिन पायरिला और सभी चूसने वाले कीटों को नियंत्रित करने के लिए पत्तियों के नीचे (यदि आवश्यक हो) इमामेक्टिन बेंजोएट (50 ग्राम/लीटर) पानी का छिड़काव करें। 270 से 360 दिन 15 दिन में एक बार सिंचाई करें। कटाई से 15 दिन पहले सिंचाई बंद कर दें। कटाई गन्नों को दरांती या तेज चाकू से जमीन के करीब नीचे से काटें। कचरा, जड़ें, पानी की टहनियाँ और गन्ने के ऊपरी हिस्से को हटा दें और साफ गन्ने को कारखाने में भेजें। गन्ना 1नाइट्रोजन- सावधानी और निवारक उपायों (दस्ताने, आदि) के साथ उपयोग किया जाना चाहिए।"
",What is एक समग्र?,""का परिप्रेक्ष्य वैज्ञानिक कृषि के लिए एक संयुक्त पहल किसानों","Page 69 --- मिट्टी और पौधों का पोषण बुनियादी कृषि पर किसान की पुस्तिका 61संचालन की अनुसूची: पेड़ की फसल समय सारिणी अनुशंसित संचालन सही नमी की स्थिति में कचरा, ठूंठ को समान रूप से हटाएं- तेज कुदालों से हमला। 15 टन गोबर की खाद या 25 टन कम्पोस्ट या 25 टन सड़ी हुई खाद मिलाएं। गड्ढों में प्रति हेक्टेयर 375 किलोग्राम सुपरफॉस्फेट (75 किलोग्राम पी2ओ5), 135 किलोग्राम नाइट्रोजन और 35 किलोग्राम नीम की खली डालें।"
",What is एक समग्र?,""का परिप्रेक्ष्य वैज्ञानिक कृषि के लिए एक संयुक्त पहल किसानों",मेड़ों के किनारों को काटकर और मिश्रण सुनिश्चित करके तुरंत सिंचाई करें- प्रयुक्त खादों का मिट्टी में अच्छी तरह से घुलना। अट्राटाफ 2. 5 किलोग्राम को 500 लीटर पानी में मिलाकर छिड़काव करके खरपतवारों पर नियंत्रण रखें हाथ स्प्रे. 9वां-10वां दिन प्रति हेक्टेयर 5 किलोग्राम एज़ोस्पिरिलम और 5 किलोग्राम फॉस्फोबैक्टीरिया को 250 किलोग्राम चूर्णित गोबर की खाद के साथ मिलाएं और पौधों के नीचे लगाएं और तुरंत सिंचाई करें। पौधों के गन्नों से प्राप्त कूड़े को खाँचों पर फैलाएँ।
",What is एक समग्र?,""का परिप्रेक्ष्य वैज्ञानिक कृषि के लिए एक संयुक्त पहल किसानों","25वां-30वां दिन बड़े पौधों के साथ गैप भरें। प्रारंभिक शूट बोरर के हमले को रोकने के लिए, सेटों पर सल्फर लगाएं मिट्टी से ढक दें. 35वां दिन प्रति हेक्टेयर 5 किलोग्राम एज़ोस्पिरिलम को 250 किलोग्राम चूर्णित गोबर की खाद के साथ मिलाकर पौधों के नीचे लगाएं और तुरंत सिंचाई करें। 1-35 दिन तक 7 दिन में एक बार सिंचाई करें. 35-90 दिनों तक 10 दिनों में एक बार सिंचाई करें। 60वें दिन हाथ से निराई-गुड़ाई करें।"
",What is एक समग्र?,""का परिप्रेक्ष्य वैज्ञानिक कृषि के लिए एक संयुक्त पहल किसानों","गड्ढों में 110 किलोग्राम नाइट्रोजन, 60 किलोग्राम पोटाश और 35 किलोग्राम का मिश्रण डालें प्रति हेक्टेयर नीम की खली डालें और हल्की मिट्टी चढ़ाएं। 90वें दिन सूखे की स्थिति में 60 किलोग्राम पोटाश अतिरिक्त डालें। 91- 250 दिन 7 दिन में एक बार सिंचाई करें। गन्ना Page 70 --- 62 मिट्टी और पौधों का पोषण बुनियादी कृषि पर किसान की पुस्तिका 30, 60 और 90 दिन यूरिया 2. 5% और पोटेशियम क्लोराइड 2. 5% के मिश्रण का छिड़काव करें सूखे की स्थिति में पत्तियां. 120वें दिन डेट्राश और मिट्टी अच्छी तरह से ऊपर उठ गई।"
",What is एक समग्र?,""का परिप्रेक्ष्य वैज्ञानिक कृषि के लिए एक संयुक्त पहल किसानों","121 से 210 दिन ट्राइकोग्रामा परजीवियों को (जब आवश्यक हो) 15 दिनों में एक बार छोड़ें। 180 दिन: दूसरी बार डेट्राश। 210 दिन मिली बग, सफेद मक्खी और स्केल कीटों को नियंत्रित करने के लिए एसिटामिप्रिड या थियामेथोक्साम (0. 2 ग्राम/लीटर पानी) का छिड़काव करें। 251-360 दिन 15 दिन में एक बार सिंचाई करें तथा कटाई से 15 दिन पहले सिंचाई बंद कर दें। कटाई गन्नों को दरांती या तेज चाकू से जमीन के करीब नीचे से काटें। कचरा, जड़ें, पानी की टहनियाँ और गन्ने के ऊपरी हिस्से को हटा दें और साफ गन्ने को कारखाने में भेजें।"
",What is एक समग्र?,""का परिप्रेक्ष्य वैज्ञानिक कृषि के लिए एक संयुक्त पहल किसानों","ध्यान दें: जल प्रबंधन - बारिश की मात्रा के आधार पर सिंचाई अंतराल को समायोजित किया जाना चाहिए, रेतीली मिट्टी में सिंचाई के बीच अंतर को कम करें और ब्लॉक मिट्टी में इसे बढ़ाएं। गन्ना Page 71 --- मिट्टी और पौधों का पोषण बुनियादी कृषि पर किसान की पुस्तिका 63IV . नागपुर मंदारिन के लिए अभ्यास का पैकेज खेती स्थल का चयन बाग: मिट्टी अच्छी जल निकासी वाली और उथली या मध्यम गहराई की होनी चाहिए। गहरी भारी मिट्टी होती है- 60% से अधिक मिट्टी की मात्रा नींबू वर्गीय पौधों के रोपण के लिए उपयुक्त नहीं है।"
",What is एक समग्र?,""का परिप्रेक्ष्य वैज्ञानिक कृषि के लिए एक संयुक्त पहल किसानों","नर्सरी: नर्सरी कम से कम 500 मीटर की दूरी पर स्थित होना चाहिए, अधिमानतः बगीचे के पश्चिमी तरफ ताकि इसे कम किया जा सके कीटों और बीमारियों का प्रकोप. नींबू वर्गीय पौधों की नर्सरी तैयार करना रूटस्टॉक बीजों की बुआई प्राथमिक नर्सरी में ट्रे और द्वितीयक नर्सरी में पॉलिथीन बैग भरने के लिए मिट्टी, रेत और एफवाईएम या खाद के पॉटिंग मिश्रण का समान अनुपात (1:1:1) में उपयोग किया जाना चाहिए। बैग/ट्रे भरने के लिए उपयोग करने से पहले, पॉटिंग मिश्रण को सोलराइज़ किया जाना चाहिए।"
",What is एक समग्र?,""का परिप्रेक्ष्य वैज्ञानिक कृषि के लिए एक संयुक्त पहल किसानों","सौर्यीकरण के लिए, इसे अप्रैल-मई के महीने में कंक्रीट प्लेटफॉर्म पर 4"""" मोटी परत में फैलाया जाता है, पानी से पर्याप्त रूप से सिक्त किया जाता है, फिर सफेद पॉलिथीन शीट से पूरी तरह से ढक दिया जाता है, इसके किनारों को मिट्टी से सील कर दिया जाता है। फिर इसे सौर्यीकरण के लिए तेज धूप में 11/2 से 2 महीने तक बिना किसी व्यवधान के छोड़ दिया जाना चाहिए। केवल मोटे नींबू या रंगपुर नींबू रूटस्टॉक्स के प्रमाणित बीज का उपयोग किया जाना चाहिए।"
",What is एक समग्र?,""का परिप्रेक्ष्य वैज्ञानिक कृषि के लिए एक संयुक्त पहल किसानों","छाया में सुखाए गए रूटस्टॉक्स के मध्यम आकार के मोटे बीजों को वीटावैक्स या थीरम से उपचारित करना चाहिए (@3 ग्राम/किलो बीज) और सितंबर-अक्टूबर के दौरान ऊंचे बिस्तरों पर या प्लास्टिक ट्रे में बोया जाता है। क्यारियों में पानी जमा होने से बचना चाहिए अन्यथा छोटे पौधों की जड़ें उखड़ने लग सकती हैं। माध्यमिक नर्सरी में स्थानांतरित करते समय केवल मध्यम ऊंचाई के समान पौधों का चयन किया जाना चाहिए, या तो मजबूत या कमजोर और बौने पौधों को हटा दिया जाना चाहिए।"
",What is एक समग्र?,""का परिप्रेक्ष्य वैज्ञानिक कृषि के लिए एक संयुक्त पहल किसानों",झुकी हुई या मुड़ी हुई जड़ों वाले पौधों को हटा देना चाहिए। नागपुर मंदारिन के रोग मुक्त बडग्राफ्ट पौध संरक्षण उपाय फाइटोफ्थोरा संक्रमित पौधों को नष्ट कर देना चाहिए। फाइटोफ्थोरा संक्रमण के मामले में पौधों को मेटालेक्सिल एमजेड72 @ 2. 75 ग्राम/लीटर पानी या फोसेटाइल अल @ 2. 5 ग्राम/लीटर पानी से भिगोना चाहिए। दूसरा छिड़काव 40 दिन बाद करना चाहिए। सिट्रस लीफ माइनर और थ्रिप्स जैसे कीटों के संक्रमण को रोकने के लिए पौधों को 10 दिनों के अंतराल पर एसिटामिप्रिड या थियामेथोक्साम (0.
",What is एक समग्र?,""का परिप्रेक्ष्य वैज्ञानिक कृषि के लिए एक संयुक्त पहल किसानों","2 ग्राम/लीटर पानी) का छिड़काव करना चाहिए। घुन के हमले के कारण पौधों की वृद्धि पर भी प्रतिकूल प्रभाव पड़ता है, जिसे फेनाज़ाक्विन 10% ईसी @ 4 मिली/लीटर और वेटेबल सल्फर @ 3 ग्राम/लीटर पानी के साथ छिड़काव करके नियंत्रित किया जा सकता है, परिवर्तन - मूल रूप से 15-20 दिनों के अंतराल पर। कंटेनरीकृत नर्सरी में सिंचाई, उर्वरक अनुप्रयोग, खरपतवार नियंत्रण, कीट और रोग नियंत्रण के साथ-साथ सांस्कृतिक संचालन आसानी से किया जा सकता है।"
",What is एक समग्र?,""का परिप्रेक्ष्य वैज्ञानिक कृषि के लिए एक संयुक्त पहल किसानों","नागपुर मंदारिन Page 72 --- 64 मिट्टी और पौधों का पोषण बुनियादी कृषि पर किसान की पुस्तिका नवोदित लेखक की ओर से बडस्टिक्स का उपयोग किया जाना चाहिए - केवल प्रमाणित और प्रमाणित स्रोत। बडस्टिक को सबसे आखिर में खींचना चाहिए साल बह गए. छड़ी पेंसिल की मोटाई की होनी चाहिए, गोलाकार होनी चाहिए और उस पर सफेद अनुदैर्ध्य धारियाँ होनी चाहिए। बडस्टिक को रबर-बेरी की लकड़ी या कीकरपानी के पौधों से नहीं बनाया जाना चाहिए। रूटस्टॉक अंकुर पर बडिंग 10” – 12” ऊंचाई पर की जानी चाहिए।"
",What is एक समग्र?,""का परिप्रेक्ष्य वैज्ञानिक कृषि के लिए एक संयुक्त पहल किसानों","बाग स्थापना गड्ढों का आकार रोपण के लिए गड्ढे 2'6"""" x 2'6"""" x 2'6"""" (75 x 75 x 75 सेमी) आकार के होने चाहिए और 6 x 6 मीटर की दूरी पर होने चाहिए। मिट्टी जनित कवक या नेमाटोड से बचने के लिए जड़ों की मिट्टी हटा देनी चाहिए। नवोदितों के लिए रोपण-पूर्व उपचार रोपण से पहले बडलिंग की जड़ों को मेटालेक्सी1MZ72 2. 75 ग्राम के घोल में 10-15 मिनट तक डुबाना चाहिए। कलियों का रोपण रोपण करते समय इस बात का ध्यान रखना चाहिए कि रूटस्टॉक यूनियन जमीन से कम से कम 6” ऊपर रहे।"
",What is एक समग्र?,""का परिप्रेक्ष्य वैज्ञानिक कृषि के लिए एक संयुक्त पहल किसानों","खाद एवं उर्वरक प्रयोग नाइट्रोजन युक्त उर्वरकों को जनवरी, जुलाई और नवंबर महीनों में तीन बराबर भागों में लागू किया जाना चाहिए; फॉस्फोरस युक्त उर्वरकों को जनवरी और जुलाई महीनों में दो भागों में और पोटेशियम युक्त उर्वरकों को जनवरी में एकल खुराक के रूप में लगाया जा सकता है। एनआरसीसी द्वारा नागपुर जिले के कलमेश्वर, काटोल, नरखेड, सावनेर, हिंगना और रामटेक तहसीलों में किए गए सर्वेक्षणों से अधिकांश बगीचों में एन की कमी और 50% बगीचों की पत्ती और मिट्टी में पी की कमी का पता चला है।"
",What is एक समग्र?,""का परिप्रेक्ष्य वैज्ञानिक कृषि के लिए एक संयुक्त पहल किसानों","इसी प्रकार, पत्ती और मिट्टी K या तो वांछित स्तर पर थी या उससे भी अधिक। खट्टे पेड़ नाइट्रोजन प्रेमी पौधे हैं। वे लगाए गए नाइट्रोजन उर्वरकों के प्रति अच्छी प्रतिक्रिया देते हैं। फलों के विकास के दौरान K का प्रयोग भी किया जा सकता है क्योंकि इसकी कमी हो सकती है। फलदार बगीचे के लिए अनुशंसित उर्वरक पैकेज में क्रमशः 200 और 100 ग्राम/पेड़ पर पी और के की अनुपूरक खुराक शामिल की जा सकती है।"
",What is एक समग्र?,""का परिप्रेक्ष्य वैज्ञानिक कृषि के लिए एक संयुक्त पहल किसानों","उर्वरक की खुराक उर्वरक/पेड़ की उम्रI ये ए आर II वाई कान III वाई कान IV वाई कान और ऊपर नाइट्रोजन 150 300 450 600 फास्फोरस 50 100 150 200 पोटैशियम 25 50 75 100 जहां तक संभव हो एन की एक तिहाई खुराक फार्म यार्ड खाद/खाद, तेल केक आदि के माध्यम से दी जा सकती है। नागपुर मंदारिन नागपुर मंदारिन की रोग मुक्त कली ग्राफ्ट Page 73 --- मिट्टी और पौधों का पोषण बुनियादी कृषि पर किसान की पुस्तिका 65पत्ती का नमूना पोषण संबंधी स्थिति के सही निदान के लिए सही नमूनाकरण तकनीक का उपयोग बहुत महत्वपूर्ण है।"
",What is एक समग्र?,""का परिप्रेक्ष्य वैज्ञानिक कृषि के लिए एक संयुक्त पहल किसानों","इसके लिए यह जानना जरूरी है कि कितनी पत्तियां, कब, पौधे के किस भाग से और कितने पेड़ों से नमूना लेना चाहिए। अंबिया बहार के मामले में, अगस्त-अक्टूबर में 5-6 महीने पुरानी पत्तियों का नमूना लेना चाहिए और मृग बहार के लिए दिसंबर और फरवरी में 6-8 महीने पुरानी पत्तियों का नमूना लेना चाहिए। जहां तक ​​संभव हो, चौथी पत्ती की दूसरी, तीसरी पत्ती को गैर-असर वाले अंकुर की नोक से, अधिमानतः जमीन से 1. 5 - 2 मीटर ऊपर से उठाया जाना चाहिए और नमूना लिया जाना चाहिए।"
",What is एक समग्र?,""का परिप्रेक्ष्य वैज्ञानिक कृषि के लिए एक संयुक्त पहल किसानों","ड्रिप सिंचाई सिंचाई की ड्रिप प्रणाली की मदद से, फीडर रूट सिस्टम पर आवश्यक मात्रा में पानी उपलब्ध कराया जा सकता है। इसी प्रकार पानी में घुलनशील उर्वरक एवं सूक्ष्म पोषक तत्व भी ड्रिप प्रणाली से दिये जा सकते हैं। सिंचाई के लिए पानी की आवश्यकता पेड़ की उम्र और वर्ष के मौसम पर निर्भर करती है (तालिका 1)। ड्रिप सिंचाई से मल्चिंग करने से मिट्टी में लंबे समय तक नमी बनी रहती है।"
",What is एक समग्र?,""का परिप्रेक्ष्य वैज्ञानिक कृषि के लिए एक संयुक्त पहल किसानों","नागपुर मंदारिन की पानी की आवश्यकता (लीटर/दिन/पेड़) माह तीनों की आयु (वर्ष) 1 2 3 4 5 6 7 8 9 >10 जनवरी 7 15 22 30 44 62 72 82 92 102 फ़रवरी 9 20 30 40 60 82 96 101 121 137 मार्च 12 26 40 53 78 109 127 145 163 181 14 अप्रैल 29 43 63 87 123 143 163 183 204 17 मई 34 52 74 102 143 166 188 211 235 11 जून 22 34 48 67 95 110 126 142 157 जुलाई 8 18 26 41 56 79 92 105 118 131 7 अगस्त 14 23 34 42 60 70 80 90 100 सितंबर 8 15 25 36 45 65 76 87 98 108 9 अक्टूबर 17 27 40 52 79 92 105 118 131 नवंबर 8 15 25 36 45 63 74 85 96 150 6 दिसंबर 11 19 24 35 49 57 65 73 82 खरपतवार नियंत्रण मोनो और डाइकोटाइलडोनस खरपतवारों के प्रभावी और आर्थिक नियंत्रण के लिए, उद्भव पूर्व खरपतवार- मई के अंत में तथा उसके 120 दिन बाद सीसाइड्स, ड्यूरोन 3 किग्रा."
",What is एक समग्र?,""का परिप्रेक्ष्य वैज्ञानिक कृषि के लिए एक संयुक्त पहल किसानों","करना चाहिए। उभरने के बाद खरपतवार नियंत्रण के लिए, फूल आने से पहले खरपतवारों पर 4 लीटर/हेक्टेयर की दर से ग्लाइफोसेट का छिड़काव करना चाहिए। फल गिरना नींबू वर्गीय फलों में फलों का गिरना गंभीर प्रकृति का होता है जो कम से कम दो बार होता है; यानी पहली बार जब फल संगमरमर के आकार से थोड़े बड़े हों और दूसरी बार जब फल पूरी तरह से विकसित हो जाएं या रंग टूटने के समय।"
",What is एक समग्र?,""का परिप्रेक्ष्य वैज्ञानिक कृषि के लिए एक संयुक्त पहल किसानों","अंबिया बहार की फसल में कटाई से पहले फलों के गिरने में यह गिरावट बहुत गंभीर है नागपुर मंदारिन Page 74 --- 66 मिट्टी और पौधों का पोषण बुनियादी कृषि पर किसान की पुस्तिका नागपुर मंदारिन, जिसे प्री-हार्वेस्ट फ्रूट ड्रॉप कहा जाता है और आर्थिक दृष्टि से महत्वपूर्ण है बागवानों की नजर में. फल लगने के बाद फलों के गिरने को नियंत्रित करने के लिए, 15 पीपीएम पर 2,4-डी या जीए3 + यूरिया 1% और कॉपर ऑक्सीक्लोराइड का दो पत्तों पर छिड़काव करें। 2 (0. 3%) मासिक अंतराल पर अप्रैल-मई अनुशंसित हैं।"
",What is एक समग्र?,""का परिप्रेक्ष्य वैज्ञानिक कृषि के लिए एक संयुक्त पहल किसानों","सितंबर और अक्टूबर के महीनों में फसल-पूर्व गिरावट को नियंत्रित करने के लिए समान स्प्रे एकाग्रता की सिफारिश की जाती है। स्प्रे घोल बनाने से पहले 2,4-डी और जीए3 को अल्कोहल या एसीटोन जैसे कुछ कार्बनिक विलायक की थोड़ी मात्रा (1 ग्राम के लिए 30 - 40 मिली) में घोला जा सकता है।"
",What is एक समग्र?,""का परिप्रेक्ष्य वैज्ञानिक कृषि के लिए एक संयुक्त पहल किसानों","कीट नियंत्रण ब्लैकफ्लाई (कोलशी): सिट्रस ब्लैकफ्लाई के निम्फ युवा फ्लश पर हमला करते हैं, रस चूसते हैं और मलत्याग करते हैं मीठा और चिपचिपा तरल, जो पूरे पौधे की सतह को कवर करने वाले काले कालिखयुक्त फफूंद के तेजी से विकास को बढ़ावा देता है। प्रकाश संश्लेषण की प्रक्रिया में बहुत बाधा आती है, जिसके परिणामस्वरूप पौधों की वृद्धि रुक ​​जाती है, फूल आने की तीव्रता कम हो जाती है, फल कम आते हैं और स्वाद फीका हो जाता है तथा खट्टे फलों के बागानों की संख्या में गिरावट आती है।"
",What is एक समग्र?,""का परिप्रेक्ष्य वैज्ञानिक कृषि के लिए एक संयुक्त पहल किसानों",काली मक्खी के नियंत्रण के लिए कीटनाशकों के दो छिड़काव करें। एसिटामिप्रिड 0. 2 ग्राम/लीटर पानी 50% अंडे सेने की अवस्था में दिया जाना चाहिए जो आमतौर पर जुलाई के दूसरे खरपतवार और दिसंबर और अप्रैल के पहले सप्ताह में होता है। एक अतिरिक्त स्प्रे जो वयस्क ब्लैकफ्लाई आबादी को लक्षित करता है जब यह अपने चरम पर होता है तो कीट को नियंत्रित करने में काफी मदद मिलती है। छिड़काव की विधि: यह सुनिश्चित करते हुए छिड़काव पत्ती के नीचे की ओर किया जाना चाहिए पेड़ का पूरा भीगना।
",What is एक समग्र?,""का परिप्रेक्ष्य वैज्ञानिक कृषि के लिए एक संयुक्त पहल किसानों","कैनोपी की उचित कवरेज और पैठ के लिए, बिजली का उपयोग छिड़काव कार्य के लिए स्प्रेयर की परिकल्पना की जानी चाहिए। बेहतर परिणामों के लिए कीटनाशकों का उपयोग वैकल्पिक रूप से किया जाना चाहिए। सिट्रस साइला: साइला के कई युवा भूरे रंग के निम्फ युवाओं पर रेंगते हुए दिखाई देते हैं फ्लश. कई गंदे भूरे रंग के वयस्कों को ऊपर की ओर पूंछ करके एक पंक्ति में बैठे देखा जा सकता है। निम्फ़ों द्वारा भारी मात्रा में पौधों को नष्ट करने के परिणामस्वरूप लालिमा, फूल और जामुन झड़ जाते हैं।"
",What is एक समग्र?,""का परिप्रेक्ष्य वैज्ञानिक कृषि के लिए एक संयुक्त पहल किसानों","प्रभावित शाखाएं सूख जाती हैं और सड़ने लगती हैं। निम्फ सफेद क्रिस्टलीय पाउडर भी उत्सर्जित करते हैं, जो फंगल संक्रमण को आमंत्रित करता है। फ्लशिंग के शुरुआती दिनों के दौरान 10 दिनों के अंतराल पर दो बार एसिटामिप्रिड 0. 2 ग्राम/लीटर पानी का छिड़काव करके साइला को नियंत्रित किया जा सकता है। छाल खाने वाली इल्ली (लार्वा) से फलों पर घुन (ललिया) का प्रकोप होता है। लीफ माइनर: नई पत्तियों पर सर्पेन्टाइन खदानें देखी जाती हैं और युवा तनों पर भी खनन किया जाता है घटना गंभीर है."
",What is एक समग्र?,""का परिप्रेक्ष्य वैज्ञानिक कृषि के लिए एक संयुक्त पहल किसानों","कभी-कभी नई टहनियों की मृत्यु भी हो सकती है। नर्सरी और छोटे बगीचे में समस्या काफी गंभीर है। साइट्रस पत्ती खनिकों को नियंत्रित करने के लिए, इमिडाक्लोप्रिड 5 मिलीलीटर (कृषि विशेषज्ञ के मार्गदर्शन में उचित खुराक में उपयोग किया जाना चाहिए) और थायमेथोक्साम 0. 2 ग्राम/लीटर पानी का छिड़काव करें। छाल खाने वाली इल्ली: यह कीट मुख्य रूप से पुराने और उपेक्षित बगीचों में देखा जाता है। अक्टूबर-अप्रैल के दौरान दो शाखाओं के जोड़ पर लटकती लकड़ी की झाड़ियाँ और सुरंग कीट की उपस्थिति का संकेत देती है।"
",What is एक समग्र?,""का परिप्रेक्ष्य वैज्ञानिक कृषि के लिए एक संयुक्त पहल किसानों","लार्वा दिन के समय सुरंग के अंदर छिपा रहता है और रात में सक्रिय हो जाता है और सुरंग के पास की छाल को खाता है। इसके परिणामस्वरूप भोजन की आपूर्ति रुक ​​जाती है, अंततः शाखा पर पत्तियाँ पीली पड़ जाती हैं और धीरे-धीरे कम होने लगती हैं। कीट के नियंत्रण के लिए लकड़ी के टुकड़े को साफ करना चाहिए और प्रत्येक सुरंग में इमामेक्टिन बेंजो-एट/स्पिनोसैड @0. 4 मिली/लीटर पानी डालना चाहिए। फल चूसने वाले कीट: कीट शाम के समय पकने वाले फलों पर हमला करते हैं।"
",What is एक समग्र?,""का परिप्रेक्ष्य वैज्ञानिक कृषि के लिए एक संयुक्त पहल किसानों","द कीट रस चूसने के लिए पकने वाले फल में छेद करके उसमें छेद कर देता है जिससे संक्रमण हो सकता है। जल्द ही सड़न शुरू हो जाती है, जिससे फल गिरने लगते हैं। गिराए गए फलों का संग्रह और उनका नागपुर मंदारिन Page 75 --- मिट्टी और पौधों का पोषण बुनियादी कृषि पर किसान की पुस्तिका 67 देर शाम को बगीचे में धूम्रपान के बाद उसे नष्ट करने का सुझाव दिया गया है। फल मक्खी नियंत्रण के लिए, कीट की रोकथाम के लिए मिथाइल यूजेनॉल (फेरोमोन) जाल लटकाना एक प्रभावी तरीका है।"
",What is एक समग्र?,""का परिप्रेक्ष्य वैज्ञानिक कृषि के लिए एक संयुक्त पहल किसानों","माइट: सिट्रस रस्ट माइट विशेष रूप से सितंबर-नवंबर के दौरान मृग बहार के फलों पर हमला करते हैं। फल की सतह, विशेष रूप से सूरज के संपर्क में आने वाले हिस्से को ब्रश किया जाता है और केवल 1 से 11/2 महीने के बाद गहरे भूरे रंग का एक बड़ा धब्बा विकसित होता है - जिसे 'लल्या' कहा जाता है। इसे जांचने के लिए, सितंबर-अक्टूबर में फेनाज़ाक्विन 10% ईसी @ 4 मिलीलीटर/लीटर और वेटेबल सल्फर @ 3 ग्राम/लीटर पानी के साथ 15-20 दिनों के अंतराल पर दो वैकल्पिक प्रोफी-लैक्टिक स्प्रे की सिफारिश की जाती है।"
",What is एक समग्र?,""का परिप्रेक्ष्य वैज्ञानिक कृषि के लिए एक संयुक्त पहल किसानों","इसी प्रकार, फलों को अप्रिय दागों से बचाने के लिए अंबाई फलों की बेरी अवस्था में फाइटोफ्थोरा जनित गमोसिस एसिटामिप्रिड/थियामेथोक्साम @ 0. 2 ग्राम/लीटर पानी का छिड़काव आवश्यक है। एहतियाती उपाय: बगीचे में नहरें बनाकर पानी जमा होने से बचाएं उचित जल निकासी के लिए ढलान. इसके अलावा, बगीचे में नमी को रोकने के लिए हवा और धूप की अनुमति देने के लिए आपस में जुड़ी हुई शाखाओं की छंटाई करने का सुझाव दिया गया है।"
",What is एक समग्र?,""का परिप्रेक्ष्य वैज्ञानिक कृषि के लिए एक संयुक्त पहल किसानों","बगीचे के पास अमरूद, अनार, ची-कू, आम के पेड़ आदि की मौजूदगी काली मक्खी के लिए वैकल्पिक मेजबान के रूप में काम करती है, इसलिए ऐसे पेड़ों को भी कीटनाशक स्प्रे से ढक देना चाहिए। रोगों पर नियंत्रण टहनी झुलसा: कटाई के बाद फल देने वाली शाखाओं का सूखना एक सामान्य घटना है। हटाना टहनी के झुलसा रोग को रोकने के लिए ऐसे सूखे अंकुरों के 2 सेमी निचले जीवित भाग के साथ कवकनाशी स्प्रे यानी कॉपर ऑक्सीक्लोराइड या बोर्डो पेस्ट लगाने की सिफारिश की जाती है। गमोसिस, जड़ सड़न और कॉलर सड़न रोग का उचित निदान आवश्यक है।"
",What is एक समग्र?,""का परिप्रेक्ष्य वैज्ञानिक कृषि के लिए एक संयुक्त पहल किसानों","प्रभावित पेड़ों को मई-जून में एक बार भीगने तक मेटलैक्सिल एमजेड 72 @ 2. 75 ग्राम या फोसेटाइल एएल @ 2. 5 ग्राम/लीटर पानी से उपचारित करना चाहिए। दूसरा छिड़काव 40 दिन बाद करना चाहिए। पेड़ के तने और पेड़ के बेसिन की मिट्टी पर भी छिड़काव/भिगोना चाहिए। सड़ी-गली जड़ों को हटाना, मसूड़ों से रिसते तने पर घाव को तेज चाकू से साफ करना और फिर मेटलैक्सिल से चिपकाना। 3 एमजेड 72 किया जाए।"
",What is एक समग्र?,""का परिप्रेक्ष्य वैज्ञानिक कृषि के लिए एक संयुक्त पहल किसानों","बोर्डो पेस्ट (1 किग्रा CuSO4 + 1 किग्रा CaOH + 10 लीटर पानी) पेड़ के तने पर जमीन से 2 से 21/2 फीट तक दो बार लगाएं, यानी मानसून से पहले (मई) और मानसून के बाद (अक्टूबर)। एहतियाती उपाय • बाढ़ सिंचाई से बचें सिंचाई की डबल रिंग प्रणाली का पालन करें ताकि पानी पेड़ के तने के संपर्क में न आये। जड़ प्रणाली की क्षति/चोट से बचने के लिए पेड़ के नीचे गहरी जुताई करने से बचें। गिरता हुआ नागपुर मंदारिन बाग का कायाकल्प बाग।"
",What is एक समग्र?,""का परिप्रेक्ष्य वैज्ञानिक कृषि के लिए एक संयुक्त पहल किसानों",नागपुर मंदारिन Page 76 --- 68 मिट्टी और पौधों का पोषण बुनियादी कृषि पर किसान की पुस्तिका कवकनाशी का फसल-पूर्व स्प्रे: डिफेनोकोन जैसे कवकनाशी के तीन फसल-पूर्व स्प्रे- भीगने तक एज़ोल 2 मि. ली. प्रति लीटर पानी 15 दिनों के अंतराल पर देने से कटाई से पहले फलों को 54% तक गिरने से रोका जा सकता है। यह फसल कटाई के बाद होने वाली बीमारियों को भी 70% तक नियंत्रित करता है। यह स्प्रे सामान्य तौर पर 3 सप्ताह तक प्रभावी रहता है तापमान.
",What is एक समग्र?,""का परिप्रेक्ष्य वैज्ञानिक कृषि के लिए एक संयुक्त पहल किसानों","कटाई के बाद कवकनाशी उपचार: फलों को कवकनाशी घोल डाइफेनोकोनाज़ोल में डुबोया जाता है 70% तक सड़न को कम करने के लिए 5 मिनट सुरक्षित हैं और सामान्य स्थिति में 3 सप्ताह तक सुरक्षित रूप से संग्रहीत किया जा सकता है। एहतियाती उपाय • फलदार वृक्ष को रोग मुक्त और स्वस्थ रखने के लिए पौध संरक्षण उपायों का पालन करें। फलों की किसी भी प्रकार की क्षति से बचने के लिए कटाई के बाद फलों की संभाल सावधानी से की जानी चाहिए। इस स्तर पर तांबे के कवकनाशी जैसे बी,ऑर्डो मिश्रण, ब्लिटॉक्स, फाइटोलन आदि के उपयोग से बचें।"
",What is एक समग्र?,""का परिप्रेक्ष्य वैज्ञानिक कृषि के लिए एक संयुक्त पहल किसानों",घटते नींबू वर्गीय फलों के बागों का कायाकल्प: घटते नींबू वर्गीय फलों के बागों का कायाकल्प किया जा सकता है विकसित प्रौद्योगिकियों के उपयोग से और उत्पादक चरण में लाया गया। कटाई परंपरागत रूप से फलों को मोड़कर और जोर से खींचकर तोड़ा जाता है जिससे फल की गर्दन में छेद हो सकता है या तने के सिरे पर चोट लग सकती है। फलों की कटाई तब करनी चाहिए जब छिलके का ¾वाँ भाग पीला हो जाए। टीएसएस: अंबिया और मृग बहार दोनों फलों में अम्लता अनुपात 14 से कम नहीं होना चाहिए। टीएसएस कम से कम 10% होना चाहिए।
",What is एक समग्र?,""का परिप्रेक्ष्य वैज्ञानिक कृषि के लिए एक संयुक्त पहल किसानों","एक बार जब यह अवस्था आ जाए, तो रंग विकसित करने के लिए कटाई में देरी नहीं करनी चाहिए क्योंकि अन्य फल ढीले हो सकते हैं। फलों को मिट्टी और भूसे के संपर्क में नहीं आने देना चाहिए और तेज़ धूप के संपर्क में भी नहीं आना चाहिए। कटाई के तुरंत बाद पैकिंग करनी चाहिए। बड़े पैमाने पर वैक्सिंग के लिए पैकिंग लाइन का उपयोग किया जा सकता है। धुलाई और वैक्सिंग (ताजा उच्च चमक 2. 5 ग्राम + टेबुकोनाज़ोल थी) और फलों की ग्रेडिंग भी अंत में स्वचालित रूप से की जाती है।"
",What is एक समग्र?,""का परिप्रेक्ष्य वैज्ञानिक कृषि के लिए एक संयुक्त पहल किसानों","श्रेणीबद्ध फलों को नालीदार फाइबर बोर्ड बक्से (50 x 30 x 30 सेमी) में पैक किया जाता है, जो दूरबीन-आईसी होते हैं और दोनों तरफ छेद होते हैं जो कुल पार्श्व भाग का 5% कवर करते हैं। भण्डार गृह में फलों को नमी से सुरक्षित रखने के लिए बक्सों को बाहरी तौर पर प्लास्टिक से लेमिनेट करना चाहिए। छोटे पैमाने (1 - 1. 5 टन) और छोटी अवधि (20 - 25 दिन) के भंडारण के लिए एक बाष्पीकरणीय शीतल कक्ष की सिफारिश की जाती है, जिसकी लागत 10,000/- से 12,000/- रुपये होती है।"
",What is एक समग्र?,""का परिप्रेक्ष्य वैज्ञानिक कृषि के लिए एक संयुक्त पहल किसानों","फलों की कटाई में देरी करने या स्थगित करने के लिए, रंग टूटने के बिंदु पर 15 दिनों के अंतराल में GA3 (100 मिलीग्राम / 10 लीटर पानी) के दो छिड़काव की सिफारिश की जाती है। लंबी अवधि के कोल्ड स्टोरेज के लिए 6-7 0 C का तापमान और 90-95% आर्द्रता वांछनीय है। ऐसे में खट्टे फलों को 45 दिन से ज्यादा स्टोर करके नहीं रखना चाहिए. ठंड से होने वाली चोट से बचने के लिए इस बात का ध्यान रखना चाहिए कि तापमान 40 C से नीचे न जाए। नागपुर मंदारिन Page 77 --- मिट्टी और पौधों का पोषण बुनियादी कृषि पर किसान की पुस्तिका 692."
",What is एक समग्र?,""का परिप्रेक्ष्य वैज्ञानिक कृषि के लिए एक संयुक्त पहल किसानों","6. सबक सीखा 1. गहरे रंग की मिट्टी हल्के रंग की मिट्टी की तुलना में अधिक उपजाऊ होती है। तटस्थ pH अधिक होता है अधिकांश फसलों के लिए उपयुक्त। अम्लीय मिट्टी में सुधार के लिए चूने का तथा क्षारीय मिट्टी में जिप्सम का उपयोग किया जाता है। 2. मिट्टी में पोषक तत्वों की स्थिति के आधार पर उर्वरकों के विवेकपूर्ण अनुप्रयोग के लिए मिट्टी का परीक्षण आवश्यक है। 3. एकीकृत पोषक तत्व प्रबंधन (आईएनएम) प्रथाएं कुशल, आर्थिक और टिकाऊ उत्पादन के लिए उपयोगी हैं। 4."
",What is एक समग्र?,""का परिप्रेक्ष्य वैज्ञानिक कृषि के लिए एक संयुक्त पहल किसानों","अनुसंधान स्टेशनों द्वारा अनुशंसित पैकेज और प्रथाओं को समग्रता में अपनाया जा सकता है Page 79 --- पौध संरक्षण बुनियादी कृषि पर किसान की पुस्तिका 713. 1. सत्र के उद्देश्य फसल के कीटों, बीमारियों और खरपतवारों के बारे में जागरूकता और समझ बढ़ाना। फसलों में कीड़ों, बीमारियों और खरपतवारों के प्रभावी प्रबंधन पर किसानों के ज्ञान को मजबूत करना एकीकृत कीट प्रबंधन के माध्यम से। किसानों को रसायनों के सुरक्षित रख-रखाव के बारे में जागरूक करना। 3. 2."
",What is एक समग्र?,""का परिप्रेक्ष्य वैज्ञानिक कृषि के लिए एक संयुक्त पहल किसानों","सत्र के अंत में हम क्या जानते हैं कीड़े और उनका जीवन चक्र एकीकृत कीट प्रबंधन (आईपीएम) सहित कीट नियंत्रण के तरीके पौध संरक्षण उपकरण प्रमुख बीमारियों के लक्षण एकीकृत रोग प्रबंधन प्रमुख खरपतवार खरपतवार नियंत्रण के तरीके रसायनों का सुरक्षित रख-रखाव3. पौध संरक्षण 3. 3. फसल में लगने वाले कीट एवं उनका महत्व कीट कोई भी जीव है जो फसल के लिए हानिकारक है उत्पादन. कीट पौधे को नुकसान पहुंचाते हैं 30-90 प्रतिशत की सीमा तक, कभी-कभी यह पूर्ण हानि का कारण भी बन जाता है।"
",What is एक समग्र?,""का परिप्रेक्ष्य वैज्ञानिक कृषि के लिए एक संयुक्त पहल किसानों","कीट में कीड़े, बीमारियाँ और खरपतवार शामिल हैं। गैर कीट कीटों में नेमाटोड, घोंघे और कृंतक शामिल हैं। कीट कई छोटे अकशेरुकी जानवरों में से एक है खंडित शरीर और तीन जोड़ी टांगें और आमतौर पर पंखों के दो जोड़े। कुछ कीट कृषि के लिए लाभदायक तथा कुछ हानिकारक होते हैं। में क्या अंतर है पूर्ण एवं अपूर्ण रूपक - कीड़ों में फ़ोसिस? अपूर्ण और पूर्ण कायापलट में अंतर होता है अंडे से वयस्क में परिवर्तन के दौरान कीट कितने जीवन चक्र चरणों से गुजरते हैं।"
",What is एक समग्र?,""का परिप्रेक्ष्य वैज्ञानिक कृषि के लिए एक संयुक्त पहल किसानों","पूर्ण कायापलट में 4 जीवन चक्र चरण होते हैं और अपूर्ण कायापलट के 3 जीवन चक्र चरण होते हैं। पूर्ण कायापलट पूर्ण कायापलट में चार अलग-अलग जीवन चक्र चरण होते हैं: अंडा, लार्वा, प्यूपा और वयस्क। ऐसे कीड़ों के उदाहरण जो पूरी तरह से गुजरते हैं कायापलट में तितलियाँ, रेशमकीट, भोजन-कीड़े और भिंडी शामिल हैं। लार्वा कृमि जैसा हो सकता है, हालांकि छह पैर अभी भी दिखाई दे रहे हैं। लार्वा रूपी पतंगे और तितलियों को कैटरपिलर कहा जाता है। मैगॉट्स मक्खियों का लार्वा चरण है।"
",What is एक समग्र?,""का परिप्रेक्ष्य वैज्ञानिक कृषि के लिए एक संयुक्त पहल किसानों","लार्वा लगातार खाते हैं और तेजी से बढ़ते हैं। प्यूपा अवस्था में लार्वा के चारों ओर एक कठोर, सुरक्षात्मक आवरण बन जाता है। तितली की प्यूपा अवस्था को क्रिसलिस कहा जाता है। कीट की प्यूपा अवस्था कोकून कहा जाता है। अधूरा कायापलट अपूर्ण कायापलट के तीन जीवन चक्र चरण होते हैं: अंडा, निम्फ़ और वयस्क। अप्सरा भी एक जैसी दिखती है लेकिन वयस्क का एक छोटा संस्करण है। अप्सरा भी पंखहीन होती है। उदाहरण टिड्डे, कॉक-रोच, चींटियाँ और प्रार्थना करने वाले मंटिड हैं। 3. 4."
",What is एक समग्र?,""का परिप्रेक्ष्य वैज्ञानिक कृषि के लिए एक संयुक्त पहल किसानों",कीड़ों के जीवन चरण ईजीजी कीट की प्रारंभिक अवस्था है। सामान्यतः एक कीट कम से कम 30 से 300 तक अंडे देता है। अंडे से एल ए आरवीए या कीड़े निकलते हैं। लार्वा I. कीट प्रबंधन है Page 80 --- 72 पौध संरक्षण बुनियादी कृषि पर किसान की पुस्तिका किसी भी फसल के लिए कीट की हानिकारक अवस्था। यह अवस्था आम तौर पर मैदान में देखा जाता है. प्यूपा एक निष्क्रिय अवस्था है जो स्वयं को एक वयस्क के रूप में विकसित होने के लिए तैयार करती है।
",What is एक समग्र?,""का परिप्रेक्ष्य वैज्ञानिक कृषि के लिए एक संयुक्त पहल किसानों","अधिकतर वयस्क कीड़े हानिरहित होते हैं लेकिन अनेक होते हैं कीड़े और भृंग पौधों के लिए हानिकारक हैं। क्षति कैसे दिखाई देती है? लार्वा पत्ती, फल या पूरे पौधे के हिस्सों को खाता है। इसलिए नुकसान दिख रहा है. कुछ कीट पौधों के ऊतकों को नोच डालते हैं। उन्होंने बढ़ते भागों को भी काट दिया। भृंग, बग, थ्रिप्स और हॉपर आमतौर पर पौधों और बढ़ते भागों से रस चूसते हैं, जिससे स्वस्थ पौधे प्रभावित होते हैं। बिल्कुल नहीं।"
",What is एक समग्र?,""का परिप्रेक्ष्य वैज्ञानिक कृषि के लिए एक संयुक्त पहल किसानों","मधुमक्खियाँ भी कीड़े हैं जो परागण में मदद करती हैं (पराग को एक पौधे से दूसरे पौधे तक लाती हैं), जिससे उपज बढ़ती है।"
",What is एक समग्र?,""का परिप्रेक्ष्य वैज्ञानिक कृषि के लिए एक संयुक्त पहल किसानों",नारियल के बटनों में घुन से नुकसान लार्वा पत्तियों को नुकसान पहुंचाता है कपास को नुकसान पहुंचाने वाला बॉलवर्म सेमीलूपर ढलाईकार पर भोजन कर रहा है हरी फीता पंख का ग्रब लेडीबर्ड बीटल कीड़ों के जीवन चरण अंडे (10-15 दिन) जुलाई से अक्टूबर वयस्क (30-45 दिन) जून से सितंबर के बीच प्यूपा (25-30 दिन) फरवरी से मार्च I इंस्टार II इंस्टार लार्वा (14-18 महीने) सुपारी का जीव विज्ञान जड़ ग्रब 2 वर्ष का जीवन चक्र III इंस्टार Page 81 --- पौध संरक्षण बुनियादी कृषि पर किसान की पुस्तिका 73वे हमें बहुमूल्य शहद और भी प्रदान करते हैं अन्य उत्पाद.
",What is एक समग्र?,""का परिप्रेक्ष्य वैज्ञानिक कृषि के लिए एक संयुक्त पहल किसानों","""""मित्रवत"""" कीड़ों का एक अन्य उदाहरण रेशम के कीड़े हैं। प्राकृतिक शत्रु वे कीट हैं जो मनुष्य के लिए लाभकारी हैं क्योंकि वे फसल कीटों के अंडे या लार्वा और प्यूपा से भोजन करते हैं। इन्हें जैविक नियंत्रण एजेंट कहा जाता है। इसके उदाहरण हैं गन्ने में छेद करने वाले कीटों के लिए ट्राइकोग्रामा परजीवी, हरे लेसविंग का टुकड़ा और लेडीबर्ड बीटल। 3. 5."
",What is एक समग्र?,""का परिप्रेक्ष्य वैज्ञानिक कृषि के लिए एक संयुक्त पहल किसानों","कीट वर्गीकरण खेत में उनके व्यवहार के आधार पर कीड़ों को 3 समूहों में वर्गीकृत किया जा सकता है, जैसे कि कीट लाभकारी कीट तटस्थ कीड़े कीट: कोई कीट प्रजाति कीट है या नहीं स्थिति पर निर्भर करता है. इसका मतलब यह है कि एक सेर - टैन कीट एक स्थिति में कीट हो सकता है लेकिन दूसरी स्थिति में नहीं। उदाहरण के लिए, डायमंडबैक मोथ के कैटरपिलर गोभी और क्रूसिफ़ेरा परिवार के अन्य पौधों को खाते हैं। फूलगोभी उगाने वाला किसान इसे एक कीट मानेगा। वैसे, आलू या केला उगाने वाले किसान के लिए, डायमंडबैक कीट एक तटस्थ कीट है।"
",What is एक समग्र?,""का परिप्रेक्ष्य वैज्ञानिक कृषि के लिए एक संयुक्त पहल किसानों","जब खिलाने के लिए कुछ नहीं होगा तो यह घटित भी नहीं होगा। धान की फसल में काला चना एक खरपतवार/कीट है क्योंकि यह अनावश्यक रूप से उगता है। काले चने के खेत में, लोबिया एक खरपतवार है क्योंकि यह उग सकता है। परपोषी होने पर ही कीट उत्पन्न होगा। लाभकारी कीट कुछ कीट किसानों के लिए लाभदायक होते हैं, क्योंकि वे हानिकारक कीड़ों के प्राकृतिक शत्रु होते हैं। शिकारी अन्य कीड़ों को खाते हैं और इस प्रकार कीट को नियंत्रित करते हैं।"
",What is एक समग्र?,""का परिप्रेक्ष्य वैज्ञानिक कृषि के लिए एक संयुक्त पहल किसानों","उदाहरण के लिए, हत्यारा बग कैटरपिलर-लार्स को मारता है और लेडीबर्ड बीटल एफिड्स को खाता है। कुछ अन्य कीट लाभकारी होते हैं क्योंकि वे पौधों के परागण में मदद करते हैं, जैसे मधु मक्खियाँ. रेशमकीट जैसे व्यावसायिक रूप से लाभकारी कीड़े हैं, जो रेशम पैदा करते हैं। तटस्थ कीड़े एक तटस्थ कीट न तो कीट है और न ही लाभदायक। तथापि, यह वास्तव में संदर्भ पर निर्भर करता है। धान के खेत में मच्छर को तटस्थ कीट माना जा सकता है। 3. 6."
",What is एक समग्र?,""का परिप्रेक्ष्य वैज्ञानिक कृषि के लिए एक संयुक्त पहल किसानों","कीट नियंत्रण कैसे करें प्राकृतिक नियंत्रण कीट जीवन चक्र को समझना: कीट बहु- टिपली बड़ी संख्या में. हालाँकि जीवित रहने की दर बहुत कम है क्योंकि प्रकृति कीड़ों की आबादी बनाए रखती है। अत्यधिक तापमान, भारी बारिश, तेज़ हवा, पानी का ठहराव, पक्षी, छिपकलियाँ, मकड़ियाँ, जानवर, अन्य कीड़े और बीमारियाँ जैसे कारक कीट को नियंत्रित करते हैं। समुद्र, नदी, झील, पहाड़ आदि जैसी प्राकृतिक बाधाएँ कीटों की आवाजाही और प्रसार को रोकती हैं।"
",What is एक समग्र?,""का परिप्रेक्ष्य वैज्ञानिक कृषि के लिए एक संयुक्त पहल किसानों","यांत्रिक नियंत्रण: कुछ अनुशंसित प्रथाएँ हैं प्रभावित हिस्सों को हटाना कीटों का संग्रहण एवं विनाश बीजों का सूखना दीमक से बचाने के लिए पेड़ों पर टार कोटिंग कीटों के प्रवेश को रोकने के लिए अवरोधों का प्रावधान जैसे ग्रीन हाउस/स्क्रीन हाउस, अनार के फलों को बटर पेपर से ढंकना आदि। मुरझाई हुई टहनियों को काटना कृषि संबंधी विधियाँ: अनुशंसित खेती- वेशन प्रथाएँ इस प्रकार हैं। ग्रीष्मकालीन जुताई: मिट्टी को खोल देती है और कीटों को तेज़ धूप और शिकारियों के संपर्क में ला देती है।"
",What is एक समग्र?,""का परिप्रेक्ष्य वैज्ञानिक कृषि के लिए एक संयुक्त पहल किसानों","ट्रैप फसल: मुख्य फसल के साथ-साथ कीट की सबसे पसंदीदा फसल उगाई जा रही है। कीट जाल वाली फसल को खाते हैं और मुख्य फसल अप्रभावित नहीं रहती है। प्रतिरोधी किस्मों को उगाने से कीट के हमले से भी बचाव होता है। मुख्य फसल ट्रैप फसल टमाटर गेंदा कपास भिंडी, अरंडी, प्याज, लहसुन मक्का ज्वार मिश्रित फसल: इसमें एक से अधिक फसल उगाई जाती है। अंतरफसल: मुख्य फसल के साथ दूसरी फसल उगाना, जिससे प्राकृतिक शत्रु की जनसंख्या में वृद्धि होती है।"
",What is एक समग्र?,""का परिप्रेक्ष्य वैज्ञानिक कृषि के लिए एक संयुक्त पहल किसानों","मुख्य फसल अंतरफसल पत्तागोभी टमाटर, सरसों कपास काला चना, हरा चना मक्का ज्वार फसल चक्र: विभिन्न फसलों को उगाना है Page 82 --- 74 पौध संरक्षण बुनियादी कृषि पर किसान की पुस्तिका एक एकल फसल के बजाय अनुक्रम। खेतों को साफ़ रखना: खरपतवार का प्रबंधन करना जो कीटों के लिए घर प्रदान करता है, बीजों को कीटनाशकों से उपचारित करना, समुद्री तटों पर फसल उगाना जहां कीटों का प्रकोप कम होता है, सही समय पर उर्वरक की सही खुराक का उपयोग, पानी का इष्टतम उपयोग कीटों को नियंत्रित करने के कुछ कृषि संबंधी तरीके हैं।"
",What is एक समग्र?,""का परिप्रेक्ष्य वैज्ञानिक कृषि के लिए एक संयुक्त पहल किसानों","कीट भार और निगरानी कीट निगरानी: परीक्षण करने की प्रथा है यह जानने के लिए कि क्या कीट ने फसल को प्रभावित किया है और नुकसान की सीमा तय करने के लिए कि कीटनाशक का छिड़काव करना है या नहीं, फसल की जांच करें। आर्थिक सीमा स्तर (ईटीएल): ईटीएल है कीट जनसंख्या घनत्व जिस पर कीट को आर्थिक क्षति स्तर तक पहुंचने से रोकने के लिए नियंत्रण उपाय किया जाना है।"
",What is एक समग्र?,""का परिप्रेक्ष्य वैज्ञानिक कृषि के लिए एक संयुक्त पहल किसानों","कुछ फसलों के लिए ईटीएल इस प्रकार हैं धान में भूरा पौधा हॉपर - निम्फ या वयस्क हॉपर 5-10/हिल मूंगफली में लीफ माइनर: 2 लार्वा / 10 पौधे या 20-30% पौधे का संक्रमण कपास में सफेद मक्खी: 5-10 वयस्क/पत्ती या 20 शिशु/पत्ती जैविक नियंत्रण विधियाँ: कई हैं जैविक एजेंट जो कीटों को नियंत्रित करते हैं जैसे जो कीट अपने शरीर के अंदर रहकर दूसरे कीट को मार देता है उसे परजीवी कहते हैं। इसमें अंडा, लार्वा और प्यूपा परजीवी होते हैं।"
",What is एक समग्र?,""का परिप्रेक्ष्य वैज्ञानिक कृषि के लिए एक संयुक्त पहल किसानों","ट्राइकोग्रामा एक अंडा परजीवी है जिसका उपयोग गन्ने के बोरर्स पर व्यावसायिक रूप से किया जाता है। शिकारी वे कीड़े हैं जो अन्य कीड़ों को खाते हैं। उदाहरण के लिए लेडीबर्ड बीटल, ड्रैगनफ्लाई, डैम-सेल्फ़्ली आदि कीट भी कई बीमारियों से प्रभावित होते हैं। कुछ फंगल, बैक्टीरियल और वायरल हैं। वर्टिसिलियम, एक कवक एजेंट, बैसिलस, एक जीवाणु एजेंट, और एनपीवी (वायरस) का व्यावसायिक रूप से उपयोग किया जाता है। शारीरिक नियंत्रण दालों को नाड़ी बीटल से बचाने के लिए दालों को लाल मिट्टी में मिलाने की एक पुरानी प्रथा है।"
",What is एक समग्र?,""का परिप्रेक्ष्य वैज्ञानिक कृषि के लिए एक संयुक्त पहल किसानों",तेज़ धूप में बीजों को सुखाना और विकिरण का उपयोग करना कुछ भौतिक नियंत्रण विधियाँ हैं। जाल प्रकाश जाल: अधिकांश कीट प्रकाश की ओर आकर्षित होते हैं। इस सिद्धांत का उपयोग कीटों की निगरानी और नियंत्रण के लिए किया जाता है। फेरोमोन ट्रैप: एक लिंग की गंध का उपयोग करके कीड़ों को फँसाया जाता है। इसका उपयोग आमतौर पर कपास के कीड़ों के नियंत्रण के लिए किया जाता है। Y पीला चिपचिपा जाल: कुछ छोटे चूसने वाले कीड़े पीले रंग से आकर्षित होते हैं।
",What is एक समग्र?,""का परिप्रेक्ष्य वैज्ञानिक कृषि के लिए एक संयुक्त पहल किसानों",इसलिए रस चूसने वाले कीट को आकर्षित करने के लिए चिपचिपे पदार्थों से सने पीले रंग के कंटेनरों को खेत के अंदर रखा जाता है। रासायनिक नियंत्रण मैनुअल कीटनाशक छिड़काव कीटों को नियंत्रित करने के लिए कीटनाशकों का प्रयोग अंतिम उपाय है। कीटों को नियंत्रित करने के लिए कीटनाशकों का चयन सावधानी से करना चाहिए। खुराक और छिड़काव उपकरणों का चयन सावधानी से करना चाहिए। एक्स-टेंशन वर्कर से सही सिफ़ारिश प्राप्त करें। रासायनिक नाम और व्यापार नाम के बीच अंतर को समझें।
",What is एक समग्र?,""का परिप्रेक्ष्य वैज्ञानिक कृषि के लिए एक संयुक्त पहल किसानों","व्यापार नाम व्यापारी का दिया हुआ नाम है लेकिन रासायनिक नाम की उत्पत्ति रासायनिक घटक के आधार पर हुई है। वानस्पतिक: नीम जैसे पौधे से उत्पन्न कीटनाशक हैं आधारित सूत्रीकरण. हम कीटनाशकों के रूप में साबुन के साथ नीम के बीज की गिरी के अर्क या नीम के तेल का भी उपयोग कर सकते हैं। बाजार में वाणिज्यिक वनस्पति उपलब्ध हैं और वनस्पति तैयार की जा सकती हैं, जिनकी लागत कम होती है और पर्यावरण अनुकूल होते हैं।"
",What is एक समग्र?,""का परिप्रेक्ष्य वैज्ञानिक कृषि के लिए एक संयुक्त पहल किसानों","लेडीबर्ड बीटल जाल Page 83 --- पौध संरक्षण बुनियादी कृषि पर किसान की पुस्तिका 75उदाहरण के लिए, नीम बीज गिरी अर्क (एनएसकेई) 5%, ग्रोनिम, अचुक और नीमज़ल। 3. 7. कीटनाशक कीटनाशक वे रसायन हैं जिनका उपयोग कीटों को नियंत्रित करने के लिए किया जाता है। कीटनाशकों को मोटे तौर पर वर्गीकृत किया जा सकता है वे कीड़ों पर कैसे कार्य करते हैं इसके आधार पर तीन समूह। संपर्क और पेट जहर: जब कीट संपर्क में आता है या जब कीट कीटनाशक छिड़के गए भागों को खाता है, तो वह मर जाता है।"
",What is एक समग्र?,""का परिप्रेक्ष्य वैज्ञानिक कृषि के लिए एक संयुक्त पहल किसानों","पत्तियों को खाने वाले लार्वा को नियंत्रित करने के लिए संपर्क और पेट दर्द वाले जहर का उपयोग किया जाता है। उदाहरणों में फ़्लुबेंडामाइड शामिल है। पौधों से प्राप्त कुछ कीटनाशकों में भी संपर्क क्रिया होती है, उदाहरण के लिए पाइरेथ्रम, सबाडिला, आदि। प्रणालीगत जहर: जब रसायन का छिड़काव किया जाता है पौधे पर, इसे पौधे द्वारा अवशोषित किया जाता है और पूरे पौधे प्रणाली में स्थानांतरित कर दिया जाता है। चूसक प्रकार के कीट जैसे एफिड्स, लीफहॉपर्स थ्रिप्स पौधों से रस चूसते हैं।"
",What is एक समग्र?,""का परिप्रेक्ष्य वैज्ञानिक कृषि के लिए एक संयुक्त पहल किसानों","इस प्रकार के चूसने वाले कीटों को प्रणालीगत जहर जैसे इमिडाक्लोप्रिड (सावधानी के साथ इस्तेमाल किया जाना चाहिए), फ्लुबेंडामाइड, एसिटामिप्रिड, थियामेथोक्साम आदि द्वारा नियंत्रित किया जा सकता है। 1) फ्यूमिगेंट: वाष्प बनाता है और सांस पर कार्य करता है- कीड़ों की प्रणाली. जब कीड़े इसमें सांस लेते हैं तो वे मर जाते हैं। उदाहरणों में शामिल हैं, हाइड्रोजन साइनामाइड, सल्फ्यूरिल फ्लोराइड, आदि। कीटनाशक ऐसे ज़हर हैं जिनका उपयोग सीधे तौर पर नहीं किया जा सकता।"
",What is एक समग्र?,""का परिप्रेक्ष्य वैज्ञानिक कृषि के लिए एक संयुक्त पहल किसानों","उनका उपयोग कंटेनर पर दिए गए निर्देशों के अनुसार या विस्तार कार्यकर्ताओं की सिफारिश के अनुसार किया जाना चाहिए। कीटनाशक विभिन्न रूपों में उपलब्ध हैं जिनमें से कुछ हैं: i) धूल (D): जिप्सम के साथ जहर मिलाया जाता है, तालक या मिट्टी ताकि इसे पाउडर के रूप में इस्तेमाल किया जा सके। पानी में मिलाने की कोई जरूरत नहीं है. ii) वेटटेबल पाउडर (डब्ल्यूपी/डब्ल्यूडीपी):मिश्रित चिपकने वाले एजेंटों के साथ भराव को सुखाएं लेकिन ये सूख जाते हैं पाउडर को पानी में मिलाया जा सकता है।"
",What is एक समग्र?,""का परिप्रेक्ष्य वैज्ञानिक कृषि के लिए एक संयुक्त पहल किसानों","iii) ग्रैन्यूल्स (जी): सूखे फॉर्मूलेशन जिसमें इसमें कैल्शियम या जिप्सम के साथ जहर मिलाया जाता है दानेदार रूप. इस फॉर्मूलेशन का मुख्य गुण यह है कि इसे संभालना आसान होगा, यह हवा से दूर नहीं जाता है और यह पौधों के लिए कम विषाक्त है। iv) तरल रूप, घुलनशील तरल पदार्थ (एसएल), इमल्सीफाइ- सक्षम सांद्रण (ईसी), और घुलनशील सांद्रण (एससी): कीटनाशकों के तरल रूप।"
",What is एक समग्र?,""का परिप्रेक्ष्य वैज्ञानिक कृषि के लिए एक संयुक्त पहल किसानों","पेस्टी के बाद से- साइड्स सीधे पानी में घुलनशील होते हैं, उन्हें कार्बनिक सॉल्वैंट्स के साथ मिलाया जाता है, ईसी फॉर्मूलेशन पानी में आसानी से फैल जाते हैं क्योंकि वे इमल्सीफायर के साथ मिश्रित होते हैं। v) फ्यूमिगेंट्स: ये गैस के रूप में जहर होते हैं। आम तौर पर इसका उपयोग गोदामों, अनाजों को धुंआ देने के लिए किया जाता है। चूहे नियंत्रण के लिए भी भंडारण कक्ष और जहाज। vi) ज़हर चारा: खाने में मिलाया जाने वाला ज़हर- रियाल. उत्तरार्द्ध आकर्षक के रूप में कार्य करता है।"
",What is एक समग्र?,""का परिप्रेक्ष्य वैज्ञानिक कृषि के लिए एक संयुक्त पहल किसानों","चारा शामिल नहीं है- चूहों को नियंत्रित करने के लिए इसका उपयोग किया जाता है। चूँकि चूहे अधिक संवेदनशील होते हैं, इसलिए पहले से चारा डालना आवश्यक है। 3. 8. रसायनों के प्रकार ऑर्गेनोक्लोरीन, ऑर्गेनोफॉस्फेट्स, कार्बा-मेट्स, सिंथेटिक पायरेथ्रोइड्स ऐसे रसायन हैं जिनका उपयोग पहले किया जाता था, लेकिन अब इनकी अनुशंसा नहीं की जाती है। नए अणु: बेहतर कीट प्रबंधन के लिए अधिक प्रभावी और कम खतरनाक रासायनिक खोज की पहचान करने के लिए आविष्कार एक सतत प्रक्रिया है।"
",What is एक समग्र?,""का परिप्रेक्ष्य वैज्ञानिक कृषि के लिए एक संयुक्त पहल किसानों","उदाहरणों में निकोटिनामाइड्स, स्पिनोज़िड्स, ट्राईज़ोल्स (हेक्साकोनोज़ोल, प्रोपिकोनोज़ोल) शामिल हैं। मैनुअल कीटनाशक छिड़काव Page 84 --- 76 पौध संरक्षण बुनियादी कृषि पर किसान की पुस्तिका 3. 9. स्प्रेयर/डस्टर: आवेदकों के प्रकार क्या आवेदन करना है इसके आधार पर घुलनशील रसायनों को छिड़कने के लिए स्प्रेयर का उपयोग किया जाता है। कीटनाशकों के धूल मिश्रण को फैलाने के लिए डस्टर का उपयोग किया जाता है।"
",What is एक समग्र?,""का परिप्रेक्ष्य वैज्ञानिक कृषि के लिए एक संयुक्त पहल किसानों",शक्ति स्रोत पर आधारित • मैन्युअल रूप से संचालित स्प्रेयर/डस्टर बिजली से चलने वाले स्प्रेयर/डस्टर ईंधन संचालित बैटरी संचालित सौर पैनल संचालित संचालित स्वचालित; यानी उनके पास आंदोलन के लिए अपना स्वयं का शक्ति स्रोत है आम तौर पर एक एकड़ के लिए 50 -100 लीटर स्प्रे तरल पदार्थ की आवश्यकता होती है। यदि हम मैन्युअल रूप से संचालित स्प्रेयर का उपयोग करते हैं तो एक एकड़ को कवर करने के लिए 200-250 लीटर स्प्रे तरल पदार्थ की आवश्यकता होती है। बाजार में विभिन्न प्रकार की विशेषताओं वाले कई मॉडल उपलब्ध हैं।
",What is एक समग्र?,""का परिप्रेक्ष्य वैज्ञानिक कृषि के लिए एक संयुक्त पहल किसानों","आवश्यकता के आधार पर कोई भी मॉडल चुन सकता है। प्रत्येक यंत्र के अपने-अपने गुण-दोष होते हैं। नोजल स्प्रेयर का अंतिम भाग है, जो स्प्रे तरल को पौधों तक पहुंचाता है। विभिन्न उद्देश्यों के लिए विभिन्न प्रकार के नोजल उपलब्ध हैं। स्प्रेयर के प्रकार बैटरी चालित स्प्रेयर क्षमता 16 लीटर बैटरी 12V/8AH (फ्यूज:6A) रखरखाव मुक्त पावर बैटरी चार्जर: इनपुट: 220V/50HZ आउटपुट: 12V/1000MA नोजल: सिंगल, डबलरॉकर स्प्रेयर: कम से कम 3 व्यक्ति आवश्यक हैं."
",What is एक समग्र?,""का परिप्रेक्ष्य वैज्ञानिक कृषि के लिए एक संयुक्त पहल किसानों","एक प्रति - बेटा दबाव बनाने के लिए लीवर का इस्तेमाल करता है और अन्य स्प्रे करने के लिए व्यक्ति. Page 85 --- पौध संरक्षण बुनियादी कृषि पर किसान की पुस्तिका 773. 10. एकीकृत कीट प्रबंधन (आईपीएम) """"आईपीएम प्रबंधन के लिए एक स्थायी दृष्टिकोण है जैविक, सांस्कृतिक, भौतिक के संयोजन से कीट- कैल और रासायनिक उपकरण इस तरह से कि आर्थिक, स्वास्थ्य और पर्यावरणीय जोखिमों को कम किया जा सके। """" 3. 11."
",What is एक समग्र?,""का परिप्रेक्ष्य वैज्ञानिक कृषि के लिए एक संयुक्त पहल किसानों",के लिए कुछ कीटनाशक सामग्री सामान्य घरेलू उपयोग मिट्टी का तेल इमल्शन यह एक संपर्क कीटनाशक है जो कई लोगों के खिलाफ उपयोगी है चूसने वाले कीड़े. 500 ग्राम साधारण साबुन को बारीक बांटकर 4. 5 लीटर उबलते पानी में घोलें। ठंडा करें और 9 लीटर मिट्टी का तेल डालें। मिश्रण को तब तक ज़ोर से हिलाया जाता है जब तक कि तेल पूरी तरह से पायसीकृत न हो जाए। छिड़काव से पहले स्टॉक घोल को 15-20 गुना पानी में पतला किया जा सकता है।
",What is एक समग्र?,""का परिप्रेक्ष्य वैज्ञानिक कृषि के लिए एक संयुक्त पहल किसानों","तम्बाकू का काढ़ा यह सब्जियों की फसलों में लगने वाले एफिड्स को नियंत्रित करने के लिए बहुत प्रभावी है। 500 ग्राम तम्बाकू को 4. 5 लीटर पानी में 24 घंटे तक भाप में पकाकर तम्बाकू का काढ़ा तैयार किया जा सकता है। फिर, 320 ग्राम साधारण कटा हुआ साबुन दूसरे बर्तन में अलग से घोल दिया जाता है। तंबाकू के काढ़े में साबुन का घोल मिलाया जाता है और स्टॉक घोल को 6 - 7 बार पतला किया जाता है। नीम बीज निलंबन यह टिड्डियों और घास-फूस से बचाने वाली दवा के रूप में बहुत प्रभावी है।"
",What is एक समग्र?,""का परिप्रेक्ष्य वैज्ञानिक कृषि के लिए एक संयुक्त पहल किसानों","नीम के परिपक्व फलों की गुठलियों को कूटकर मोटा चूर्ण बना लेना चाहिए। 0. 1% सांद्रता प्राप्त करने के लिए, एक लीटर पानी में 1 ग्राम नीम के बीज के पाउडर की आवश्यकता होती है। मोटे पाउडर की आवश्यक मात्रा को मलमल के कपड़े की एक छोटी थैली में डालकर बाल्टी में रखे पानी में डुबोकर तब तक निचोड़ें जब तक कि पानी हल्का भूरा न हो जाए। इसका छिड़काव फसलों पर करना होगा। नवीनतम पंजीकृत रसायन www पर उपलब्ध हैं। cibrc. nic. in या कृपया विस्तार अधिकारी से सत्यापित करें।"
",What is एक समग्र?,""का परिप्रेक्ष्य वैज्ञानिक कृषि के लिए एक संयुक्त पहल किसानों","मोटरयुक्त पावर स्प्रेयर का उपयोग स्प्रे के लिए किया जाता है- बड़े पैमाने पर सब्जियों और सजावटी फसलों की खेती क्षेत्र. बैटरी चालित पावर स्प्रेयर के लिए है क्षेत्र में उपयोग करें. Page 86 --- 78 पौध संरक्षण बुनियादी कृषि पर किसान की पुस्तिका 3. 12. रोग रोग सामान्य अवस्था की हानि है एक पौधे का जो उसके जीवन को बाधित या संशोधित करता है कार्य. पौधों की सभी प्रजातियाँ, चाहे जंगली हों या खेती की गईं, रोग के अधीन हैं।"
",What is एक समग्र?,""का परिप्रेक्ष्य वैज्ञानिक कृषि के लिए एक संयुक्त पहल किसानों","यद्यपि प्रत्येक प्रजाति विशिष्ट रोगों के प्रति संवेदनशील है, प्रत्येक मामले में इनकी संख्या अपेक्षाकृत कम है। पौधों की बीमारियों की घटना और व्यापकता मौसम-दर-मौसम अलग-अलग होती है, जो रोगज़नक़ की उपस्थिति, पर्यावरणीय स्थितियों और उगाई जाने वाली फसलों और किस्मों पर निर्भर करती है। कुछ पौधों की किस्में विशेष रूप से बीमारियों के प्रकोप के अधीन हैं।"
",What is एक समग्र?,""का परिप्रेक्ष्य वैज्ञानिक कृषि के लिए एक संयुक्त पहल किसानों","फसलों में लगने वाले रोग एवं उनका महत्व पौधा तब रोगग्रस्त हो जाता है जब उसे किसी कारण कारक द्वारा लगातार परेशान किया जाता है जिसमें एक असामान्य प्रक्रिया भी शामिल है जो पौधों को बाधित करती है। 80,000 से अधिक पौधों की बीमारियाँ हैं। रोग फसलों की उपज को कम कर देते हैं और कभी-कभी आपदा का कारण बनते हैं। पो-टाटो का लेट ब्लाइट, केले का पनामा, आदि। बीमारियों के प्रकोप का प्रबंधन करना किसान के लिए चुनौती है। पौधों की बीमारी के कारण संक्रामक रोग: कवक, जीवाणु के कारण होते हैं- रिया, वायरस, नेमाटोड, आदि।"
",What is एक समग्र?,""का परिप्रेक्ष्य वैज्ञानिक कृषि के लिए एक संयुक्त पहल किसानों","गैर-संक्रामक रोग: अनफा के कारण होते हैं- भयानक बाहरी स्थिति जैसे चिलचिलाती धूप, उच्च तापमान, नमी का तनाव या सूक्ष्म पोषक तत्वों की कमी, पीएच, भारी धातु विषाक्तता, वायुमंडलीय प्रदूषण, आदि। 3. 13. रोग चक्र रोग चक्र में शामिल चरणों की मुख्य घटनाओं में निम्नलिखित शामिल हैं: उत्पादन और प्राथमिक इनोकुलम का प्रसार, प्राथमिक संक्रमण, पैथो-जीन की वृद्धि और विकास, द्वितीयक संक्रमण और शीतकाल के दौरान।"
",What is एक समग्र?,""का परिप्रेक्ष्य वैज्ञानिक कृषि के लिए एक संयुक्त पहल किसानों","प्राथमिक इनोकुलम रोगज़नक़ का हिस्सा है (अर्थात, जीवाणु या कवक बीजाणु या कवक माइस-लियम) जो सर्दियों में (अधिक मौसम में) मौसम के पहले संक्रमण का कारण बनता है, जिसे प्राथमिक संक्रमण के रूप में जाना जाता है। सामान्य तौर पर, इन-ओकुलम की मात्रा जितनी अधिक होगी और यह अपने मेजबान के जितना करीब होगा, रोग महामारी की संभावना उतनी ही अधिक होगी। प्रसार से तात्पर्य है फैलाना या फैलाना रोगज़नक़ एक इनोकुलम स्रोत से एक मेजबान तक।"
",What is एक समग्र?,""का परिप्रेक्ष्य वैज्ञानिक कृषि के लिए एक संयुक्त पहल किसानों","प्रसार हवा, छींटों वाली बारिश, कीड़ों, संक्रमित छंटाई उपकरणों, संक्रमित या संक्रमित प्रत्यारोपण और अन्य माध्यमों से हो सकता है। फैलाव पेड़ की छत्रछाया के भीतर कम दूरी तक या दूर के स्रोतों से हो सकता है। प्राथमिक संक्रमण तब होता है जब रोगज़नक़ आता है अनुग्रह के तहत एक अतिसंवेदनशील मेज़बान के संपर्क में - सक्षम पर्यावरणीय स्थितियाँ। रोगजनक सीधे पौधे की सतह में प्रवेश करते हैं या घावों या प्राकृतिक छिद्रों के माध्यम से प्रवेश करते हैं।"
",What is एक समग्र?,""का परिप्रेक्ष्य वैज्ञानिक कृषि के लिए एक संयुक्त पहल किसानों",रोगज़नक़ की वृद्धि और विकास आमतौर पर होता है- संक्रमित पौधे के ऊतकों पर या उसके भीतर घाव। द्वितीयक संक्रमण बीजाणुओं या कोशिकाओं से उत्पन्न होता है प्राथमिक संक्रमण के बाद या अन्य माध्यमिक संक्रमण से उत्पन्न। बढ़ते मौसम के दौरान द्वितीयक संक्रमण चक्र कई बार दोहराया जा सकता है। चक्रों की संख्या रोगज़नक़ और उसके मेजबान के जीव विज्ञान और संक्रमण के लिए आवश्यक पर्यावरणीय परिस्थितियों की अवधि पर निर्भर करती है।
",What is एक समग्र?,""का परिप्रेक्ष्य वैज्ञानिक कृषि के लिए एक संयुक्त पहल किसानों","अधिक सर्दी या अधिक मसाला डालने की क्षमता है एक रोगज़नक़ जो एक बढ़ते मौसम से दूसरे मौसम तक जीवित रहता है। सेब के रोगाणु कई अलग-अलग तरीकों से सर्दियों में जीवित रहते हैं। किसी पौधे में रोग उत्पन्न होने के लिए, एक अतिसंवेदनशील मेजबान, ए रोगज़नक़ (आकस्मिक एजेंट), और अनुकूल पर्यावरणीय-मानसिक स्थितियाँ मौजूद होनी चाहिए और एक दूसरे के साथ बातचीत करनी चाहिए। यदि इनमें से कोई भी आवश्यकता पूरी नहीं होती है, तो पौधे में कोई बीमारी नहीं होगी।"
",What is एक समग्र?,""का परिप्रेक्ष्य वैज्ञानिक कृषि के लिए एक संयुक्त पहल किसानों","पूर्व-भेजे जाने पर, पर्यावरण में हेरफेर करने की हमारी क्षमता केवल कुछ प्रथाओं तक ही सीमित है जैसे सुखाने को बढ़ावा देने के लिए छंटाई, मिट्टी की जल निकासी में सुधार के लिए बिस्तर बनाना और सिंचाई का समय-निर्धारण। प्रतिरोधी किस्मों के उपयोग के माध्यम से - और सांस्कृतिक प्रथाओं और कवकनाशी या जीवाणुनाशक स्प्रे के माध्यम से रोग-जनन - मेजबान में हेरफेर करके गंभीर बीमारी के प्रकोप को रोका जा सकता है। II। रोग प्रबंधन Page 87 --- पौध संरक्षण बुनियादी कृषि पर किसान की पुस्तिका 793. 14."
",What is एक समग्र?,""का परिप्रेक्ष्य वैज्ञानिक कृषि के लिए एक संयुक्त पहल किसानों","महत्वपूर्ण फसलों के रोग नियंत्रण के उपाय फसल रोग लक्षण नियंत्रण के उपाय केला 1. सिगा- टोका लीफ स्पॉट पत्तियों पर छोटी हल्की पीली या भूरे-हरे रंग की संकीर्ण धारियाँ दिखाई देती हैं। वे आकार में बड़े होकर रैखिक, आयताकार, गहरे भूरे ब्रांड और पीले आभामंडल के साथ भूरे से काले धब्बों वाले हो जाते हैं। कवक फलन के काले धब्बे प्रभावित पत्तियों पर दिखाई देते हैं। पत्तियों का तेजी से सूखना और गिरना। प्रभावित पत्तियों को हटा दें और जला दें।"
",What is एक समग्र?,""का परिप्रेक्ष्य वैज्ञानिक कृषि के लिए एक संयुक्त पहल किसानों","निम्नलिखित में से किसी एक कवक का छिड़काव करें- नवंबर से मासिक अंतराल पर शुरू होने वाली खुराक-डाइफेनोकोनाज़ोल (2 मिली/लीटर), एज़ोक्सिस्ट्रोबिन (2 मिली/लीटर), कॉपर ऑक्सीक्लोराइड 2. 5 ग्राम/लीटर। प्रत्येक के लिए कवकनाशी का विकल्प स्प्रे कवकनाशी प्रतिरोध को रोकता है। हमेशा 5 मिलीलीटर गीला करने वाला एजेंट जैसे मिलाएं सैंडोविट, ट्राइटन एई, टीपोल आदि प्रति 10 लीटर स्प्रे तरल पदार्थ। 2. एन-थ्रेक्नोज, उंगलियों के बाहरी सिरे की त्वचा काली पड़ जाती है, सिकुड़ जाती है।"
",What is एक समग्र?,""का परिप्रेक्ष्य वैज्ञानिक कृषि के लिए एक संयुक्त पहल किसानों","कवक बड़ी मात्रा में कोनिडिया उत्पन्न करता है जो एक गुलाबी रंग का कोट बनाते हैं। संपूर्ण फल एवं गुच्छे प्रभावित होते हैं गंभीर मामलों में. कभी-कभी गुच्छों का मुख्य डंठल नष्ट हो जाता है- ढील दी गई। गुच्छा काला एवं सड़ा हुआ हो जाता है। एसरवुलि बेलनाकार कोनिडी उत्पन्न करता है- ओफ़ोर्स, हाइलिन, सेप्टेट, शाखित। कोनिडिया हाइलिन, गैर-सेप्टेट, अंडाकार से अण्डाकार। कॉपर ऑक्सीक्लोराइड 0. 25% या बोर्डो मिश्रण 1% का छिड़काव करें। कटाई के बाद फलों को डुबाना डिफ़ेनोकोनाज़ोल (2 मिली/लीटर)। 3."
",What is एक समग्र?,""का परिप्रेक्ष्य वैज्ञानिक कृषि के लिए एक संयुक्त पहल किसानों","शिराओं, पत्तियों और डंठलों पर हरे ऊतकों की गुच्छी-शीर्ष गहरी टूटी पट्टियाँ। पौधे अत्यधिक बौने हो गए हैं। पत्तियाँ आकार में सीमांत छोटी हो जाती हैं क्लोरोसिस और कर्लिंग। पत्तियाँ सीधी खड़ी हो जाती हैं और भुरभुरी हो जाती हैं। कई पत्तियाँ शीर्ष पर भीड़-भाड़ वाली होती हैं। शाखाओं का आकार बहुत छोटा होगा. यदि पहले संक्रमित हुआ तो कोई गुच्छा पैदा नहीं होगा। यह रोग मुख्य रूप से फैलता है संक्रमित चूसक. द्वितीयक प्रसार एफिड के माध्यम से होता है वेक्टर."
",What is एक समग्र?,""का परिप्रेक्ष्य वैज्ञानिक कृषि के लिए एक संयुक्त पहल किसानों",इसके नियंत्रण के लिए मिथाइल डेमेटॉन 2 मिली/लीटर का छिड़काव करें। स्प्रे को 21 दिनों के अंतराल पर कम से कम तीन बार क्राउन और स्यूडोस्टेम बेस की ओर जमीनी स्तर तक निर्देशित किया जा सकता है। Page 88 --- 80 पौध संरक्षण बुनियादी कृषि पर किसान की पुस्तिका फसल रोग लक्षण नियंत्रण के उपाय केला जारी. . . 4. पनामा रोग - पत्तियों के किनारे से लेकर मध्य शिरा तक निचली पत्तियों का पीला पड़ना। Y पीलापन ऊपर की ओर और अंत में फैलता है हार्टलीफ अकेले ही कुछ समय तक हरा रहता है तथा उस पर भी प्रभाव पड़ता है।
",What is एक समग्र?,""का परिप्रेक्ष्य वैज्ञानिक कृषि के लिए एक संयुक्त पहल किसानों","पत्तियाँ आधार के पास टूट जाती हैं और छद्म तने के चारों ओर लटकें। छद्म तने का अनुदैर्ध्य विभाजन। लाल या भूरे रंग की धारियों के रूप में संवहनी वाहिकाओं का मलिनकिरण। के प्रयोग से फंगस फैलता है संक्रमित प्रकंद. निरंतर साधना से निर्माण होता है इनोकुलम से ऊपर। गंभीर रूप से प्रभावित पौधों को उखाड़कर नष्ट कर दें। इसके बाद गड्ढों में 1-2 किलो चूना डालें प्रभावित पौधों को हटाना. क्षेत्र में, पनामा विल्ट रोग को कॉर्म इंजेक्शन विधियों द्वारा रोका जा सकता है।"
",What is एक समग्र?,""का परिप्रेक्ष्य वैज्ञानिक कृषि के लिए एक संयुक्त पहल किसानों","कॉर्म के ऊपरी हिस्से को उजागर करने के लिए मिट्टी का एक छोटा सा हिस्सा हटा दिया जाता है। 45° के कोण पर एक तिरछा छेद बनाया जाता है 10 सेमी की गहराई. रोपण के बाद दूसरे, चौथे और छठे महीने में 'कॉर्म इंजेक्टर' की मदद से 50 मिलीग्राम स्यूडोमोनास फ़्लोरेसेस के कैप्सूल को छेद में इंजेक्ट किया जाता है। आम 1. पाउडरी फफूंदी यह पत्तियों, फूलों, पुष्पगुच्छों के डंठलों और फलों पर आक्रमण करता है। संक्रमित पत्तियां झड़ जाती हैं जब रोग गंभीर हो."
",What is एक समग्र?,""का परिप्रेक्ष्य वैज्ञानिक कृषि के लिए एक संयुक्त पहल किसानों","प्रभावित फल आकार में नहीं बढ़ते हैं और मटर के आकार तक पहुंचने से पहले गिर सकता है। सुबह के समय सल्फर डस्ट (350 मेश) लगाने से नए फ्लश को बढ़ावा मिलेगा या वेटेबल सल्फर 0. 2% का छिड़काव करने से पाउडरी फफूंदी नियंत्रित होगी। 2. एन-थ्रेक्नोज और डंठल अंत-सड़ांध पत्ती के धब्बे, फूल का झुलसा, मुरझाया हुआ सिरा, टहनियों का झुलसा और फलों का सड़न पैदा करता है। पर छोटे-छोटे छाले जैसे धब्बे विकसित हो जाते हैं पत्तियाँ और टहनियाँ."
",What is एक समग्र?,""का परिप्रेक्ष्य वैज्ञानिक कृषि के लिए एक संयुक्त पहल किसानों","युवा पत्तियां मुरझाकर सूखी हो जाती हैं टहनियाँ सूख जाती हैं और मरना लक्षण प्रकट होता है। प्रभावित शाखाएँ अंततः सूख जाती हैं। फलों पर काले धब्बे दिखाई देने लगते हैं. फल का गूदा सख्त हो जाता है, फट जाता है और पकने पर सड़ जाते हैं। संक्रमित फल गिर जाते हैं। कटाई से पहले थियोफैनेट मिथाइल 1 ग्राम/लीटर का 15 दिनों के अंतराल पर 3 बार छिड़काव करें - वैल एन्थ्रेक्नोज और डंठल अंत-सड़ांध को नियंत्रित करेगा। 3. कालिखयुक्त फफूंद कवक माइसेलियम का उत्पादन करता है जो सतही और गहरा होता है।"
",What is एक समग्र?,""का परिप्रेक्ष्य वैज्ञानिक कृषि के लिए एक संयुक्त पहल किसानों","वे पौधे के हॉपर के शर्करा स्राव पर भोजन करते हैं। काले आवरण का निर्माण होता है जो प्रकाश संश्लेषक क्रिया को प्रभावित करता है। कवक पत्ती की सतह पर उगता है जैसिड्स, एफिड्स और स्केल कीड़ों द्वारा स्रावित शर्करा पदार्थों पर। थियामेथोक्साम @ 2 मिली/लीटर + मैदा 5% (1 किलो मैदा या स्टार्च) को 1 लीटर पानी में उबालकर 20 लीटर तक पतला करने से कालिख फफूंदी की घटनाओं पर नियंत्रण होगा। बादल वाले मौसम में छिड़काव से बचें।"
",What is एक समग्र?,""का परिप्रेक्ष्य वैज्ञानिक कृषि के लिए एक संयुक्त पहल किसानों","Page 89 --- पौध संरक्षण बुनियादी कृषि पर किसान की पुस्तिका 81फसलों के रोग लक्षण नियंत्रण के उपाय आम जारी. . . 4. मैंगो मालफोर - डंठल के आधार के चारों ओर गहरा एपिकार्प। प्रारंभिक चरण में प्रभावित क्षेत्र- एक गोलाकार, काला धब्बा बनाने के लिए बड़ा। आर्द्र वातावरण के अंतर्गत फैला हुआ है तेजी से बढ़ता है और दो या तीन दिनों के भीतर पूरे फल को पूरी तरह से काला कर देता है। गूदा भूरा हो जाता है और कुछ- क्या नरम. मृत टहनियाँ और पेड़ों की छाल, बारिश से फैलता है।"
",What is एक समग्र?,""का परिप्रेक्ष्य वैज्ञानिक कृषि के लिए एक संयुक्त पहल किसानों","कली लगने के चरण में पौधे के विकास नियामक (NAA/GA/Ethephon @ 50-200ppm) लगाएं। आम की तुड़ाई साफ सूखे दिन पर करें। फलों को किसी भी प्रकार के नुकसान से बचाना चाहिए संभालने के चरण. कपास 1. बीज-सड़ांध रोग (बीज-सड़न, जड़-सड़न, और अंकुरण से पहले और अंकुरण के बाद भीगना-बंद)। कवकनाशी बीज उपचार से बीज सड़न और कुछ अंकुरण से पहले भीगने को नियंत्रित करने में मदद मिलती है। हालांकि, जड़-सड़न और अधिकांश भीगने-बंद को नियंत्रित करने के लिए कवकनाशी के एक अतिरिक्त मिट्टी उपचार का उपयोग किया जाना चाहिए।"
",What is एक समग्र?,""का परिप्रेक्ष्य वैज्ञानिक कृषि के लिए एक संयुक्त पहल किसानों","इसके अलावा, उत्पादकों को अंकुर रोगों को कम करने के लिए अन्य सभी अनुशंसित कपास उत्पादन प्रथाओं का पालन करना चाहिए। इनमें से कुछ प्रथाओं में सही रोपण उपकरण और रोपण की तारीख का उपयोग, बीज बिस्तर की अच्छी तैयारी, सही - शामिल हैं। शाकनाशियों और कीटनाशकों का उचित उपयोग और उच्च अंकुरण वाले बीज का उपयोग। 2. फ्यूसारी-उम विल्टपौधे बौने हो जाते हैं, पीले हो जाते हैं, जिसके बाद पत्तियां गिर जाती हैं। पीलापन सबसे पहले पत्ती के किनारों के आसपास होता है और अंदर की ओर बढ़ता है।"
",What is एक समग्र?,""का परिप्रेक्ष्य वैज्ञानिक कृषि के लिए एक संयुक्त पहल किसानों","संक्रमित तनों के क्रॉस सेक्शन में आमतौर पर भूरे रंग का मलिनकिरण दिखाई देता है जो ऊतक की बाहरी परतों में अधिक तीव्र होता है। संक्रमित पौधे जल्दी फल देते हैं और छोटे बीजकोष पैदा करते हैं। नेमाटोड की आबादी कम करें। फसल चक्र. प्रतिरोधी किस्मों का प्रयोग करें. 3. बॉल रोट आमतौर पर सबसे पहले पानी से लथपथ धब्बों के रूप में दिखाई देते हैं। बाद में, जैसे-जैसे संक्रमण फैलता है, बीजकोष काले हो जाते हैं और उन पर फफूँद की वृद्धि हो सकती है। बुरी तरह से संक्रमित बीजकोष गिर सकते हैं- पौधा।"
",What is एक समग्र?,""का परिप्रेक्ष्य वैज्ञानिक कृषि के लिए एक संयुक्त पहल किसानों",नाइट्रोजन की अत्यधिक मात्रा से बचें। स्किप-पंक्ति रोपण का अभ्यास करें। समय पर पत्ते हटाने से बोलों का सड़ना कम हो जाएगा। बीजकोषों को नुकसान पहुंचाने वाले कीड़ों को कम करें। पिक्स जैसे ग्रोथ रेगुलेटर का इस्तेमाल बोल रोटियों को कम करने के लिए प्रभावी ढंग से किया जा सकता है। Page 90 --- 82 पौध संरक्षण बुनियादी कृषि पर किसान की पुस्तिका फसल रोग लक्षण नियंत्रण के उपाय कपास जारी. . . 4. पत्ती पर विभिन्न प्रकार के धब्बे और झुलसा रोग।
",What is एक समग्र?,""का परिप्रेक्ष्य वैज्ञानिक कृषि के लिए एक संयुक्त पहल किसानों","की ओर पत्तियों पर अनेक धब्बे पड़ जाते हैं परिपक्वता, लेकिन विकास के इस चरण में ये आमतौर पर पौधे के लिए हानिकारक नहीं होते हैं। कवकनाशी बीज उपचार का उपयोग करें। फसल अवशेषों को नष्ट करें। फसल चक्र का उपयोग करें और जब उपलब्ध हो तो प्रतिरोधी किस्मों का रोपण करें (विशेषकर जब बैक्टीरियल ब्लाइट गंभीर हो)। पोटाश का स्तर कम से कम मध्यम रखें उच्च. 5. वर्टी-सिलियम विल्ट, अंकुर संक्रमित हो सकते हैं और पीले पड़ सकते हैं, सूख सकते हैं और मर सकते हैं।"
",What is एक समग्र?,""का परिप्रेक्ष्य वैज्ञानिक कृषि के लिए एक संयुक्त पहल किसानों","जो पौधे बाद में सी-सोन में संक्रमित हो जाते हैं, उनका विकास रुक जाता है और पत्तियों के किनारे तथा मुख्य शिराओं के बीच में पीले रंग की स्थिति प्रदर्शित हो जाती है। गंभीर रूप से प्रभावित पौधे अपनी पत्तियाँ गिरा देंगे। तने के आंतरिक भाग का भूरा मलिनकिरण आमतौर पर मौसम के अंत में पाया जा सकता है। ये बदरंग है. के अंदर समान रूप से वितरित तना। वर्टी-सिलियम विल्ट गंभीर होने पर प्रतिरोधी किस्में लगाएं।"
",What is एक समग्र?,""का परिप्रेक्ष्य वैज्ञानिक कृषि के लिए एक संयुक्त पहल किसानों","एक किस्म जो बहुत जल्दी परिपक्व हो जाती है वह कुछ वर्षों में वर्टिसिलियम विल्ट से होने वाली क्षति से बच सकती है। साइट्रस 1. जड़ सड़न, पाद सड़न और गमोसिस सड़ी हुई जड़ें, फटी हुई छाल, गोंद के साथ पानी से लथपथ, मिट्टी की रेखा पर लाल-भूरे से काले रंग की छाल, निचले तने में विकृत ऊतक; पीलापन, विरल पत्ते और पेड़ की मृत्यु। मॉनसून की शुरुआत के बाद 40 दिनों के अंतराल पर पूरे पौधे की छतरी और प्रभावित पौधे के बेसिन को कवर करने वाले फॉसेटाइल-अल (2. 5 ग्राम/लीटर) या मेटालैक्सिल एमजेड-72 (2."
",What is एक समग्र?,""का परिप्रेक्ष्य वैज्ञानिक कृषि के लिए एक संयुक्त पहल किसानों","75 ग्राम/1 पानी) के दो छिड़काव से महत्वपूर्ण नियंत्रण मिला। गमोसिस के नियंत्रण के लिए, प्रभावित हिस्सों को खुरचने के बाद मेटालैक्सिल का प्रयोग किया जाता है। 2 एमजेड-72 पेस्ट। 2. सिट्रस कैंकर सिट्रस प्रजातियों को प्रभावित करने वाला रोग जो जीवाणु संक्रमण के कारण होता है, सिट्रस पेड़ों की पत्तियों, तनों और फलों पर घाव का कारण बनता है। हालांकि यह मनुष्यों के लिए हानिकारक नहीं है, लेकिन कैंकर खट्टे पेड़ों की जीवन शक्ति को काफी प्रभावित करता है, जिससे पत्तियां और फल समय से पहले गिर जाते हैं।"
",What is एक समग्र?,""का परिप्रेक्ष्य वैज्ञानिक कृषि के लिए एक संयुक्त पहल किसानों","संक्रमित टहनियों को काटकर नष्ट कर दें, इसके बाद मानसून की शुरुआत के बाद मासिक अंतराल पर कॉपर ऑक्सीक्लोराइड (सीओसी) 0. 3% + स्ट्रेप्टोसाइक्लिन 100 पीपीएम के तीन से चार छिड़काव करें। Page 91 --- पौध संरक्षण बुनियादी कृषि पर किसान की पुस्तिका 83फसलों के रोग लक्षण नियंत्रण के उपाय साइट्रस जारी. . . 3. साइट्रस गिरावट के लक्षण बीमारी के कारण के अनुसार अलग-अलग होते हैं। प्रभावित पेड़ हमेशा पूरी तरह से नहीं मरते, बल्कि कई वर्षों तक सड़ने और अनुत्पादक स्थिति में रहते हैं।"
",What is एक समग्र?,""का परिप्रेक्ष्य वैज्ञानिक कृषि के लिए एक संयुक्त पहल किसानों","कभी-कभी वे अचानक मुरझा सकते हैं और एक या दो दिन में मर जाओ. शुरुआती चरणों में, लक्षण कुछ अंगों तक ही सीमित होते हैं, लेकिन अंततः पूरा पेड़ इसमें शामिल हो जाता है। पेड़ों में विरल धब्बेदार पत्तियाँ दिखाई देती हैं, विकास रुक जाता है, बीमार दिखाई देते हैं - ऐंस. पुरानी, ​​​​परिपक्व पत्तियों की मध्यशिरा और पार्श्व शिराएँ पीली हो जाती हैं और शिराओं के भीतरी भाग में फैला हुआ पीलापन दिखाई देता है।"
",What is एक समग्र?,""का परिप्रेक्ष्य वैज्ञानिक कृषि के लिए एक संयुक्त पहल किसानों","पत्तियाँ पीली पड़ सकती हैं और झड़ सकती हैं गर्मी या शरद ऋतु की शुरुआत के साथ और टहनियों का मरना शुरू हो जाता है। मृत अंकुर प्रमुखता से उभरे हुए दिखाई देते हैं और मुख्य तने के ठीक नीचे मृत पाए जा सकते हैं। पूरे पेड़ में छोटी-छोटी टहनियाँ होती हैं जिनके निचले भाग पर संकरी छोटी पत्तियाँ होती हैं। इसके बाद के द्वितीयक विकास में छोटे, सीधे छोटे, कमजोर अंकुर होते हैं जो पत्तियों के विभिन्न प्रकार के मलिनकिरण को दर्शाते हैं। अक्सर इन पत्तियों पर हरे धब्बों की हरी नसें होती हैं।"
",What is एक समग्र?,""का परिप्रेक्ष्य वैज्ञानिक कृषि के लिए एक संयुक्त पहल किसानों","कभी-कभी, पत्तियों पर पीले-कम ऊतक पर छोटे, गोलाकार, हरे धब्बे दिखाई देते हैं। कमजोर टहनियों का मरना जारी है। इसमें अत्यधिक फूल आते हैं, लेकिन फल परिपक्व नहीं हो पाते हैं। फल दिखाते हैं विशिष्ट धूप-धब्बा। पोषक जड़ प्रणाली ख़राब हो जाती है, जड़ें काली हो जाती हैं और कभी-कभी सड़ी हुई छाल से ढक जाती हैं। या तो केवल कुछ पेड़ या पूरा बाग प्रभावित हो सकता है।"
",What is एक समग्र?,""का परिप्रेक्ष्य वैज्ञानिक कृषि के लिए एक संयुक्त पहल किसानों","अच्छी सांस्कृतिक प्रथाएं, मिट्टी की उर्वरता और जल निकासी में सुधार, कीटों, नेमाटोड आदि पर नियंत्रण गिरावट की घटनाओं को कम करने के लिए उपयोगी हो सकता है। प्रसार के लिए प्रतिरोधी रूटस्टॉक्स और प्रमाणित बडवुड का उपयोग भी उपयोगी है। Page 92 --- 84 पौध संरक्षण बुनियादी कृषि पर किसान की पुस्तिका 3."
",What is एक समग्र?,""का परिप्रेक्ष्य वैज्ञानिक कृषि के लिए एक संयुक्त पहल किसानों",15 बीजोपचार की संकल्पना बीजोपचार की संकल्पना उपयोग एवं है जैविक और रासायनिक एजेंटों का अनुप्रयोग जो प्राथमिक मिट्टी और बीज जनित कीड़ों और बीमारियों के संक्रमण को नियंत्रित करता है या नियंत्रित करता है जो फसल उत्पादन के लिए विनाशकारी परिणाम पैदा करते हैं और फसल सुरक्षा में सुधार करते हैं जिससे स्वस्थ और जोरदार पौधों की अच्छी स्थापना होती है जिसके परिणामस्वरूप बेहतर पैदावार होती है। बीज उपचार के लाभ इस प्रकार हैं: अंकुरण में वृद्धि एक समान अंकुर निकलना सुनिश्चित करता है।
",What is एक समग्र?,""का परिप्रेक्ष्य वैज्ञानिक कृषि के लिए एक संयुक्त पहल किसानों","बीज या पौध को शुरुआती मौसम की बीमारियों और कीटों से बचाएं, जिससे फसल की पैदावार में सुधार होगा - उत्पत्ति और उसका विकास। पौधे के विकास हार्मोन का उपयोग बढ़ते मौसम के दौरान फसल के प्रदर्शन को बढ़ा सकता है। राइजोबियम टीका फलीदार फसलों की नाइट्रोजन स्थिरीकरण क्षमता और उनकी उत्पादकता को बढ़ाता है। पौधों की संख्या में सुधार हुआ और इस प्रकार उत्पादकता में वृद्धि हुई। कीट/रोग बीज उपचार टिप्पणियाँ जड़ सड़न, मुरझाना ट्राइकोडर्मा एसपीपी। 4-6 ग्राम/किग्रा. बीज।"
",What is एक समग्र?,""का परिप्रेक्ष्य वैज्ञानिक कृषि के लिए एक संयुक्त पहल किसानों","बीज ड्रेसिंग के लिए मेटलसीड ड्रेसर/मिट्टी के बर्तन या पॉलिथीन बैग का उपयोग किया जाता है। जड़ सड़न रोग ट्राइकोडर्मा 5-10 ग्राम/किलो. बीज (रोपाई से पहले). -करें- बैक्टीरियल शीथ ब्लाइट स्यूडोमोनास फ्लोरेसेन्स 0. 5% डब्ल्यू. पी. 10 ग्राम/किग्रा. सफेद टिप नेमाटोड बीज को 0. 2% घोल में भिगोएँ। -करो- एन्थ्रेक्नोज एसपीपी. ट्राइकोडर्मा विरी से बीज उपचार de4g/कि. ग्रा. -करें- कवक रोग का मृदा जनित संक्रमण ट्राइकोडर्मा विराइड @ 2 ग्राम/किग्रा. बीज और स्यूडोमोनास फ्लोरेसेन्स, @10 ग्राम/कि. ग्रा."
",What is एक समग्र?,""का परिप्रेक्ष्य वैज्ञानिक कृषि के लिए एक संयुक्त पहल किसानों","मिट्टी को भिगोने के लिए कैप्टन 75 WS @ 1. 5 से 2. 5 ग्राम a. i. /लीटर। -करें- जैसिड, एफिड, थ्रिप्स इमिडाक्लोप्रिड 70 डब्ल्यूएस @ 10-15 ग्राम ए. आई. /किग्रा बीज (कृषि विशेषज्ञ के मार्गदर्शन में उचित मात्रा में उपयोग किया जाना चाहिए)। विल्ट, ब्लाइट और रूट ब्रॉट ट्राइकोडर्मा एसपीपी। @ 4 ग्राम/किग्रा. बीज। बीज ड्रेसिंग के लिए धातु के बीज ड्रेसर/मिट्टी के बर्तन या पॉलिथीन बैग का उपयोग किया जाता है।"
",What is एक समग्र?,""का परिप्रेक्ष्य वैज्ञानिक कृषि के लिए एक संयुक्त पहल किसानों",रूट नॉट नेमाटोड पेसिलोमाइसेस लिलासिनस और स्यूडोमोनास फ्लोरेसेंस @ 10 ग्राम/किग्रा बीज ड्रेसर के रूप में। - करें- मृदा जनित कवक रोग का संक्रमण प्रारंभिक ब्लाइटडैम्पिंग ऑफविल्टटी। विराइड @ 2 ग्राम/100 ग्राम बीज। कैप्टन 75 डब्ल्यूएस @ 1. 5 से 2. 0 ग्राम ए. आई. /लीटर मिट्टी भिगोने के लिए. स्यूडोमोनास फ्लोरोसेंस और वी. क्लैमाइड- सीडड्रेसर के रूप में ऑस्पोरियम 10 ग्राम/किग्रा की दर से बीज ड्रेसिंग के लिए धातु सीड ड्रेसर/मिट्टी के बर्तन या पॉलिथीन बैग का उपयोग किया जाता है।
",What is एक समग्र?,""का परिप्रेक्ष्य वैज्ञानिक कृषि के लिए एक संयुक्त पहल किसानों","Page 93 --- पौध संरक्षण बुनियादी कृषि पर किसान की पुस्तिका 85जीवाणु विल्ट स्यूडोमोनास फ्लोरोसेंस @ 10 ग्राम/किग्रा। -करो- कीट/रोग बीज उपचार टिप्पणियाँ बीज सड़न ट्राइकोडर्मा विराइड 6 ग्राम/किग्रा बीज की दर से। -करो- जैसिड्स, सफेद मक्खी थियामेथोक्साम (0. 2 ग्राम/लीटर पानी) दीमक बुआई से पहले बीज को किसी से उपचारित करें निम्नलिखित कीटनाशकों में से. i) क्लोरपायरीफॉस @ 4 मिली/किग्रा बीज (सर्वोत्तम)। उपलब्ध विकल्प और सावधानी के साथ उपयोग करें)।"
",What is एक समग्र?,""का परिप्रेक्ष्य वैज्ञानिक कृषि के लिए एक संयुक्त पहल किसानों",बीज ड्रेसिंग के लिए धातु के बीज ड्रेसर/मिट्टी के बर्तन या पॉलिथीन बैग का उपयोग किया जाता है। बंट/झूठा मैल/ढीला मैल/ढका हुआ मैलकारबॉक्सिन 75% WP। टेबुकोनाजोल 2 डीएस @ 1. 5 से 1. 87 ग्राम ए. आई. प्रति किलो बीज. टी. विरिडी 1. 15 % WP @ 4 ग्राम/किलो. ट्राइकोडर्मा विरिडी से बीज उपचार करें 1% WP @ 9 ग्राम/किग्रा बीज। मृदा एवं कंद जनित रोग भंडारण से पहले 20 मिनट तक बोरिक एसिड 3% से बीज उपचार करें। 3. 16. नेमाटोड प्रबंधन नेमाटोड धागे जैसे गोलाकार कृमि हैं जो नग्न आंखों से दिखाई नहीं देते हैं।
",What is एक समग्र?,""का परिप्रेक्ष्य वैज्ञानिक कृषि के लिए एक संयुक्त पहल किसानों","प्रजाति परजीवी पौधे जड़ों और अन्य पौधों के हिस्सों पर हमला करते हैं, जिससे बौनापन और उपज में कमी आती है। नेमाटोड से संक्रमित पौधे न केवल कमजोर हो जाते हैं बल्कि उनकी जड़ प्रणाली कवक या बैक्टीरिया द्वारा द्वितीयक संक्रमण के प्रति अधिक संवेदनशील होती है। सही पहचान पहला कदम है जब एक नेम- एटोड समस्या की आशंका है. दूसरा कदम यह निर्धारित करना है कि क्या जनसंख्या इतनी अधिक है कि फसल को खतरा हो।"
",What is एक समग्र?,""का परिप्रेक्ष्य वैज्ञानिक कृषि के लिए एक संयुक्त पहल किसानों","रूट नॉट नेमाटोड, सब्जियों में सबसे आम रोगजनक नेमाटोड, जब मिट्टी का तापमान 50 डिग्री फ़ारेनहाइट से नीचे होता है, तो जड़ों में प्रवेश नहीं कर सकते हैं, और जब मिट्टी का तापमान 58 डिग्री फ़ारेनहाइट से नीचे होता है, तो प्रजनन नहीं करते हैं। ठंडे तापमान पर उनकी पुन: उत्पादक दर धीमी होती है, इसलिए आबादी अधिक धीरे-धीरे बढ़ती है। इस प्रकार, ठंडी समुद्री फसलों को नुकसान होने की संभावना कम होती है। उदाहरण के लिए, शुरुआती वसंत के आलू, नेमाटोड से शायद ही कभी क्षतिग्रस्त होते हैं।"
",What is एक समग्र?,""का परिप्रेक्ष्य वैज्ञानिक कृषि के लिए एक संयुक्त पहल किसानों","नेमाटोड प्रबंधन प्रथाएँ अलगाव: एक बार नेमाटोड समस्या की पुष्टि हो जाने पर, प्रभावित क्षेत्रों और पौधों को अलग किया जाना चाहिए क्योंकि प्रत्यारोपण, मशीनरी और सिंचाई का पानी सभी नेमाटोड संक्रमण फैला सकते हैं। प्रारंभ में छोटे-संक्रमित क्षेत्रों से, नेमाटोड प्रति वर्ष 3 फीट की दर से पूरे क्षेत्र में फैल सकते हैं। फसल चक्र और आवरण फसलें: फसलें संदिग्ध- टेबल से रूट नॉट नेमाटोड में सभी कोल फसल प्रजातियां, सेम, ककड़ी, खरबूजा, तरबूज, बेंडी, आलू, शकरकंद और टमाटर शामिल हैं।"
",What is एक समग्र?,""का परिप्रेक्ष्य वैज्ञानिक कृषि के लिए एक संयुक्त पहल किसानों","गोल्डन नेमाटोड के प्रति प्रतिरोधी कुछ किस्मों को छोड़कर सभी पोटा-टोज़ नेमाटोड के प्रति संवेदनशील हैं। Page 94 --- 86 पौध संरक्षण बुनियादी कृषि पर किसान की पुस्तिका गैर-मेज़बान फसलों जैसे मक्का, कद्दूवर्गीय फसलों का चक्रण, आलू और टमाटर सिस्ट नेमाटोड के लिए एक प्रभावी नियंत्रण है। लेकिन इसकी व्यापक मेजबान सीमा के कारण रूट नॉट नेमाटोड को नियंत्रित करने की संभावना कम है।"
",What is एक समग्र?,""का परिप्रेक्ष्य वैज्ञानिक कृषि के लिए एक संयुक्त पहल किसानों","मेलोइडोगाइन की सभी प्रजातियों को 'रूट नॉट' नेमा-टोड कहा जाता है, लेकिन प्रत्येक प्रजाति की एक अलग मेजबान सीमा होती है, जिससे यह भ्रम पैदा होता है कि कौन सी फसलें या किस्में रूट नॉट नेमाटोड की किस प्रजाति के प्रति प्रतिरोधी या सहनशील हैं। एक वर्ष से अधिक समय तक गैर-मेज़बान फसलों का चक्रण करने से जनसंख्या नुकसानदायक स्तर से कम हो जाएगी, लेकिन ख़त्म नहीं होगी। कवर फसलें: बाद में काफी कम करें फसल को नुकसान."
",What is एक समग्र?,""का परिप्रेक्ष्य वैज्ञानिक कृषि के लिए एक संयुक्त पहल किसानों",मृदा कार्बनिक पदार्थ में वृद्धि: उच्च मृदा कार्बनिक पदार्थ सामग्री मिट्टी की जल-धारण क्षमता को बढ़ाकर और मिट्टी में नेमाटोड के साथ प्रतिस्पर्धा करने वाले प्राकृतिक रूप से पाए जाने वाले जैविक जीवों की गतिविधि को बढ़ाकर पौधों को नेमाटोड से बचाती है। परती अवधि: दो वर्ष की परती अवधि खेत में कोई संवेदनशील पौधे नहीं होने से नेमाटोड की आबादी कम हो जाती है। एक चक्र के रूप में गेंदा फसल दमन सूत्रकृमि.
",What is एक समग्र?,""का परिप्रेक्ष्य वैज्ञानिक कृषि के लिए एक संयुक्त पहल किसानों",पौधों का प्रतिरोध: नेमाटोड प्रतिरोधी किस्में नेमाटोड की घटनाओं को कम करने के लिए इसका उपयोग किया जा सकता है लक्षण रोग के लक्षण और विवरण को समझने से क्षेत्र स्तर पर पहचान करने में मदद मिलेगी।
",What is एक समग्र?,""का परिप्रेक्ष्य वैज्ञानिक कृषि के लिए एक संयुक्त पहल किसानों",रोग के कुछ लक्षण इस प्रकार हैं: धान की ब्लास्ट संक्रमित पत्ती धान में जीवाणु जनित झुलसा रोग लाल चने का अल्टेनेरिया पत्ती धब्बा मूंग का पौधा मुरझाने से प्रभावित हुआ गन्ने में लाल सड़न रोग गन्ने में पेड़ी का बौना होना कपास में एन्थ्रेक्नोज कपास में ग्रे फफूंद Page 95 --- पौध संरक्षण बुनियादी कृषि पर किसान की पुस्तिका 873. 17. नियंत्रण के उपाय - के लिए युक्तियाँ किसान आपके खेत में बीमारी की सही पहचान है रोग के प्रभावी नियंत्रण के लिए आवश्यक है। थोड़े से अनुभव से आप बीमारी की पहचान कर सकते हैं।
",What is एक समग्र?,""का परिप्रेक्ष्य वैज्ञानिक कृषि के लिए एक संयुक्त पहल किसानों","हालाँकि आप रोग के नमूने के साथ अपने क्षेत्र के कृषि अधिकारियों से संपर्क कर सकते हैं और रोग की पहचान करने में उनकी मदद ले सकते हैं। आप रोग से प्रभावित पौधों के हिस्सों को पहले भी क्लिनिकल परीक्षण के लिए एग्री क्लीनिक में दे सकते हैं - नियंत्रण उपाय करना. जैसा कि नीचे बताया गया है, एकीकृत रोग प्रबंधन का पालन करें जैसे कि मेजबान पौधे प्रतिरोध, कृषि संबंधी प्रथाएं, कवकनाशी का विवेकपूर्ण उपयोग, वेक्टर नियंत्रण के लिए कीटनाशक, रोगज़नक़ नियंत्रण के लिए जैव कीटनाशक आदि। 3. 18."
",What is एक समग्र?,""का परिप्रेक्ष्य वैज्ञानिक कृषि के लिए एक संयुक्त पहल किसानों","एकीकृत रोग प्रबंधन क्षेत्र में अभ्यास प्रतिरोधी किस्मों और संकरों का चयन करें अपने क्षेत्र के कृषि अधिकारियों से परामर्श करके सबसे आम या आर्थिक रूप से महत्वपूर्ण बीमारियों का पता लगाएं। उदाहरण के लिए: केवल अच्छी गुणवत्ता वाले, अच्छे अंकुरण वाले रोग-मुक्त बीज ही लगाएं। जैसे 80% से अधिक अंकुरण वाले कपास के बीज में जोरदार वृद्धि होगी और मिट्टी जनित बीमारियों के संक्रमण से पीड़ित नहीं होंगे रोगों पर नियंत्रण के लिए फफूंदनाशकों से बीज-उपचार करें।"
",What is एक समग्र?,""का परिप्रेक्ष्य वैज्ञानिक कृषि के लिए एक संयुक्त पहल किसानों","जब मिट्टी का तापमान और नमी विशिष्ट फसल के लिए सबसे अनुकूल हो तब रोपण करें। उदाहरण के लिए: यदि किसान गर्म तापमान (>65 एफ) के दौरान कपास की बुआई करते हैं, तो बेहतर अंकुरण और विकास होगा। एक ही फसल को साल-दर-साल खेत में बोने से बचें। उदाहरण के लिए: I) वेरिटिसिलियम विल्ट से प्रभावित खेत में धान उगाने से सूक्ष्म-विल्ट की घटनाओं में कमी आएगी। मिट्टी में बायल जनसंख्या. II) गुलदाउदी उगाने से अवरोध पैदा होगा मिट्टी में वेरिटिसिलियम की वृद्धि।"
",What is एक समग्र?,""का परिप्रेक्ष्य वैज्ञानिक कृषि के लिए एक संयुक्त पहल किसानों",रोपण के मौसम से पहले अच्छी तरह से जुताई करके पिछली फसल के फसल अवशेषों को शामिल करें। जैसे रोग से प्रभावित पौधों को तुरंत जला देना चाहिए. बुआई का सही समय चुनें और अनुशंसित अंतराल अपनाकर उचित पौधों की संख्या बनाए रखें। मिट्टी परीक्षण के आधार पर संतुलित उर्वरकों का प्रयोग करें। उदाहरण के लिए: पोटेशियम की कमी से अल्टरनेरिया लीफ स्पॉट की संवेदनशीलता बढ़ जाती है। नियमित अंतराल पर फार्मयार्ड मा-नर्स/खाद की अनुशंसित मात्रा लागू करें और मिट्टी-जैविक पदार्थ की मात्रा को बनाए रखें।
",What is एक समग्र?,""का परिप्रेक्ष्य वैज्ञानिक कृषि के लिए एक संयुक्त पहल किसानों",जैसे: रासायनिक उर्वरकों की अधिक खुराक से वनस्पति की अधिक वृद्धि होती है और अधिक बीमारियाँ होती हैं। ट्राइकोडर्मा जैसे लाभकारी सूक्ष्म जीवों से मिट्टी को समृद्ध करें। भूमि को खरपतवार मुक्त रखें। खरपतवार रोगजनकों के लिए वैकल्पिक मेजबान के रूप में काम कर सकते हैं और रोग के विकास में मदद कर सकते हैं। सिंचाई का समय और अवधि अतिरिक्त पानी की अनुमति के बिना फसल और पानी की आवश्यकता के अनुरूप होनी चाहिए।
",What is एक समग्र?,""का परिप्रेक्ष्य वैज्ञानिक कृषि के लिए एक संयुक्त पहल किसानों",उदाहरण के लिए: अत्यधिक सिंचाई मृदा जनित रोगज़नक़ों को बढ़ावा देती है कीड़ों द्वारा रोग स्थानांतरण की घटना को कम करने के लिए कीड़ों की आबादी को ईटीएल से नीचे बनाए रखें। प्रभावी रोग प्रबंधन के लिए नियमित फसल निगरानी आवश्यक है। रोग को नियंत्रित करने के लिए जहां तक ​​संभव हो जैव-कीटनाशक का प्रयोग करें। रसायन का उपयोग केवल अंतिम पुनः छंटाई के रूप में किया जा सकता है।
",What is एक समग्र?,""का परिप्रेक्ष्य वैज्ञानिक कृषि के लिए एक संयुक्त पहल किसानों","कपास प्रतिरोधी किस्म/संकर के रोग वर्टिसिलियम विल्ट एमसीयू 5 वीटी, सुरभि, सवि-था (हाइब्रिड) बैक्टीरियल लीफ ब्लाइट एमसीयू 10, एल 604, एल 389 Page 96 --- 88 पौध संरक्षण बुनियादी कृषि पर किसान की पुस्तिका 3. 19."
",What is एक समग्र?,""का परिप्रेक्ष्य वैज्ञानिक कृषि के लिए एक संयुक्त पहल किसानों","खरपतवार और फसल में इसकी प्रासंगिकता उत्पादन खरपतवार वे पौधे हैं, जो जहां उगते हैं वांछित नहीं हैं खरपतवार पानी, मिट्टी के पोषक तत्व, रोशनी और जगह के लिए फसलों से प्रतिस्पर्धा करते हैं खरपतवार फसल की पैदावार को 50 प्रतिशत तक कम कर देते हैं खरपतवार प्रतियोगिता की क्रांतिक अवधि फसल की अवधि का लगभग 1/3 भाग होती है खर-पतवार की विशेषताएँ: “एक वर्ष बीज बोना, सात साल तक निराई करना"""" की तुलना में बड़ी संख्या में बीज पैदा करता है फसलें."
",What is एक समग्र?,""का परिप्रेक्ष्य वैज्ञानिक कृषि के लिए एक संयुक्त पहल किसानों","उदाहरण के लिए: ऐमारैंथस रेट्रोफ्लेक्सस 1,96,405 बीज/पौधा पैदा करता है, जबकि गेहूं और चावल केवल 90 से 100 बीज/पौधा पैदा करते हैं।"
",What is एक समग्र?,""का परिप्रेक्ष्य वैज्ञानिक कृषि के लिए एक संयुक्त पहल किसानों","अधिकांश खरपतवार के बीज आकार में छोटे होते हैं बीज फैलाव के आसान और विविध साधन बीज पहले अंकुरित होते हैं और तेजी से बढ़ते हैं फूल जल्दी आते हैं और फसल से पहले पक जाते हैं कठिन परिस्थितियों में, मौसम के अनुसार अंकुरित होना बीज लंबे समय तक निष्क्रिय रहते हैं और उपयुक्त मौसम के दौरान अंकुरित होते हैं वर्षों तक अच्छी व्यवहार्यता नमी के तनाव को सहन करें मजबूत और गहरी जड़ प्रणाली रखते हैं खरपतवार प्रतिस्पर्धा का फसल पर प्रभाव विकास और उपज फसल में पोषण की कमी हो जाती है विकास कम हो जाता है पानी की आवश्यकता अधिक होगी इनपुट प्रतिक्रिया को कम करता है कीट एवं रोग का प्रकोप अधिक होगा उपज प्रभावित होती है उत्पादन लागत बढ़ जायेगी3."
",What is एक समग्र?,""का परिप्रेक्ष्य वैज्ञानिक कृषि के लिए एक संयुक्त पहल किसानों",20. महत्वपूर्ण फसलों के लिए खरपतवार प्रतियोगिता की महत्वपूर्ण अवधि फसल बुआई से दिन चावल (तराई) 35 चावल (ऊपरी भूमि) 60 ज्वार 30 मक्का 30 कपास 35 गन्ना 90 मूँगफली 45 सोयाबीन 45 प्याज 60 टमाटर 30III. खरपतवार प्रबंधन Page 97 --- पौध संरक्षण बुनियादी कृषि पर किसान की पुस्तिका 893. 21.
",What is एक समग्र?,""का परिप्रेक्ष्य वैज्ञानिक कृषि के लिए एक संयुक्त पहल किसानों","विभिन्न प्रकार के सामान्य खरपतवार Page 98 --- 90 पौध संरक्षण बुनियादी कृषि पर किसान की पुस्तिका Page 99 --- पौध संरक्षण बुनियादी कृषि पर किसान की पुस्तिका 91 स्रोत: खरपतवार विज्ञान अनुसंधान निदेशालय, जबलपुर Page 100 --- 92 पौध संरक्षण बुनियादी कृषि पर किसान की पुस्तिका 3. 22."
",What is एक समग्र?,""का परिप्रेक्ष्य वैज्ञानिक कृषि के लिए एक संयुक्त पहल किसानों","खरपतवार नियंत्रण के उपाय खरपतवार नियंत्रण के सिद्धांत रोकथाम उन्मूलन नियंत्रण प्रबंधन क) निवारक खरपतवार नियंत्रण ऐसी फसल का उपयोग करने से बचें जो खरपतवार से ग्रस्त हो बोने के लिए बीज खाद के गड्ढों में खरपतवार डालने से बचें नर्सरी या रोपण सामग्री खरपतवार से मुक्त होनी चाहिए सिंचाई नहरों, बाड़-रेखाओं और बिना फसल वाले क्षेत्रों को साफ रखें लगातार खरपतवार की तलाश करें, खरपतवार को वहीं नष्ट कर दें अच्छी गुणवत्ता वाले प्रमाणित बीजों का उपयोग करें, जो खरपतवार के बीजों से मुक्त हों जीर को रोकने के लिए उभरने से पहले शाकनाशी का उपयोग करें - खर-पतवार का उन्मूलन ख) उन्मूलन (पूर्ण निष्कासन): खरपतवार हैं किसी दिए गए क्षेत्र से मार दिया गया या पूरी तरह से हटा दिया गया, फिर से प्रकट नहीं होगा जब तक कि इसे दोबारा पेश न किया जाए।"
",What is एक समग्र?,""का परिप्रेक्ष्य वैज्ञानिक कृषि के लिए एक संयुक्त पहल किसानों","हालाँकि, यह बहुत कठिन है इसमें उच्च लागत शामिल है ग्रीन हाउस और नर्सरी में इस्तेमाल किया जा सकता है ग) नियंत्रण: खरपतवारों की वृद्धि को रोका जाता है और नष्ट किया जाता है जब आवश्यक हो ताकि इससे फसल की वृद्धि प्रभावित न हो। घ) खरपतवार प्रबंधन: जनसंख्या का प्रबंधन सभी संभव तरीकों का उपयोग करके खरपतवारों की कटाई। (i) यांत्रिक विधि: जुताई: हल या डिस्क का उपयोग करके, खरपतवार को मिट्टी से हटा दिया जाता है और सूर्य के प्रकाश के संपर्क में लाया जाता है।"
",What is एक समग्र?,""का परिप्रेक्ष्य वैज्ञानिक कृषि के लिए एक संयुक्त पहल किसानों","निराई-गुड़ाई: हाथ से कुदाल का प्रयोग, वार्षिक और द्विवार्षिक- als पूरी तरह से हटा दिए गए हैं। हाथ से निराई-गुड़ाई: या तो भौतिक रूप से हटाकर या हाथ से खरपतवार निकालकर या कुछ उपकरणों का उपयोग करके। खुदाई: बारहमासी के मामले में सलाह दी जाती है खर-पतवार. हँसिया का उपयोग करना: खरपतवार के ऊपरी हिस्से को हँसिया का उपयोग करके फिर से हटा दिया जाता है, जिससे खरपतवार का बीज उत्पादन नियंत्रित होता है।"
",What is एक समग्र?,""का परिप्रेक्ष्य वैज्ञानिक कृषि के लिए एक संयुक्त पहल किसानों",जलाना: जलाना अक्सर किफायती होता है और खरपतवार नियंत्रण के व्यावहारिक साधन लेकिन फसल उत्पादन क्षेत्र में हमेशा संभव नहीं। बाढ़: ऑक्सीजन को कम करके खरपतवारों को मारता है पौधे की वृद्धि. यह केवल गार के तहत ही संभव है - मांद भूमि या आर्द्रभूमि की स्थिति।
",What is एक समग्र?,""का परिप्रेक्ष्य वैज्ञानिक कृषि के लिए एक संयुक्त पहल किसानों",यांत्रिक विधि के गुण • सबसे पुरानी एवं प्रभावी विधि पर्यावरण के लिए सुरक्षित तरीका उच्च कौशल आवश्यक नहीं है पौधों के बीच में निराई-गुड़ाई संभव है गहरी जड़ों वाले खरपतवारों को प्रभावी ढंग से नियंत्रित किया जा सकता है यांत्रिक विधि के दोष • श्रम एवं समय लेने वाली फसल खराब होने की संभावना आदर्श नमी की आवश्यकता है महँगा ii) सांस्कृतिक खरपतवार नियंत्रण ग्रीष्मकालीन जुताई: गर्मियों की बारिश के तुरंत बाद जुताई की जाती है। इससे खरपतवार तेज़ धूप के संपर्क में आ जाते हैं।
",What is एक समग्र?,""का परिप्रेक्ष्य वैज्ञानिक कृषि के लिए एक संयुक्त पहल किसानों","खेत की तैयारी: खेत को लगातार हटाकर खरपतवार मुक्त बनाता है। ऐसी फसल का चयन करें जो खरपतवारों से बेहतर प्रतिस्पर्धा कर सके जैसे लोबिया, सूडान ग्रॉस, ज्वार अच्छे प्रतिस्पर्धी हैं। तेजी से बढ़ने वाली फसलें खरपतवार को प्रभावी ढंग से दबा देती हैं। इष्टतम पौधों की आबादी का रखरखाव: पर्याप्त पौधों की आबादी भूमि को कवर करती है और इसलिए, खरपतवार की वृद्धि मुश्किल होगी। चौड़ी कतार की तुलना में बंद कतार वाली फसलें बेहतर होती हैं। फसल चक्र: का प्रभुत्व कम करें फसल प्रणाली में विशेष खरपतवार।"
",What is एक समग्र?,""का परिप्रेक्ष्य वैज्ञानिक कृषि के लिए एक संयुक्त पहल किसानों",अंतरफसलें उगाना: अंतरफसलें उगाना- इससे भूमि शीघ्रता से भर जाती है और खरपतवारों की वृद्धि कम हो जाती है। उदाहरण के लिए: मक्का/अरहर/गन्ना आदि जैसी व्यापक दूरी वाली फसलों में लोबिया/सोयाबीन आदि जैसी फसल उगाना। मल्चिंग: मल्च मिट्टी की सतह पर बनी सामग्री का एक सुरक्षात्मक आवरण है। इसका शमन प्रभाव होता है और खरपतवार की वृद्धि कम हो जाती है। मल्चिंग को नष्ट होने वाले कृषि अपशिष्ट या प्लास्टिक शीट के माध्यम से किया जा सकता है।
",What is एक समग्र?,""का परिप्रेक्ष्य वैज्ञानिक कृषि के लिए एक संयुक्त पहल किसानों","प्लास्टिक के मामले में, काला सबसे लोकप्रिय रंग है जिसका उपयोग वाणिज्यिक बागवानी फसल उत्पादन में किया जाता है, खासकर खरपतवार नियंत्रण के लिए। सौर्यीकरण: पहले से भीगे हुए खेत को पारदर्शी पॉलिथीन कवर से ढककर किया जाता है, जिससे तापमान 5 - 10 ºC बढ़ जाता है। Page 101 --- पौध संरक्षण बुनियादी कृषि पर किसान की पुस्तिका 93• बासी बीजभूमि: खरपतवारों को रोगाणु-रोधी होने दिया जाता है। युवा खरपतवार के पौधों को मारने के लिए नेट और गैर-अवशिष्ट शाकनाशी का छिड़काव किया जाता है।"
",What is एक समग्र?,""का परिप्रेक्ष्य वैज्ञानिक कृषि के लिए एक संयुक्त पहल किसानों",अंधी जुताई: फसल की बुआई के बाद और पौधे निकलने से पहले जुताई करना। आम तौर पर इस उद्देश्य के लिए बीज ड्रिल का उपयोग वर्षा आधारित परिस्थितियों में किया जाता है। फसल प्रबंधन प्रथाएँ: खरपतवारों से बेहतर प्रतिस्पर्धा के लिए जोरदार और तेजी से बढ़ने वाली फसल की किस्में।
",What is एक समग्र?,""का परिप्रेक्ष्य वैज्ञानिक कृषि के लिए एक संयुक्त पहल किसानों",सांस्कृतिक पद्धति के गुण • कम लागत अपनाने में आसान कम तकनीकी कौशल ही पर्याप्त है फसलों को कोई नुकसान नहीं प्रभावी खरपतवार नियंत्रण सांस्कृतिक पद्धति के दोष • समय लगने वाला एवं कठिन बारहमासी और समस्याग्रस्त खरपतवारों को नियंत्रित नहीं किया जा सकता है iii) जैविक खरपतवार नियंत्रण: प्राकृतिक शत्रु खरपतवार को नियंत्रित करने के लिए खरपतवार के पौधे का उपयोग किया जाता है उदाहरण: पार के नियंत्रण के लिए जाइगोग्रामा बायोलोराटा - थेनियम हिर्श - मन्निएला स्पिनिकाडाटा एक चावल जड़ सूत्रकृमि है जो अधिकांश ऊपरी चावल के खरपतवारों को नियंत्रित करता है चावल में एजोला फायदे• पर्यावरण अनुकूल आसान कम लागत नुकसान • उनके पास वैकल्पिक होस्ट हो सकता है या वे वैकल्पिक होस्ट पर स्विच कर सकते हैं कई मामलों में बायोएजेंट का गुणन कठिन होता है iv) रासायनिक खरपतवार नियंत्रण: शाकनाशी हैं खरपतवार नियंत्रण के लिए प्रयुक्त रसायन।
",What is एक समग्र?,""का परिप्रेक्ष्य वैज्ञानिक कृषि के लिए एक संयुक्त पहल किसानों",गुण प्रतिकूल मिट्टी और जलवायु परिस्थितियों के लिए अनुशंसित खरपतवार निकलने से पहले ही लगाएं और पर्यावरण को खरपतवार मुक्त बनाएं सभी प्रकार की फसलों के लिए उपयुक्त • केवल लक्षित खरपतवारों को नियंत्रित करता है कई बारहमासी खरपतवार प्रजातियों को नियंत्रित करता है श्रम की तुलना में लागत प्रभावी अवगुण• पर्यावरण को प्रदूषित करता है मिट्टी को प्रभावित करता है शाकनाशी बहाव निकटवर्ती खेत को प्रभावित करता है न्यूनतम तकनीकी ज्ञान की आवश्यकता है अवशिष्ट प्रभाव छोड़ता है कुछ शाकनाशी महंगे हैं मिश्रित और अंतर-फसल प्रणाली के लिए कोई उपयुक्त शाकनाशी उपलब्ध नहीं हैं 3.
",What is एक समग्र?,""का परिप्रेक्ष्य वैज्ञानिक कृषि के लिए एक संयुक्त पहल किसानों",23. शाकनाशियों का वर्गीकरण मिट्टी में शाकनाशी लगाने की विधि; जैसे: फ्लुक्लोरेलिन पत्तेदार शाकनाशी: उदा. ग्लाइफोसेट का तरीका क्रिया चयनात्मक शाकनाशी: केवल खरपतवार को मारता है। गैर चयनात्मक शाकनाशी: संपूर्ण वनस्पति को नष्ट कर देता है। गतिशीलता संपर्क शाकनाशी; पौधे के संपर्क में आने पर मार देता है। ट्रांसलोकेटेड हर्बिसाइड: जहर चलता है उपचारित भागों से अनुपचारित भागों तक: जैसे। ग्लाइफोसेट लगाने का समय-पौधे लगाने से पहले: बुआई से पहले या बुआई के साथ जैसे.
",What is एक समग्र?,""का परिप्रेक्ष्य वैज्ञानिक कृषि के लिए एक संयुक्त पहल किसानों","ग्लाइफोसेट हरियाली, बेसलिन के लिए मूंगफली के लिए उद्भव से पहले: खरपतवार से पहले अंकुरित होना;उदा. थियोबेनकार्ब उद्भव के बाद: खरपतवार के बाद लगाया जाता है अंकुरित होना i) उदाहरणार्थ। बिस्पाइरिबैक सोडियम. Page 102 --- 94 पौध संरक्षण बुनियादी कृषि पर किसान की पुस्तिका सूत्र- पायसीकरणीय सांद्रण (ईसी): तरल रूप। गीला करने योग्य पाउडर: जहर मिलाया जाता है अक्रिय वाहक. ग्रेन्यूल्स (जी) जहर मिलाया जाता है दानेदार रूप. जल में घुलनशील सांद्रण (WSC) फॉर्म भी उपलब्ध हैं 3. 24."
",What is एक समग्र?,""का परिप्रेक्ष्य वैज्ञानिक कृषि के लिए एक संयुक्त पहल किसानों",आवेदन के तरीके छिड़काव प्रसारण पर्ण अनुप्रयोग कंबल स्प्रे: फसल और खरपतवार दोनों का छिड़काव किया जाता है खरपतवारनाशी के साथ. निर्देशित स्प्रे: शाकनाशियों का अनुप्रयोग खरपतवार केवल हुड के प्रयोग से फसल से बचते हैं। जैसे: टैपिओका की पंक्तियों के बीच ग्लाइफोसेट1 का छिड़काव करना हरियाली को नियंत्रित करने के लिए हुड का उपयोग करना। संरक्षित स्प्रे: फसलें ढकी हुई हैं और जड़ी-बूटी- खरपतवारों पर साइड्स का छिड़काव किया जाता है। यह तरीका है खर्च- sive.
",What is एक समग्र?,""का परिप्रेक्ष्य वैज्ञानिक कृषि के लिए एक संयुक्त पहल किसानों",स्पॉट ट्रीटमेंट: केवल वहीं लगाया जाता है जहां खरपतवार हों वर्तमान. 3. 25.
",What is एक समग्र?,""का परिप्रेक्ष्य वैज्ञानिक कृषि के लिए एक संयुक्त पहल किसानों","पार्थेनियम (पेरेन-) का नियंत्रण नील खरपतवार) पार्थेनी को मैन्युअल रूप से हटाना और नष्ट करना- हाथ के दस्ताने/मशीनरी (या) का उपयोग करके फूल आने से पहले पौधे लगाएं सोडियम क्लोराइड 200 ग्राम + 2 मिली साबुन तेल/लीटर पानी (या) का एक समान छिड़काव फूल आने से पहले 2,4-डी सोडियम नमक 8 ग्राम या ग्लिफ़ो-सैट10 मिली + 20 ग्राम अमोनियम सल्फेट + 2 मिली साबुन का घोल/लीटर पानी का छिड़काव करें (या) गैर-फसलीय स्थिति में उद्भव के बाद मेट्रिबुज़िन 3 ग्राम/लीटर पानी का प्रयोग।"
",What is एक समग्र?,""का परिप्रेक्ष्य वैज्ञानिक कृषि के लिए एक संयुक्त पहल किसानों","पार्थेनियम (या) को पुनः स्थापित करने के लिए परती भूमि पर कैसिया सेरेसिया और एबूटिलोन इंडिकम जैसे प्रतिस्पर्धी पौधों को उगाना मैक्सिकन बीटल, कवक रोगज़नक़ और नेमाटोड द्वारा जैविक नियंत्रण 3. 26. बारहमासी खरपतवारों का नियंत्रण बाग साइपरस रोटंडस, सिनोडोन जैसे बारहमासी खरपतवार बगीचों में डैक्टिलॉन आदि को नियंत्रित किया जा सकता है- 2. 5 से 5. 0 L ha-1 पर ग्लाइफोसेट1 का छिड़काव करके प्रभावी ढंग से 500 लीटर पानी में घोल दिया गया। युवा फलदार पौधों की पत्तियों पर स्प्रे तरल पदार्थ गिरने से बचना चाहिए।"
",What is एक समग्र?,""का परिप्रेक्ष्य वैज्ञानिक कृषि के लिए एक संयुक्त पहल किसानों",खरपतवार दोबारा उगने पर दूसरे छिड़काव की आवश्यकता होती है। (लागत रु. 700/- से 1400 हेक्टेयर)। 3. 27. छिड़काव करते समय सावधानियां शाकनाशी सही प्रकार के लिए सही प्रकार के शाकनाशी का चयन करें फसल और स्प्रे. शाकनाशी चुनने में किसी भी गलती से पूरी फसल का नुकसान हो सकता है। खुराक सटीक होनी चाहिए और अच्छी गुणवत्ता वाले पानी का उपयोग किया जाना चाहिए। छिड़काव के लिए हमेशा सही नोजल का प्रयोग करें। छिड़काव आगे से पीछे की ओर करना चाहिए। (हमें कम से कम 3 दिनों तक छिड़काव वाले खेत में कदम नहीं रखना चाहिए)।
",What is एक समग्र?,""का परिप्रेक्ष्य वैज्ञानिक कृषि के लिए एक संयुक्त पहल किसानों","प्रभावी नियंत्रण के लिए मिट्टी में पर्याप्त नमी होनी चाहिए। धान के लिए, पानी की एक पतली फिल्म 3 दिनों तक बनाए रखी जानी चाहिए और इसे सूखाया नहीं जाना चाहिए। कंबल स्प्रे Page 103 --- पौध संरक्षण बुनियादी कृषि पर किसान की पुस्तिका 953. 28. विभिन्न फसलों के लिए शाकनाशियों की सूची खुराक में थोड़ी भिन्नता हो सकती है।"
",What is एक समग्र?,""का परिप्रेक्ष्य वैज्ञानिक कृषि के लिए एक संयुक्त पहल किसानों","कृपया स्थानीय कृषि विस्तार अधिकारी/वैज्ञानिक से परामर्श लें- केवीके से परीक्षण करें या शाकनाशी के साथ संलग्न पत्रक को ध्यान से पढ़ें: फसल शाकनाशी खुराक (किलो एआई/हेक्टेयर) व्यापार नाम और इसके लिए - आवेदन का समय चावल थायोबेनकार्ब 1. 25 माचेटे 50% ईसी डेलक्लोर 50% ECपूर्व-उद्भव अनिलोफोस 0. 40 थंडर 50% ईसीसैटर्न 50% ईसीपूर्व-उद्भव पेंडिमेथालिन 0. 90 एरोज़िन 30% ईसीएनिलोगार्ड 30% ईसीपूर्व-उद्भव फिंगर बाजरा पेंडिमिथालिन 0. 90 स्टॉम्प 30% ईसी उद्भव से पहले 2,4-डी ना नमक 1."
",What is एक समग्र?,""का परिप्रेक्ष्य वैज्ञानिक कृषि के लिए एक संयुक्त पहल किसानों",00 फ़र्नोक्सोन 80% एसएस उभरने के बाद मक्का पेंडीमेथालिन 0. 75 स्टॉम्प 30% ईसी उद्भव से पहले कॉटन मेटोलाक्लोर 1. 00 ड्युअल 50% ईसी उद्भव पूर्व पेंडीमेथालिन 1. 00 स्टॉम्प 30% ईसी उद्भव पूर्व मूंगफली मेटोलाक्लोर 1. 00 दोहरी 50% ईसी उद्भव पूर्व पेंडीमेथालिन 0. 90 स्टॉम्प 30% ईसी उद्भव से पहले सब्जियां पेंडिमिथालिन 1. 00 स्टॉम्प 30% ईसी उद्भव से पहले दालें पेंडिमिथालिन 0. 60 स्टॉम्प 30% ईसी उद्भव से पहले गेहूं आइसोप्रोट्यूरॉन 0.
",What is एक समग्र?,""का परिप्रेक्ष्य वैज्ञानिक कृषि के लिए एक संयुक्त पहल किसानों",60 अरेलोन 75% WP उद्भव पूर्व उभरने के बाद साइट्रस ग्लाइफोसेट 4 4 किग्रा/हेक्टेयर 3. 29. शाकनाशी मिश्रण कभी-कभी इसमें दो या दो से अधिक का मिश्रण शामिल होता है - प्रभावी और किफायती खरपतवार के लिए प्रयुक्त कीटनाशक कम खुराक पर नियंत्रण. दो प्रकार के मिश्रण उपलब्ध हैं: 1. वांछित प्रोपर से बना टैंक मिश्रण - प्रयोग से पहले शाकनाशियों का प्रयोग। उदाहरण: An- इलोफोस + बिस्पाइरिबैक सोडियम - चावल 2. तैयार मिश्रण - निर्माता द्वारा तैयार किया गया।
",What is एक समग्र?,""का परिप्रेक्ष्य वैज्ञानिक कृषि के लिए एक संयुक्त पहल किसानों",विश्व बाजार में तैयार मिश्रण उपलब्ध है जैसे: बिस्पाइरिबैक सोडियम+ग्लाइफोसेट। अमोनियम सल्फेट को ग्लाइफोसेट के साथ मिलाना- जहां नाइट्रोजन बढ़ती है वहां दक्षता बढ़ जाती है अनुवाद n. 3. 30. एकीकृत खरपतवार प्रबंधन (आईडब्ल्यूएम) दो या दो से अधिक खरपतवार नियंत्रण का संयोजन खरपतवार को कम करने के लिए निम्न इनपुट स्तर पर विधियाँ किसी फसल प्रणाली में संरचना आर्थिक सीमा स्तर से नीचे होती है।
",What is एक समग्र?,""का परिप्रेक्ष्य वैज्ञानिक कृषि के लिए एक संयुक्त पहल किसानों",यह: अवशेष समस्याओं को कम करना है पारिस्थितिकी तंत्र पर प्रभाव को कम करें Page 104 --- 96 पौध संरक्षण बुनियादी कृषि पर किसान की पुस्तिका 3. 31. खरपतवारों के लाभकारी प्रभाव या खरपतवारों का आर्थिक उपयोग कुछ आर्थिक मामलों में कई तरह के खर-पतवार लगाए गए हैं सदियों से उपयोग करता है. कुछ उदाहरण हैं: टाइफा और सैकरम एसपी का उपयोग रस्सियों और छप्पर बोर्ड बनाने के लिए किया जाता है। कॉफ़ी पाउडर में स्वाद जोड़ने के लिए चिकोरी सिचोरियम इंटीबस जड़ों का उपयोग किया जाता है।
",What is एक समग्र?,""का परिप्रेक्ष्य वैज्ञानिक कृषि के लिए एक संयुक्त पहल किसानों","ऐमारैंथस विरिडिस, चेनोपोडियम एल्बम और पोर्टुलाका एसपी। पत्तेदार सब्जी के रूप में उपयोग किया जाता है। घास भूमि की हरियाली घास (साइनोडोन डैक्टिलॉन) और सेंच्रस सिलियारिस, डिकैन्थियम एनुलैटम और एक्लिप्टा अल्बा खरपतवार जानवरों के लिए भोजन के रूप में काम करते हैं। खरपतवार कीटों के शिकारियों और परजीवियों के लिए वैकल्पिक मेजबान के रूप में कार्य करते हैं, जो खरपतवारों को खाते हैं। उदाहरण के लिए, ट्राइकोग्रामा चिलोनिस कैस्टर सेमी लूपर के अंडों को खाते हैं, जो अरंडी के पौधों को नुकसान पहुंचाते हैं।"
",What is एक समग्र?,""का परिप्रेक्ष्य वैज्ञानिक कृषि के लिए एक संयुक्त पहल किसानों","जैसे कॉमेलिना एसपी (कॉपर), इकोर्निया क्रैसिप्स (कॉपर जिंक, जल निकायों में सीसा और कैडमियम। दक्षिण भारत में टेफोर्सिया पुरपु-रीया और क्रोटन स्पार्सिफ्लोरा जैसी खरपतवारों की कई प्रजातियों का उपयोग हरी खाद के रूप में किया जाता है, जबकि इकोर्निया क्रै-सिप्स और पिस्टिया स्ट्रैटियोट्स का उपयोग खाद बनाने के लिए किया जाता है। आर्जीमोन मेक्सिकाना का उपयोग क्षारीय मिट्टी के सुधार के लिए किया जाता है।"
",What is एक समग्र?,""का परिप्रेक्ष्य वैज्ञानिक कृषि के लिए एक संयुक्त पहल किसानों","कुछ खरपतवारों में औषधीय गुण होते हैं और इनका उपयोग सांप के काटने (ल्यूकास एस्पेरा), गैस्ट्रिक परेशानियों (कैलोट्रोपिस प्रोसेरा), त्वचा विकारों (आर्गेमोन मेक्सिकाना) और पीलिया (फिलान-थस निरुर) और स्ट्रिगा ओरोबैनचियोइड्स को मधुमेह को नियंत्रित करने के लिए ठीक करने के लिए किया जाता है। अगरबत्ती (साइपरस रोटंडस), सुगंधित तेल, (एंड्रोपोगन एसपी और सिम्बोपोगोन एसपी) को खरपतवार से पहले से तैयार किया जाता है। वायु प्रदूषण का निर्धारण क्रमशः जंगली सरसों और चिकवीड द्वारा किया जाता है।"
",What is एक समग्र?,""का परिप्रेक्ष्य वैज्ञानिक कृषि के लिए एक संयुक्त पहल किसानों","जलीय खरपतवार कागज, लुगदी और फाइबर उद्योग में उपयोगी होते हैं। चेनोपोडियम एल्बम का उपयोग वाष्पीकरण के नुकसान को कम करने के लिए गीली घास के रूप में किया जाता है, जबकि एग्रोपाइरोन रेपेंस (क्वैक घास) का उपयोग इसकी प्रचुर जड़ प्रणाली के कारण मिट्टी के कटाव को नियंत्रित करने के लिए किया जाता है। लैंटाना कैमारा, ऐमारैंथस विर जैसे खरपतवार - आइडिस, चेनोपोडियम एल्बु और एइचोर्निया क्रै-सिप्स का उपयोग सौंदर्यीकरण के लिए किया जाता है।"
",What is एक समग्र?,""का परिप्रेक्ष्य वैज्ञानिक कृषि के लिए एक संयुक्त पहल किसानों","एग्रोपाइरोन रिपेंस का उपयोग मिट्टी संरक्षण के लिए किया जाता है, जबकि डिकैन्थियम एनुलैटम का उपयोग स्थिर क्षेत्र के बांध के रूप में किया जाता है। ओपंटिया डेलिनी का उपयोग जैविक बाड़ के रूप में किया जाता है। 3. 34. सबक सीखा 1. सभी कीड़े हानिकारक नहीं होते। किसानों को लाभकारी एवं हानिकारक कीटों की पहचान करने की आवश्यकता है। 2."
",What is एक समग्र?,""का परिप्रेक्ष्य वैज्ञानिक कृषि के लिए एक संयुक्त पहल किसानों","ग्रीष्मकालीन जुताई, जाल वाली फसलें उगाना, मिश्रित फसल अपनाना, अंतरफसल, फसल चक्र और खेत को साफ रखना महत्वपूर्ण कृषि पद्धतियां हैं जिनका किसानों को प्रभावी कीट प्रबंधन के लिए पालन करने की आवश्यकता है। 3. किसानों को उगाई गई फसलों के प्रमुख कीटों के आर्थिक सीमा स्तर को समझने की जरूरत है। 4. जैविक नियंत्रण विधियों से सतत कीट नियंत्रण प्राप्त होता है। 5. किसानों को सलाह दी जाती है कि वे शेष प्रभाव को कम करने के लिए प्रतीक्षा अवधि के बाद फलों और सब्जियों की कटाई करें। 6."
",What is एक समग्र?,""का परिप्रेक्ष्य वैज्ञानिक कृषि के लिए एक संयुक्त पहल किसानों","बीज उपचार से मिट्टी और बीज जनित कीड़ों और बीमारियों का संक्रमण नहीं होता है 7. सबसे आम और आर्थिक रूप से आयात प्रतिरोधी किस्मों और संकरों का चयन करें - तांत रोग. 8. एक वर्ष बीजारोपण, सात वर्ष निराई। अत: खरपतवारों के बीजों को फैलने से रोकें। Page 105 --- पौध संरक्षण बुनियादी कृषि पर किसान की पुस्तिका कीटनाशकों और सावधानियों की 97श्रेणियाँ विषाक्तता एहतियात का कीटनाशक समूह लेबल फ़्लुबेंडियामाइड डायमाइड श्रेणी डी का उपयोग सावधानी के साथ किया जाना चाहिए।"
",What is एक समग्र?,""का परिप्रेक्ष्य वैज्ञानिक कृषि के लिए एक संयुक्त पहल किसानों",इमामेक्टिन बेंजोएट मैक्रोसाइक्लिक लैक्टोन - एवरमेक्टिनश्रेणी डी सावधानी के साथ प्रयोग किया जाना चाहिए। स्पिनोसैड मैक्रोसाइक्लिक लैक्टोन - स्पिनोसिनश्रेणी बी का उपयोग बहुत सावधानी से किया जाना चाहिए (चूंकि मधुमक्खियों आदि के लिए विषाक्त है) और एक कृषि-संस्कृति विशेषज्ञ के मार्गदर्शन में। एसिटामिप्रिड नियोनिकोटिनोइड्स श्रेणी डी सावधानी के साथ उपयोग किया जाना चाहिए।
",What is एक समग्र?,""का परिप्रेक्ष्य वैज्ञानिक कृषि के लिए एक संयुक्त पहल किसानों",इमिडाक्लोप्रिड नियोनिकोटिनोइड्स श्रेणी बी का उपयोग बहुत सावधानी से किया जाना चाहिए (चूंकि मधुमक्खियों आदि के लिए विषाक्त है) और एक कृषि-संस्कृति विशेषज्ञ के मार्गदर्शन में। थियामेथोक्सम नियोनिकोटिनोइड्स श्रेणी बी का उपयोग बहुत सावधानी से किया जाना चाहिए (चूंकि मधुमक्खियों आदि के लिए विषाक्त है) और एक कृषि-संस्कृति विशेषज्ञ के मार्गदर्शन में।
",What is एक समग्र?,""का परिप्रेक्ष्य वैज्ञानिक कृषि के लिए एक संयुक्त पहल किसानों",क्लोरपाइरीफोस ऑर्गेनोथियोफॉस्फेट श्रेणी बी का उपयोग बहुत सावधानी से किया जाना चाहिए (चूंकि मधुमक्खियों आदि के लिए विषैला होता है) और एक कृषि के मार्गदर्शन में- संस्कृति विशेषज्ञ. प्रोफेनोफोस ऑर्गेनोथियोफॉस्फेट श्रेणी बी का उपयोग बहुत सावधानी से किया जाना चाहिए (चूंकि मधुमक्खियों आदि के लिए विषाक्त है) और एक कृषि-संस्कृति विशेषज्ञ के मार्गदर्शन में।
",What is एक समग्र?,""का परिप्रेक्ष्य वैज्ञानिक कृषि के लिए एक संयुक्त पहल किसानों",फेनाज़ाक्विन अवर्गीकृत श्रेणी बी का उपयोग बहुत सावधानी से किया जाना चाहिए (चूंकि मधुमक्खियों आदि के लिए विषाक्त है) और कृषि विशेषज्ञ के मार्गदर्शन के बिना। विषाक्तता एहतियात का कवकनाशी समूह लेबल थियोफैनेट मिथाइल बेंज़िमिडाज़ोल प्रीकर्सर श्रेणी बी का उपयोग बहुत सावधानी से किया जाना चाहिए (क्योंकि मानव स्वास्थ्य और/या पर्यावरण के लिए अत्यधिक खतरनाक है) और एक कृषि विशेषज्ञ के मार्गदर्शन में। कार्बोक्सिन कार्बोक्सामाइड/ऑक्साथिन श्रेणी डी सावधानी के साथ उपयोग किया जाना चाहिए।
",What is एक समग्र?,""का परिप्रेक्ष्य वैज्ञानिक कृषि के लिए एक संयुक्त पहल किसानों",कॉपर ऑक्सीक्लोराइड अकार्बनिक कॉपर श्रेणी सी का उपयोग सावधानी के साथ और कृषि विशेषज्ञ के मार्गदर्शन के बिना किया जाना चाहिए। फोसेटिल ऑर्गेनोफॉस्फोरस श्रेणी डी का उपयोग सावधानी के साथ किया जाना चाहिए। कैप्टन थैलिमाइड श्रेणी बी का उपयोग बहुत सावधानी से किया जाना चाहिए (चूंकि मधुमक्खियों आदि के लिए विषाक्त है) और एक कृषि-संस्कृति विशेषज्ञ के मार्गदर्शन में। मेटलैक्सिल फेनिलैमाइड श्रेणी सी का उपयोग सावधानी के साथ और कृषि विशेषज्ञ के मार्गदर्शन के बिना किया जाना चाहिए।
",What is एक समग्र?,""का परिप्रेक्ष्य वैज्ञानिक कृषि के लिए एक संयुक्त पहल किसानों",एज़ोक्सीस्ट्रोबिन स्ट्रोबिल्यूरिन्स श्रेणी डी सावधानी के साथ उपयोग किया जाना चाहिए। Page 106 --- 98 पौध संरक्षण बुनियादी कृषि पर किसान की पुस्तिका डिफ़ेनोकोनाज़ोल ट्रायज़ोल श्रेणी सी का उपयोग सावधानी के साथ और बिना सावधानी के किया जाना चाहिए। कृषि विशेषज्ञ के मार्गदर्शन में। ट्रायडाइमफ़ोन ट्रायज़ोल्स श्रेणी बी का उपयोग बहुत सावधानी से और कृषि विशेषज्ञ के मार्गदर्शन में किया जाना चाहिए।
",What is एक समग्र?,""का परिप्रेक्ष्य वैज्ञानिक कृषि के लिए एक संयुक्त पहल किसानों","टेबुकोनाज़ोल ट्रायज़ोल श्रेणी सी का उपयोग सावधानी के साथ और कृषि विशेषज्ञ के मार्गदर्शन के बिना किया जाना चाहिए। विषाक्तता एहतियात का शाकनाशी समूह लेबल 2,4-डी क्लोरोफेनॉक्सी एसिड या एस्टरश्रेणी सी का उपयोग सावधानी के साथ और किसी कृषि विशेषज्ञ के मार्गदर्शन के बिना किया जाना चाहिए। ट्यूर विशेषज्ञ. ब्यूटाक्लोर क्लोरोएसिटानिलाइड श्रेणी बी का उपयोग बहुत सावधानी से किया जाना चाहिए और एक कृषि विशेषज्ञ के मार्गदर्शन में।"
",What is एक समग्र?,""का परिप्रेक्ष्य वैज्ञानिक कृषि के लिए एक संयुक्त पहल किसानों",मेटोलाक्लोर क्लोरोएसेटानिलाइड श्रेणी बी का उपयोग बहुत सावधानी से किया जाना चाहिए (चूंकि मधुमक्खियों आदि के लिए विषैला होता है) और कृषि-संस्कृति विशेषज्ञ के मार्गदर्शन में। फ़्लुक्लोरेलिन डाइनिट्रोएनिलिन श्रेणी सी का उपयोग सावधानी के साथ और कृषि विशेषज्ञ के मार्गदर्शन के बिना किया जाना चाहिए। पेंडीमेथालिन डिनिट्रोएनिलिन श्रेणी सी का उपयोग सावधानी के साथ और कृषि विशेषज्ञ के मार्गदर्शन के बिना किया जाना चाहिए।
",What is एक समग्र?,""का परिप्रेक्ष्य वैज्ञानिक कृषि के लिए एक संयुक्त पहल किसानों","अनिलोफोस ऑर्गेनोफॉस्फोरस श्रेणी बी का उपयोग बहुत सावधानी से किया जाना चाहिए (चूंकि मधुमक्खियों आदि के लिए विषाक्त है) और एक कृषि-संस्कृति विशेषज्ञ के मार्गदर्शन में। ड्यूरॉन फेनिल्यूरिया श्रेणी बी का उपयोग बहुत सावधानी से किया जाना चाहिए, क्योंकि संभवतः कैंसरकारी है, और एक कृषि विशेषज्ञ के मार्गदर्शन में। आइसोप्रोट्यूरॉन फेनिल्यूरिया श्रेणी सी का उपयोग सावधानी के साथ और कृषि विशेषज्ञ के मार्गदर्शन के बिना किया जाना चाहिए।"
",What is एक समग्र?,""का परिप्रेक्ष्य वैज्ञानिक कृषि के लिए एक संयुक्त पहल किसानों","ग्लाइफोसेट फ़ॉस्फ़ोनोग्लाइसिन श्रेणी बी का उपयोग बहुत सावधानी से किया जाना चाहिए, क्योंकि संभवतः कैंसरकारी है, और एक कृषि विशेषज्ञ के मार्गदर्शन में। एट्राज़िन ट्राइज़ाइन्स श्रेणी बी का उपयोग बहुत सावधानी से और कृषि विशेषज्ञ के मार्गदर्शन में किया जाना चाहिए। थियोबेनकार्ब थियोकार्बामेट श्रेणी बी का उपयोग बहुत सावधानी से किया जाना चाहिए (चूंकि मधुमक्खियों आदि के लिए विषाक्त है) और एक कृषि-संस्कृति विशेषज्ञ के मार्गदर्शन में।"
",What is एक समग्र?,""का परिप्रेक्ष्य वैज्ञानिक कृषि के लिए एक संयुक्त पहल किसानों",मेट्रिबुज़िन ट्रायज़िनोन श्रेणी बी का उपयोग बहुत सावधानी से और कृषि विशेषज्ञ के मार्गदर्शन में किया जाना चाहिए। Page 107 --- फार्म प्रबंधन बुनियादी कृषि पर किसान की पुस्तिका 994. 1. सत्र के उद्देश्य किसानों को उन्नत प्रौद्योगिकियों और बाजार के अवसरों को बढ़ाने के लिए लाभ उठाने के लिए तैयार करना आय. परिवार के लिए खाद्य सुरक्षा सुनिश्चित करने के लिए किसान को उचित योजना बनाने और उसके उत्पादन को अपनाने में सहायता करना।
",What is एक समग्र?,""का परिप्रेक्ष्य वैज्ञानिक कृषि के लिए एक संयुक्त पहल किसानों","किसानों को खरीदारों, इनपुट डीलरों और क्रेडिट संस्थानों के साथ पेशेवर बातचीत के लिए सशक्त बनाना। उपलब्ध संसाधनों पर विचार करके लाभदायक निर्णय लेने और बाजार में उतार-चढ़ाव सहित जोखिमों का अनुमान लगाने के लिए किसान को शिक्षित करना। 4. 2. सत्र के अंत में हम क्या जानते हैं फार्म प्रबंधन का महत्व बुनियादी जानकारी जो बेहतर कृषि प्रबंधन निर्णय का समर्थन करती है बाज़ार संचालित उद्यम गतिविधियों के कैलेंडर के साथ संसाधनों का मिलान फसल पैटर्न का चयन लागत लाभ विश्लेषण की समझ कृषि में जोखिम विश्लेषण4."
",What is एक समग्र?,""का परिप्रेक्ष्य वैज्ञानिक कृषि के लिए एक संयुक्त पहल किसानों","फार्म प्रबंधन खेत क्या है? फार्म एक सामाजिक आर्थिक इकाई है। यह कृषक परिवार, कृषि उद्यमों और संरचनाओं से बना है। किसान एक उत्पादक सह प्रबंधक है। किसान को यह तय करना होगा कि किसी दिए गए मौसम में उत्पादन करने के लिए कितनी भूमि, श्रम, पूंजी और किस प्रकार की तकनीक का उपयोग करना है। अंततः, किसान को अपनी आजीविका चलाने के लिए लाभ कमाना ही पड़ता है। किसान खेत में क्या करेगा आदमी- एजमेंट? किसान उपलब्ध पुनः का कुशलतापूर्वक उपयोग करेगा- उपलब्ध सर्वोत्तम विकल्पों में से निर्णय लेकर लाभ बढ़ाने के स्रोत।"
",What is एक समग्र?,""का परिप्रेक्ष्य वैज्ञानिक कृषि के लिए एक संयुक्त पहल किसानों","फार्म प्रबंधन के कुछ बुनियादी कार्य- उल्लेख किसान निम्नलिखित बुनियादी कार्य करता है: प्रभावी ढंग से खेत का प्रबंधन करें: निदान: खेत के पिछले प्रदर्शन का विश्लेषण, इसकी कमजोरी/ताकतें। योजना: भविष्य की फसलों/जानवरों के लिए योजना बनाना अवसरों और खतरों पर विचार करते हुए। कार्यान्वयन: के साथ कुशल कार्यान्वयन सबसे कम लागत. निगरानी: घाटे को कम करें और बढ़ाएं लागत कम करके और देखे गए अवसरों के आधार पर बेहतर तकनीकों का चयन करके लाभ कमाया जा सकता है।"
",What is एक समग्र?,""का परिप्रेक्ष्य वैज्ञानिक कृषि के लिए एक संयुक्त पहल किसानों","मूल्यांकन: दोहराए जाने वाले कार्यों का मूल्यांकन करना भविष्य में सफलताएँ। किसान ऐसा करेगा तो क्या होगा खेत प्रबंधन नहीं करते? अच्छे कृषि प्रबंधन के अभाव में, किसान को निम्नलिखित कारणों से खेती में घाटा हो सकता है: बीज, उर्वरक, सिंचाई, बिजली आदि जैसे कृषि आदानों की आपूर्ति और कीमत में लगातार बदलाव हो रहा है। मांग और आपूर्ति में बदलाव के कारण बाजार में उत्पाद (आउटपुट) की कीमतों में लगातार बदलाव होता रहता है। कृषि प्रौद्योगिकी में निरंतर परिवर्तन हो रहा है। मॉड्यूल 1: क्या खेती एक व्यवसाय है?"
",What is एक समग्र?,""का परिप्रेक्ष्य वैज्ञानिक कृषि के लिए एक संयुक्त पहल किसानों","Page 108 --- 100 फार्म प्रबंधन बुनियादी कृषि पर किसान की पुस्तिका इसलिए खेती के उद्देश्य एक व्यवसाय हैं: सर्वोत्तम किस्म/फसल/फसल का चयन कैसे करें- टर्न विवेकपूर्ण उपयोग द्वारा इनपुट लागत को कैसे कम किया जाए उत्पादन और उत्पादकता कैसे बढ़ाएं गुणवत्ता कैसे बढ़ाएं बाज़ार आधारित उत्पादन की योजना कैसे बनाएं निवेश के लिए वित्त का बेहतर स्रोत और बेहतर रास्ते चुनना कुशल जोखिम प्रबंधन बेहतर कृषि प्रबंधन के लिए फार्म- उसे निम्नलिखित पहलुओं का संपूर्ण ज्ञान होना चाहिए: खेत का नक्शा मिट्टी का ढलान और स्थलाकृति मिट्टी का प्रकार (भौतिक और रासायनिक गुण) मिट्टी का रंग जैसे लाल मिट्टी या काली मिट्टी मौसम पैरामीटर जैसे वर्षा, तापमान- तापमान, सापेक्ष आर्द्रता, आदि।"
",What is एक समग्र?,""का परिप्रेक्ष्य वैज्ञानिक कृषि के लिए एक संयुक्त पहल किसानों","वनस्पति आवरण जैसे पेड़, खरपतवार आदि। बोरवेल/ट्यूबवेल/नाला/चैनलों से सिंचाई क्षमता जल निकासी सुविधाएं - पानी जमा होता है या नहीं प्रौद्योगिकी उपलब्ध है और क्या किसान उन तक आसानी से पहुंच सकता है हस्त ऋण और ब्याज की उच्च दर जैसे जोखिम कारक बाज़ार सुविधाएँ - चाहे वे उसके निकट हों खेत हो या दूर सेल फोन और जैसी संचार सुविधाएं इंटरनेट कनेक्टिविटी भौतिक और बुनियादी सुविधाएं जैसे गोदाम, परिवहन के लिए सड़कें, वाहन, कस्टम हायरिंग सेंटर आदि।"
",What is एक समग्र?,""का परिप्रेक्ष्य वैज्ञानिक कृषि के लिए एक संयुक्त पहल किसानों","उपरोक्त स्थितियों को ध्यान में रखते हुए क्या कोई किसान उस फसल/पशु का खर्च उठा सकता है जिसे वह उगाना या पालना चाहता है कार्यक्रमों और योजनाओं/सब्सिडी का समर्थन करना किसानों को खेत का रिकार्ड रखना चाहिए उनकी उत्पादन प्रणाली का समग्र ज्ञान होना उदाहरण के लिए: यदि कोई किसान सभी का रिकॉर्ड रखता है पूरे फसल चक्र के लिए उत्पादन की लागत जैसे इनपुट, श्रम इत्यादि के साथ-साथ उपज और उपज बेचने से प्राप्त आय, वह यह समझने के लिए अगले फसल चक्र के साथ तुलना कर सकता है कि उसका लाभ बढ़ा है या घटा है।"
",What is एक समग्र?,""का परिप्रेक्ष्य वैज्ञानिक कृषि के लिए एक संयुक्त पहल किसानों","रिकॉर्ड उन गतिविधियों के बारे में भी जानकारी प्रदान करता है जिन्होंने उसके लाभ या हानि में योगदान दिया ताकि, किसान अपनी शुद्ध आय बढ़ाने के लिए वैकल्पिक निर्णय ले सके।"
",What is एक समग्र?,""का परिप्रेक्ष्य वैज्ञानिक कृषि के लिए एक संयुक्त पहल किसानों","कृषि संसाधन: अच्छे कृषि प्रबंधन के लिए- निर्णय लेने के लिए, किसानों को कृषि संसाधनों पर कुछ बुनियादी ज्ञान की आवश्यकता होती है जैसे कि खेती के लिए उपलब्ध भूमि की सीमा, सिंचाई का स्रोत, पारिवारिक श्रम, श्रम की उपलब्धता, श्रमिकों का कौशल स्तर, पशुधन, चारे की उपलब्धता, खेत की उपलब्धता मशीनरी, बीज जैसे इनपुट की उपलब्धता और उर्वरक, ऋण की आवश्यकता और उपलब्धता, ऋण का स्रोत, उपज के लिए बाजार की मांग, में- कोल्ड स्टोरेज और गोदाम जैसी संरचना।"
",What is एक समग्र?,""का परिप्रेक्ष्य वैज्ञानिक कृषि के लिए एक संयुक्त पहल किसानों","आदि उदाहरण के लिए, जनशक्ति और पशुधन के संबंध में किसानों को निम्नलिखित मुद्दों को समझना होगा: जनशक्ति कौशल: क्या नियोजित श्रमिक कुशल है, उदा. खाट- टन चुनने का कौशल? ज्ञान: क्या किसान/मजदूर के पास है फसल की प्रथाओं के पैकेज का संपूर्ण ज्ञान? दृष्टिकोण: क्या उसका प्रौद्योगिकी के प्रति सकारात्मक दृष्टिकोण है? लाइव स्टॉक नस्ल: उपयुक्त नस्ल का चयन उत्पादन क्षमता: उदाहरण के लिए, दूध उत्पादन, मांस उत्पादन और अंडा देने की क्षमता। अनुकूलनशीलता: क्या चयनित नस्ल स्थानीय स्थिति के अनुकूल है?"
",What is एक समग्र?,""का परिप्रेक्ष्य वैज्ञानिक कृषि के लिए एक संयुक्त पहल किसानों",ड्राफ्टिंग क्षमता: पशु की ड्राफ्टिंग क्षमता पर ज्ञान। प्रतिरोध: क्या विदेशी नस्लें स्थानीय भारतीय परिस्थितियों के प्रति प्रतिरोधी हैं। जैसे होल्स्टीन फ़्रेशियाई उच्च तापमान के प्रति अत्यधिक संवेदनशील है।
",What is एक समग्र?,""का परिप्रेक्ष्य वैज्ञानिक कृषि के लिए एक संयुक्त पहल किसानों","भोजन की आदत: क्या उन्नत नस्लें या आयातित नस्लें स्थानीय रूप से उपलब्ध चारा सामग्री पर भोजन करने में सक्षम हैं Page 109 --- फार्म प्रबंधन बुनियादी कृषि पर किसान की पुस्तिका 101इनपुट उपकरण एवं उपकरण श्रम धन भूमि बीज उर्वरक कीटनाशक कवकनाशी हल, कुदाल, स्प्रे-एर, थ्रेशर, ट्रैक्टर, परिवार और वेतनभोगी श्रमिक, स्व-वित्तपोषण और ऋण, अपनी/किराए की भूमि, बटाईदारी यदि कोई अच्छा व्यवसाय करना चाहता है तो उसे बाज़ार के बारे में क्या जानने की आवश्यकता है?"
",What is एक समग्र?,""का परिप्रेक्ष्य वैज्ञानिक कृषि के लिए एक संयुक्त पहल किसानों","कृषि उपज का बाज़ार, आदानों और उपकरणों का बाज़ार बाज़ार का स्थान बिक्री के स्थान खरीदार कौन है? इनपुट और उपकरण कौन बेचता है? उत्पाद की वह गुणवत्ता जिसकी बाजार में मांग है, इनपुट और उपकरणों की गुणवत्ता अन्य मार्च की तुलना में उत्पाद की कीमत - केट्स इनपुट और उपकरणों की बिक्री की कीमत कब बेचना है कब खरीदना है कृषि उत्पादों की कीमत कैसे बदलती है? कृषि उत्पादों की कीमत तदनुसार बदलती रहती है साल के मौसम के बीच कृषि उत्पादों की कीमत में बदलाव होता है साल प्रचुरता के समय, कीमतें सबसे कम होती हैं।"
",What is एक समग्र?,""का परिप्रेक्ष्य वैज्ञानिक कृषि के लिए एक संयुक्त पहल किसानों","जिस उत्पाद की अधिक से अधिक लोगों को आवश्यकता होती है उसकी कीमत एक वर्ष से अगले वर्ष तक बढ़ती रहेगी। कमी के समय, कीमतें सबसे अधिक होती हैं। अधिक मात्रा में उत्पादित उत्पाद की कीमत एक वर्ष से अगले वर्ष तक गिर जाएगी इनपुट और उपकरणों की गुणवत्ता इनपुट और उपकरणों की बिक्री की कीमत कब खरीदें महत्वपूर्ण सबक सफल कृषि व्यवसाय करने के लिए, किसान को अलग-अलग कीमतों (इनपुट और उपज की) के बारे में अच्छी तरह से पता होना चाहिए। उग्र बाजार."
",What is एक समग्र?,""का परिप्रेक्ष्य वैज्ञानिक कृषि के लिए एक संयुक्त पहल किसानों","इससे किसान को उत्पादन की योजना बनाने के साथ-साथ खरीद पर निर्णय लेने की भी सुविधा मिलती है इनपुट और उपज की बिक्री। मॉड्यूल 2: अपने कृषि संसाधनों को जानें फार्म योजना: फार्म योजना मदद करने के लिए है किसानों को उत्पादन और आय के उच्च स्तर की ओर बढ़ने के लिए, जहाँ से वह अभी उपलब्ध संसाधनों के साथ शुरुआत करनी है।"
",What is एक समग्र?,""का परिप्रेक्ष्य वैज्ञानिक कृषि के लिए एक संयुक्त पहल किसानों","इस प्रक्रिया में किसान को विभिन्न प्रकार के इनपुट पर विचार करना पड़ता है - पुरस्कार जैसे: भूमि आधारित (कृषि उत्पादन गतिविधियाँ, मछली पालन, वृक्षारोपण, बीज उत्पादन, आदि) • पशु घटक आधारित (डायरी, मुर्गी पालन, बकरी-पालन, सुअर पालन, बत्तख पालन, आदि) नर्सरी/बगीचा गैर-भूमि आधारित (मशरूम, मधुमक्खी पालन, ver - माइक्रोकल्चर, आदि) वर्तमान उदाहरण में, तीन फसलों अर्थात् धान, कपास और मक्का की तुलना की गई है मॉड्यूल 3: पर्याप्त आय के लिए अपने खेत का प्रबंधन करें अपने आप को बनाए रखें Page 110 --- 102 फार्म प्रबंधन बुनियादी कृषि पर किसान की पुस्तिका एक सीज़न के लिए."
",What is एक समग्र?,""का परिप्रेक्ष्य वैज्ञानिक कृषि के लिए एक संयुक्त पहल किसानों",इन तीन फसलों से किसान कर सकते हैं एक वर्ष में निम्नलिखित संयोजन उगाएँ: • धान - धान (खरीफ के बाद रबी) धान-मक्का (खरीफ के बाद रबी) कपास-मक्का (खरीफ के बाद रबी) मक्का - मक्का (खरीफ के बाद रबी) अभ्यास 1: धान के उत्पादन की योजना बनाने के लिए संचालन का कृषि कैलेंडर। काम का समय. . . मुख्य सीज़न को एक वर्ग द्वारा दिखाया गया है ऑफ-सीजन को एक वृत्त द्वारा दर्शाया जाता है किसान के कार्य जनवरीफरवरीमार्चअप्रैलमईजूनजुलाईअगस्तसितंबरअक्टूबरनवंबरदिसंबर.
",What is एक समग्र?,""का परिप्रेक्ष्य वैज्ञानिक कृषि के लिए एक संयुक्त पहल किसानों","खेत तैयार करें खेत की जुताई करो बीज खरीदें बोना उर्वरक प्रयोग निराई-गुड़ाई कीटनाशक का प्रयोग करें कटाई करें और भंडारित करें महत्वपूर्ण सबक: अच्छी पैदावार के लिए किसान खेत में आवश्यक कार्य करने और इनपुट को सही तरीके से लगाने की योजना बनाता है पूरे वर्ष संचालन के कैलेंडर के आधार पर समय यहां हम देखेंगे कि यह कैसे निर्धारित किया जाए कि कृषि व्यवसाय अच्छा था या बुरा। हम """"आय"""" की गणना करेंगे और विभिन्न उपज से """"व्यय""""।"
",What is एक समग्र?,""का परिप्रेक्ष्य वैज्ञानिक कृषि के लिए एक संयुक्त पहल किसानों",मास्टर प्रशिक्षक स्थानीय परिस्थितियों के अनुसार प्रथाओं के प्रासंगिक पैकेज को बदलकर संबंधित फसलों के विवरण तैयार करने के लिए किसानों को निम्नलिखित अभ्यास पत्र दे सकते हैं। Page 111 --- फार्म प्रबंधन बुनियादी कृषि पर किसान की पुस्तिका 103अभ्यास शीट 2: धान नीचे दिए गए समाधान के आधार पर किसान द्वारा खाली शीट भरी जाएगी।
",What is एक समग्र?,""का परिप्रेक्ष्य वैज्ञानिक कृषि के लिए एक संयुक्त पहल किसानों","कदम: प्रत्येक पंक्ति में मात्रा को कीमत से गुणा करें इनपुट और श्रम पर खर्च किया गया पैसा (""""व्यय"""") जोड़ें बिक्री की कीमत (""""आय"""") से उपज को गुणा करें """"आय"""" से """"मनी-आउट"""" का योग घटाएं निर्धारित करें कि लाभ हुआ या हानि गतिविधि इकाई मात्रा कीमत कुल (रु."
",What is एक समग्र?,""का परिप्रेक्ष्य वैज्ञानिक कृषि के लिए एक संयुक्त पहल किसानों",") प्रारंभिक खेती क) मशीन/मजदूर घंटों की संख्या बी) पशु/श्रम दिवस उप योग बीज एवं बुआई क) बीज की लागत किलोग्राम ख) बीज उपचार की लागत ग) बुआई की लागत (मानव श्रम) दिन घ) थिनिंग/गैप भरने के दिनों की लागत उप-कुल खाद एवं उर्वरक क) जैविक एवं हरी खाद की लागत (इन- सीटू प्लॉगिंग) बी) आवेदन लागत ग) उर्वरक की लागत किलोग्राम एन पी के घ) आवेदन लागत (मानव श्रम पुरुष) दिन उप-कुल खरपतवार नियंत्रण क) हाथ से निराई करने वाले श्रम की लागत ख) शाकनाशी की लागत, यदि कोई हो (ब्यूटाक्लोर) लीटर उप-संपूर्ण पौध संरक्षण क) जैव-एजेंटों की लागत ख) कीटनाशकों की लागत (थियामेथोक्साम/प्रो- फेनोफोस)लीटर Page 112 --- 104 फार्म प्रबंधन बुनियादी कृषि पर किसान की पुस्तिका गतिविधि इकाई मात्रा कीमत कुल (रु."
",What is एक समग्र?,""का परिप्रेक्ष्य वैज्ञानिक कृषि के लिए एक संयुक्त पहल किसानों",) फ्यूराडॉन-3जी किग्रा ग) आवेदन श्रम की लागत उप-कुल सिंचाई लागत यदि कोई विद्युत माह हो फसल की उप-कुल लागत क) संयुक्त हार्वेस्टर घंटे फसल कटाई के बाद का शुल्क बी) सफाई और बैगिंग (मानव श्रम) दिन उप योग खेती की कुल लागत उपज किलोग्राम/हे. और लौट आता है ए) मात्रा. क्यूटीएल का उत्पादन किया। प्रति हेक्टेयर क्विंटल बी) प्रति हेक्टेयर प्राप्त सकल रिटर्न (रु. )सी) प्रति हेक्टेयर शामिल कुल लागत (रु. ) घ) प्रति हेक्टेयर शुद्ध रिटर्न (रु. ) ई) लागत लाभ अनुपात (सकल रिटर्न विभाजित)।
",What is एक समग्र?,""का परिप्रेक्ष्य वैज्ञानिक कृषि के लिए एक संयुक्त पहल किसानों",कुल लागत से) व्यायाम 2 का समाधान - धान धान की खेती की लागत (प्रति हेक्टेयर) गतिविधि इकाई मात्रा कीमत कुल (रु.
",What is एक समग्र?,""का परिप्रेक्ष्य वैज्ञानिक कृषि के लिए एक संयुक्त पहल किसानों",) प्रारंभिक खेती a) मशीन/श्रमिक घंटों की संख्या 8 800 6400 बी) पशु/श्रम दिवस 6 600 3600 उप कुल 10000 बीज एवं बुआई a) बीज किलोग्राम की लागत 50 किलोग्राम 20 1000 ख) बीज उपचार की लागत 50 ग) बुआई की लागत (मानव श्रम) दिन 25 200 5000 घ) थिनिंग/गैप भरने की लागत दिन 5 200 1000 उप-कुल 7050 खाद एवं उर्वरक ए) जैविक और हरी खाद की लागत (इन-सीटू प्लॉगिंग) 350 ख) आवेदन शुल्क 100 Page 113 --- फार्म प्रबंधन बुनियादी कृषि पर किसान की पुस्तिका 105 गतिविधि इकाई मात्रा मूल्य कुल (रु.
",What is एक समग्र?,""का परिप्रेक्ष्य वैज्ञानिक कृषि के लिए एक संयुक्त पहल किसानों",") ग) उर्वरक की लागत किलोग्राम 120 एन 12 1440 60 पी 50 3000 40 के 28 1120 घ) आवेदन लागत (मानव श्रम पुरुष) दिन 3 200 600 उप-योग 6610 खरपतवार नियंत्रण क) हाथ से निराई करने वाले श्रम की लागत 30 200 6000 ख) शाकनाशी की लागत, यदि कोई हो (ब्यूटाक्लोर) लीटर 2."
",What is एक समग्र?,""का परिप्रेक्ष्य वैज्ञानिक कृषि के लिए एक संयुक्त पहल किसानों",5 200 500 उप-कुल 6500 पौध संरक्षण क) जैव-एजेंटों की लागत ख) कीटनाशकों की लागत (थियामेथोक्साम/प्रो- फेनोफोस)लीटर 5 350 1750 फ्यूराडॉन-3जी किलोग्राम 15 60 900 ग) आवेदन श्रम की लागत 6 200 1200 उप-कुल 3850 सिंचाई लागत यदि कोई हो बिजली 5 माह 500 2500 उप-कुल 2500 फसल की लागत ए) संयुक्त हार्वेस्टर घंटे 4. 5 1700 7650 फसल कटाई के बाद का शुल्क बी) सफाई और बैगिंग (मानव श्रम) दिन 10 200 2000 उप योग 9650 खेती की कुल लागत 46160 उपज किलोग्राम/हे. और लौट आता है ए) मात्रा. क्यूटीएल का उत्पादन किया।
",What is एक समग्र?,""का परिप्रेक्ष्य वैज्ञानिक कृषि के लिए एक संयुक्त पहल किसानों",प्रति हेक्टेयर क्विंटल 50 1500 75000 बी) प्रति हेक्टेयर प्राप्त सकल रिटर्न (रु. ) कार्ट लोड 8 800 6400 ग) प्रति हेक्टेयर कुल लागत (रु. ) 81400 घ) प्रति हेक्टेयर शुद्ध रिटर्न (रु. ) 46160 ई) लागत लाभ अनुपात (कुल लागत से विभाजित सकल रिटर्न) 35240 ई) लागत लाभ अनुपात 1:1. 76 Page 114 --- 106 फार्म प्रबंधन बुनियादी कृषि पर किसान की पुस्तिका अभ्यास 1: मक्का के उत्पादन की योजना के लिए संचालन का कृषि कैलेंडर काम का समय. . .
",What is एक समग्र?,""का परिप्रेक्ष्य वैज्ञानिक कृषि के लिए एक संयुक्त पहल किसानों",मुख्य सीज़न को एक वर्ग द्वारा दिखाया गया है ऑफ-सीजन को एक वृत्त द्वारा दर्शाया जाता है किसान के कार्य जनवरीफरवरीमार्चअप्रैलमईजूनजुलाईअगस्तसितंबरअक्टूबरनवंबरदिसंबर. खेत तैयार करें खेत की जुताई करो बीज खरीदें बोना उर्वरक प्रयोग निराई-गुड़ाई कीटनाशक का प्रयोग करें कटाई करें और भंडारित करें महत्वपूर्ण सबक: अच्छी पैदावार के लिए किसान खेत में आवश्यक कार्य करने और इनपुट को सही तरीके से लगाने की योजना बनाता है पूरे वर्ष परिचालन के कैलेंडर के आधार पर समय।
",What is एक समग्र?,""का परिप्रेक्ष्य वैज्ञानिक कृषि के लिए एक संयुक्त पहल किसानों","यहां हम देखेंगे कि यह कैसे निर्धारित किया जाए कि कृषि व्यवसाय अच्छा था या बुरा। हम """"आय"""" की गणना करेंगे और विभिन्न उपज से """"व्यय""""। स्थानीय परिस्थितियों में लागू प्रथाओं के प्रासंगिक पैकेज को बदलकर संबंधित फसलों के विवरण तैयार करने के लिए मास्टर ट्रेनर किसानों को निम्नलिखित अभ्यास पत्र दे सकते हैं। Page 115 --- फार्म प्रबंधन बुनियादी कृषि पर किसान की पुस्तिका 107 अभ्यास शीट - 2 (मक्का - काम के आधार पर किसान द्वारा भरी जाने वाली खाली शीट समाधान नीचे दिया गया है."
",What is एक समग्र?,""का परिप्रेक्ष्य वैज्ञानिक कृषि के लिए एक संयुक्त पहल किसानों","कदम: प्रत्येक पंक्ति में मात्रा को कीमत से गुणा करें इनपुट और श्रम पर खर्च किया गया पैसा (""""व्यय"""") जोड़ें बिक्री की कीमत (""""आय"""") से उपज को गुणा करें """"आय"""" से """"मनी-आउट"""" का योग घटाएं निर्धारित करें कि लाभ हुआ या हानि गतिविधि इकाई मात्रा कीमत कुल (रु."
",What is एक समग्र?,""का परिप्रेक्ष्य वैज्ञानिक कृषि के लिए एक संयुक्त पहल किसानों",") प्रारंभिक खेती क) मशीन/मजदूर घंटों की संख्या बी) पशु/श्रम दिवस उप योग बीज एवं बुआई क) बीज की लागत किलोग्राम ख) बीज उपचार की लागत ग) बुआई की लागत (मानव श्रम) दिन घ) थिनिंग/गैप भरने के दिनों की लागत उप-कुल खाद एवं उर्वरक ग) उर्वरक की लागत किलोग्राम एन पी के घ) आवेदन लागत (मानव श्रम पुरुष) दिन उप-कुलखरपतवार नियंत्रण क) हाथ से निराई करने वाले श्रम की लागत ख) शाकनाशी की लागत, यदि कोई हो (ब्यूटाक्लोर) दिन उप-संपूर्ण पौध संरक्षण क) जैव-एजेंटों की लागत ख) कीटनाशकों की लागत (थियामेथोक्साम/प्रो- फेनोफोस)लीटर फ्यूराडॉन-3जी किग्रा ग) आवेदन श्रम की लागत उप-कुल Page 116 --- 108 फार्म प्रबंधन बुनियादी कृषि पर किसान की पुस्तिका गतिविधि इकाई मात्रा कीमत कुल (रु."
",What is एक समग्र?,""का परिप्रेक्ष्य वैज्ञानिक कृषि के लिए एक संयुक्त पहल किसानों",) सिंचाई लागत यदि कोई विद्युत माह हो उप-कुल फसल की लागत क) संयुक्त हार्वेस्टर घंटे फसल कटाई के बाद का शुल्क बी) सफाई और बैगिंग (मानव श्रम) दिन खेती की कुल लागत का उपकुल उपज किलोग्राम/हे. और लौट आता है ए) मात्रा. क्यूटीएल का उत्पादन किया। प्रति हेक्टेयर क्विंटल बी) प्रति हेक्टेयर प्राप्त सकल रिटर्न (रु. )सी) प्रति हेक्टेयर शामिल कुल लागत (रु. ) घ) प्रति हेक्टेयर शुद्ध रिटर्न (रु. ) ई) लागत लाभ अनुपात (सकल रिटर्न विभाजित)।
",What is एक समग्र?,""का परिप्रेक्ष्य वैज्ञानिक कृषि के लिए एक संयुक्त पहल किसानों","कुल लागत से) व्यायाम 2 का समाधान - मक्का मक्के की खेती की लागत (प्रति हेक्टेयर) गतिविधि इकाई मात्रा कीमत कुल (रु. ) प्रारंभिक खेती a) मशीन/मजदूर, घंटों की संख्या 5 650 3250 बी) पशु/श्रम दिवस 5 500 2500 उप योग 3750 बीज एवं बुआई a) बीज किलोग्राम की लागत 20 81."
",What is एक समग्र?,""का परिप्रेक्ष्य वैज्ञानिक कृषि के लिए एक संयुक्त पहल किसानों",25 1625 ख) बीज उपचार की लागत ग) बुआई की लागत (मानव श्रम) दिन 5 200 1000 घ) थिनिंग/गैप भरने की लागत दिन 5 200 1000 उप-योग 2625 खाद एवं उर्वरक ग) उर्वरक की लागत किलोग्राम 150 एन 12 1800 60 पी 50 3000 50 के 28 1400 घ) आवेदन लागत (मानव श्रम पुरुष) दिन 10 150 1500 उप-कुल 7700 खरपतवार नियंत्रण Page 117 --- फार्म प्रबंधन बुनियादी कृषि पर किसान की पुस्तिका 109 गतिविधि इकाई मात्रा मूल्य कुल (रु.
",What is एक समग्र?,""का परिप्रेक्ष्य वैज्ञानिक कृषि के लिए एक संयुक्त पहल किसानों",") क) हाथ से निराई करने वाले श्रमिक की लागत 20 150 3000 ख) शाकनाशी की लागत, यदि कोई हो (ब्यूटाक्लोर) दिन 4 500 2000 उप-कुल 5000 पौध संरक्षण क) जैव-एजेंटों की लागत ख) कीटनाशकों की लागत लीटर 5 300 1500 फ्यूराडॉन-3जी किलोग्राम 10 60 600 ग) आवेदन श्रम की लागत 4 200 8 उप-योग 2900 सिंचाई लागत यदि कोई हो बिजली 4 500 2000 उप-योग 2000 फसल की लागत ए) मानव श्रम दिवस 20 200 4000 ख) थ्रेसिंग (मशीन) क्विंटल 40 60 2400 फसल कटाई के बाद का शुल्क बी) सफाई और बैगिंग (मानव श्रम) दिन 15 200 3000 उप योग 7400 खेती की कुल लागत 31375 उपज किलोग्राम/हे."
",What is एक समग्र?,""का परिप्रेक्ष्य वैज्ञानिक कृषि के लिए एक संयुक्त पहल किसानों",और लौट आता है ए) मात्रा. क्यूटीएल का उत्पादन किया। प्रति हेक्टेयर क्विंटल 40 1000 40000 बी) प्रति हेक्टेयर प्राप्त सकल रिटर्न (रु. ) कार्ट लोड 4 500 2000 ग) प्रति हेक्टेयर कुल लागत (रु. ) 42000 घ) प्रति हेक्टेयर शुद्ध रिटर्न (रु. ) 31375 ई) लागत लाभ अनुपात (सकल रिटर्न विभाजित)। कुल लागत से)10625 ई) लागत लाभ अनुपात 1:1. 34 Page 118 --- 110 फार्म प्रबंधन बुनियादी कृषि पर किसान की पुस्तिका अभ्यास 1: कृषि कैलेंडर - कपास के उत्पादन की योजना बनाने के लिए संचालन काम का समय. . .
",What is एक समग्र?,""का परिप्रेक्ष्य वैज्ञानिक कृषि के लिए एक संयुक्त पहल किसानों",मुख्य सीज़न को एक वर्ग द्वारा दिखाया गया है ऑफ-सीजन को एक वृत्त द्वारा दर्शाया जाता है किसान के कार्य जनवरीफरवरीमार्चअप्रैलमईजूनजुलाईअगस्तसितंबरअक्टूबरनवंबरदिसंबर. खेत तैयार करें खेत की जुताई करो बीज खरीदें बोना उर्वरक आवेदन निराई-गुड़ाई कीटनाशक का प्रयोग करें कटाई करें और भंडारित करें महत्वपूर्ण सबक: अच्छी पैदावार के लिए किसान खेत में आवश्यक कार्य करने और इनपुट को सही तरीके से लगाने की योजना बनाता है वर्ष भर परिचालन के कैलेंडर के आधार पर समय।
",What is एक समग्र?,""का परिप्रेक्ष्य वैज्ञानिक कृषि के लिए एक संयुक्त पहल किसानों","यहां हम देखेंगे कि यह कैसे निर्धारित किया जाए कि कंपनी का व्यवसाय अच्छा था या बुरा। हम """"आय"""" की गणना करेंगे और विभिन्न उपज से """"व्यय""""। स्थानीय परिस्थितियों में लागू प्रथाओं के प्रासंगिक पैकेज को बदलकर संबंधित फसलों के विवरण तैयार करने के लिए मास्टर ट्रेनर किसानों को निम्नलिखित अभ्यास पत्र दे सकते हैं। Page 119 --- फार्म प्रबंधन बुनियादी कृषि पर किसान की पुस्तिका 111अभ्यास शीट - 2 (कपास - बीटी कपास) - किसान द्वारा भरी जाने वाली खाली शीट नीचे दिए गए कार्य समाधान पर।"
",What is एक समग्र?,""का परिप्रेक्ष्य वैज्ञानिक कृषि के लिए एक संयुक्त पहल किसानों","कदम: प्रत्येक पंक्ति में मात्रा को कीमत से गुणा करें। इनपुट और श्रम पर खर्च किया गया पैसा (""""व्यय"""") जोड़ें बिक्री की कीमत (""""आय"""") से उपज को गुणा करें """"आय"""" से """"मनी-आउट"""" का योग घटाएं निर्धारित करें कि लाभ हुआ या हानि कपास की खेती की लागत (प्रति हेक्टेयर) गतिविधि इकाई मात्रा कीमत कुल (रु."
",What is एक समग्र?,""का परिप्रेक्ष्य वैज्ञानिक कृषि के लिए एक संयुक्त पहल किसानों",") प्रारंभिक खेती क) मशीन/मजदूर घंटों की संख्या बी) पशु/श्रम दिवस उप योग बीज एवं बुआई क) बीज की लागत किलोग्राम ख) बीज उपचार की लागत ग) बुआई की लागत (मानव श्रम) दिन घ) थिनिंग/गैप भरने के दिनों की लागत उप-कुल खाद एवं उर्वरक ग) उर्वरक की लागत किलोग्राम एन पी के घ) आवेदन लागत (मानव श्रम पुरुष) दिन उप-कुल खरपतवार नियंत्रण क) हाथ से निराई करने वाले श्रम की लागत ख) शाकनाशी की लागत, यदि कोई हो (ब्यूटाक्लोर) दिन उप-संपूर्ण पौध संरक्षण क) जैव एजेंटों की लागत ख) कीटनाशकों की लागत (इमिडाक्लोप्रिड/थिया- मेथोक्साम/प्रोफेनोफोस)लीटर फ्यूराडॉन-3जी किग्रा ग) आवेदन श्रम की लागत उप-कुल Page 120 --- 112 फार्म प्रबंधन बुनियादी कृषि पर किसान की पुस्तिका गतिविधि इकाई मात्रा कीमत कुल (रु."
",What is एक समग्र?,""का परिप्रेक्ष्य वैज्ञानिक कृषि के लिए एक संयुक्त पहल किसानों",") सिंचाई लागत, यदि कोई हो, बिजली उप-कुल फसल की लागत क) किलोग्राम चुनना उप योग खेती की कुल लागत उपज किलोग्राम/हे. और लौट आता है ए) मात्रा. क्यूटीएल का उत्पादन किया। प्रति हेक्टेयर क्विंटल बी) प्रति हेक्टेयर प्राप्त सकल रिटर्न (रु. ) ग) प्रति हेक्टेयर शामिल कुल लागत (रु. ) घ) प्रति हेक्टेयर शुद्ध रिटर्न (रु. ) ई) लागत लाभ अनुपात (सकल रिटर्न विभाजित)। कुल लागत से) व्यायाम 3 का समाधान - कपास कपास की खेती की लागत (प्रति हेक्टेयर) गतिविधि इकाई मात्रा कीमत कुल (रु."
",What is एक समग्र?,""का परिप्रेक्ष्य वैज्ञानिक कृषि के लिए एक संयुक्त पहल किसानों",") प्रारंभिक खेती a) मशीन/मजदूर, घंटों की संख्या 5 650 3250 बी) पशु/श्रम दिवस 5 500 2500 उप योग 5750 बीज एवं बुआई ए) बीज की लागत किलोग्राम 0."
",What is एक समग्र?,""का परिप्रेक्ष्य वैज्ञानिक कृषि के लिए एक संयुक्त पहल किसानों","9 1860 1674 ख) बीज उपचार की लागत ग) बुआई की लागत (मानव श्रम) दिन 8 200 1600 घ) थिनिंग/गैप भरने की लागत दिन 2 200 400 उप-योग 3674 खाद एवं उर्वरक ग) उर्वरक की लागत किलोग्राम 150 एन 12 1800 60 पी 50 3000 60 के 28 1680 घ) आवेदन लागत (मानव श्रम पुरुष) दिन 30 150 4500 उप-कुल 10,980 खरपतवार नियंत्रण क) हाथ से निराई करने वाले श्रम की लागत 75 150 11250 Page 121 --- फार्म प्रबंधन बुनियादी कृषि पर किसान की पुस्तिका 113 गतिविधि इकाई मात्रा मूल्य कुल (रु."
",What is एक समग्र?,""का परिप्रेक्ष्य वैज्ञानिक कृषि के लिए एक संयुक्त पहल किसानों",") ख) शाकनाशी की लागत, यदि कोई हो (ब्यूटाक्लोर) दिन उप-योग 11250 पौध संरक्षण क) जैव-एजेंटों की लागत ख) कीटनाशकों की लागत (इमिडाक्लोप्रिड/थिया- मेथोक्साम/प्रोफेनोफोस)लीटर 10 350 3500 फ्यूराडॉन-3जी किग्रा ग) आवेदन श्रम की लागत 20 200 4000 उप-कुल 7500 सिंचाई लागत यदि कोई हो बिजली 6 500 3000 उप-कुल 3000 फसल की लागत ए) किलोग्राम चुनना 2500 6 15000 उप योग 15000 खेती की कुल लागत 57154 उपज किलोग्राम/हे. और लौट आता है ए) मात्रा. क्यूटीएल का उत्पादन किया।"
",What is एक समग्र?,""का परिप्रेक्ष्य वैज्ञानिक कृषि के लिए एक संयुक्त पहल किसानों","प्रति हेक्टेयर 25 क्विंटल बी) प्रति हेक्टेयर प्राप्त सकल रिटर्न (रु. ) 3600 90000 ग) प्रति हेक्टेयर कुल लागत (रु. ) 57154 घ) प्रति हेक्टेयर शुद्ध रिटर्न (रु. ) 32846 ई) लागत लाभ अनुपात (कुल लागत से विभाजित सकल रिटर्न)1:1. 57 ध्यान दें: निश्चित लागत और आवर्ती लागत जैसे ब्याज, मूल्यह्रास, अवसर लागत इत्यादि नहीं रही हैं उपरोक्त तीन फसलों की गणना में लिया गया। इसलिए, अन्य चीजें स्थिर रहती हैं, अभ्यास के लिए केवल परिवर्तनीय लागत और रिटर्न का उपयोग किया गया है।"
",What is एक समग्र?,""का परिप्रेक्ष्य वैज्ञानिक कृषि के लिए एक संयुक्त पहल किसानों",Page 122 --- 114 फार्म प्रबंधन बुनियादी कृषि पर किसान की पुस्तिका मॉड्यूल 4: आय और व्यय विवरण यह जानने के लिए परिणामों की तुलना करें कि क्या आप सफल कृषि व्यवसाय कर रहे हैं कृपया बताएं कि क्या अच्छा है और क्या बुरा व्यवसाय है और कारण बताएं। फसल इकाई 1 हेक्टेयर धान 1 हेक्टेयर मक्का 1 हेक्टेयर कपास उत्पादन क्विंटल 50 क्विं. मुख्य उत्पाद = 40 क्विं उत्पाद के अनुसार (स्टोवर/ पुआल) = 4 गाड़ी भार25 क्विं आय रू0/हेक्टेयर 81400 42000 90000 व्यय रूपये/हेक्टेयर 46160 31375 57154 लाभ या हानि? रु.
",What is एक समग्र?,""का परिप्रेक्ष्य वैज्ञानिक कृषि के लिए एक संयुक्त पहल किसानों","/हेक्टेयर + 35240 + 10625 + 32846 लाभ लाभ लाभ रैंक I III II इससे साबित होता है कि साल भर में सबसे ज्यादा मुनाफ़ा धान के बाद कपास और मक्का में होता है। धान-कपास संभव नहीं है। याद रखें: भले ही धान के बाद धान साल भर में सबसे अधिक लाभ का वादा करता हो, किसान को अपने खेत की निरंतर लाभप्रदता का एहसास करने के लिए फसल विविधीकरण और रोटेशन के माध्यम से मिट्टी की उर्वरता सुनिश्चित करने के लिए निरंतर मोनोक्रॉपिंग से बचना चाहिए।"
",What is एक समग्र?,""का परिप्रेक्ष्य वैज्ञानिक कृषि के लिए एक संयुक्त पहल किसानों","मुख्य पाठ यह जानने के लिए कि क्या आप किसी फसल का सफल व्यवसाय कर रहे हैं, आपको """"आय"""" और """"व्यय"""" का सही-सही पता होना चाहिए। किसान खेत में उपयोग किए गए इनपुट और श्रम को रिकॉर्ड करता है, और """"आय"""" और """"पूर्व-पेंडेंसी"""" की गणना करता है। किसान """"आय"""" में से व्यय घटा देता है। परिणाम बताता है कि खेत लाभ कमा रहा है या हानि। यदि """"आय"""" """"पूर्व-"""" से अधिक है तो किसान लाभ या अच्छा व्यवसाय करता है। लंबित. ” यदि """"व्यय"""" """"आय"""" से अधिक है तो यह हानि है। उस स्थिति में यह बुरा व्यवसाय है।"
",What is एक समग्र?,""का परिप्रेक्ष्य वैज्ञानिक कृषि के लिए एक संयुक्त पहल किसानों","हानि को संख्या के सामने माइनस (डैश) और लाभ को प्लस से दर्शाया जाता है। एक अच्छा किसान घाटे वाली फसल को छोड़ देगा या लाभ कमाने के लिए बेहतर तकनीक का उपयोग करेगा। लाभ सुनिश्चित करने के लिए, किसान को उत्पादन से पहले आय और व्यय की कल्पना करनी होगी। आय और व्यय के बीच का अंतर यह दर्शाता है कि हम भूमि के उपयोग से हानि या लाभ कमा रहे हैं। किसी फसल की इकाई लागत यह दर्शाती है कि क्या वह अन्यत्र उत्पादित उसी फसल के साथ प्रतिस्पर्धा कर सकती है।"
",What is एक समग्र?,""का परिप्रेक्ष्य वैज्ञानिक कृषि के लिए एक संयुक्त पहल किसानों","खाद्य फसलों के मामले में, इकाई लागत इंगित करती है कि क्या बाजार में उपज खरीदना बेहतर है। अच्छा किसान मौसम से पहले ही अच्छी तरह से गणना कर लेता है कि क्या उत्पादन करना है और कौन सी तकनीक का उपयोग करना है। उत्पादन के मौसम के दौरान अच्छा किसान खेत संचालन और इनपुट के लिए खर्च किए गए धन का रिकॉर्ड रखता है।"
",What is एक समग्र?,""का परिप्रेक्ष्य वैज्ञानिक कृषि के लिए एक संयुक्त पहल किसानों","फ़सल के बाद, अच्छा किसान लाभ का मूल्यांकन करता है और पहचानता है कि अगले उत्पादन सीज़न के लिए योजना और लाभ में सुधार के लिए किन बदलावों की आवश्यकता है Page 123 --- फार्म प्रबंधन बुनियादी कृषि पर किसान की पुस्तिका 115निश्चित लागत क्या हैं? कुछ लागतों को निश्चित लागत कहा जाता है। ये उन उपकरणों और औज़ारों की लागत हैं जो किसान के पास हैं कई वर्षों तक विभिन्न फसलों के लिए उपयोग किया जाता है, जैसे स्प्रेयर, सिंचाई पंप, भवन आदि निश्चित लागत क्षेत्र के आकार के साथ भिन्न नहीं होती है।"
",What is एक समग्र?,""का परिप्रेक्ष्य वैज्ञानिक कृषि के लिए एक संयुक्त पहल किसानों","आय और व्यय विवरण की खाली अभ्यास शीट: यह जानने के लिए परिणामों की तुलना करें कि आप हैं या नहीं सफल कृषि व्यवसाय कर रहे हैं सभी गणनाओं के बाद, किसान राजस्व बढ़ाने के अवसरों का निर्धारण करेंगे। देखकर इस पेज पर किसान पैसा सीखेंगे सकल मार्जिन, ला-बोर उत्पादकता और पूंजी उत्पादकता का उपयोग करके निवेश निर्णय कैसे लें और सर्वोत्तम अवसरों का निर्धारण कैसे करें। लाभ या हानि के आधार पर फसलों की रैंकिंग करें कौन सी फसलें और तकनीकें चुनें?"
",What is एक समग्र?,""का परिप्रेक्ष्य वैज्ञानिक कृषि के लिए एक संयुक्त पहल किसानों",इस रैंकिंग के आधार पर चुनाव करें इकाई धान 1 हेक्टेयर मक्का 1 हेक्टेयर कपास सतही क्षेत्रफल हा 1 1 1 1. मनी-आउट (परिवर्तनीय लागत) रु/ हा रु. /हे इनपुट की लागत रु. /हेक्टेयर श्रम लागत रु. /हेक्टेयर 2. आय (सकल राजस्व)रु. /हे उत्पादन किग्रा कीमत रु/किलो उपज x बिक्री मूल्य रु. /हेक्टेयर उपज का मूल्य (सकल आय)रु. /हेक्टेयर व्यय रु. /हे लाभ या हानि?
",What is एक समग्र?,""का परिप्रेक्ष्य वैज्ञानिक कृषि के लिए एक संयुक्त पहल किसानों","पद Page 124 --- 116 फार्म प्रबंधन बुनियादी कृषि पर किसान की पुस्तिका मॉड्यूल 5: पूरे Y वर्ष में अपना पैसा प्रबंधित करें धन का ख़राब प्रबंधन किसी को कैसे पता चलेगा कि पैसे का प्रबंधन ख़राब तरीके से किया गया है? कारण क्या हैं? वर्ष के दौरान धन का अच्छे से प्रबंधन करने के लिए व्यक्ति को क्या करना चाहिए? किसी को योजना बनानी चाहिए! जो व्यक्ति योजना बनाने में असफल होता है, वह असफल होने की योजना बनाता है! पहला कदम: कृपया खेत पर विभिन्न फसलों के लिए आय और व्यय को देखें और देखें घरेलू खर्च."
",What is एक समग्र?,""का परिप्रेक्ष्य वैज्ञानिक कृषि के लिए एक संयुक्त पहल किसानों","5 व्यक्तियों (1 बच्चा अभी पैदा नहीं हुआ) वाले परिवार का खर्च नीचे दिया गया है स्कूल, प्राथमिक विद्यालय में 1 बच्चा, पति-पत्नी सहित 1 वृद्ध माता-पिता)। हम चर्चा करते हैं कि क्या हम इन सभी खर्चों का पूर्वानुमान लगा सकते हैं।"
",What is एक समग्र?,""का परिप्रेक्ष्य वैज्ञानिक कृषि के लिए एक संयुक्त पहल किसानों","धन की आवश्यकता व्यय (रुपये) अवधि की भविष्यवाणी की जा सकती है प्रावधान (5 सदस्यों के औसत परिवार के लिए भोजन, ईंधन और घरेलू सामान)36,000 (3000 X12)प्रत्येक माह ये एस स्कूल की फीस प्राथमिक विद्यालय के बच्चों के लिए निःशुल्क शिक्षा वस्त्र 1 बच्चे के लिए स्कूल वर्दी 1,000 जून हाँ कपड़े/वर्ष 5,000 अप्रैल हाँ सुखद घटनाएँ दिवाली/दशहरा 1000 नवंबर ये एस बैसाखी/उगादि 1000 जनवरी ये स अप्रत्याशित घटनाएँ 3600 प्रत्येक माह @ रु 300नं स्वास्थ्य व्यय 2400 प्रति वर्ष क्रमांक कुल खर्च 50000 दूसरा चरण: आइए इन नंबरों को एक वित्तीय कैलेंडर में डालें।"
",What is एक समग्र?,""का परिप्रेक्ष्य वैज्ञानिक कृषि के लिए एक संयुक्त पहल किसानों",अगले पृष्ठ पर आप मॉड्यूल 5 में गणना की गई संख्याएँ देखेंगे। प्रत्येक माह के अंत में कितना पैसा बचा है? वर्ष के अंत में कितना पैसा बचा है? प्रशिक्षक बताते हैं कि यह कैसे करना है।
",What is एक समग्र?,""का परिप्रेक्ष्य वैज्ञानिक कृषि के लिए एक संयुक्त पहल किसानों","Page 125 --- फार्म प्रबंधन बुनियादी कृषि पर किसान की पुस्तिका 117व्यय जनवरी फरवरी मार्च अप्रैल मई जून जुलाई अगस्त सितंबर अक्टूबर नवंबर दिसंबर धान (1 हेक्टेयर)-खरीफ श्रम सहित इनपुट की लागत 6550 18610 7400 3450 8150 2000 धान (1 हेक्टेयर) - ग्रीष्म श्रम सहित इनपुट की लागत 18610 7400 3450 8150 2000 6550 घरेलू 3000 3000 3000 3000 3000 3000 3000 3000 3000 3000 3000 3000 स्कूल की फीस एवं सामग्री सुखद घटनाएँ 1000 1000 कपड़े 5000 1000 अप्रत्याशित घटनाएँ 300 300 300 300 300 300 300 300 300 300 300 300 कुल प्रति माह 21910 10700 6750 17450 5300 14850 21910 10700 6750 11450 6300 9850 व्यय जनवरी फरवरी मार्च अप्रैल मई जून जुलाई अगस्त सितंबर अक्टूबर नवंबर दिसंबर धान (81 धान (81400) योग- मेर मेर81400 धान (81400)-खरीफ 81400 कुल प्रति माह 81400 81400 व्यय जनवरी फरवरी मार्च अप्रैल मई जून जुलाई अगस्त सितंबर अक्टूबर नवंबर दिसंबर प्रति माह व्यय 21910 10700 6750 17450 5300 14850 21910 10700 6750 11450 6300 9850 Y वर्ष के लिए कुल व्यय 142320 (प्रति वर्ष कुल व्यय = 46160 (प्रति सीजन धान की खेती की लागत) X2 सीजन + 50000 (परिवार पूर्व- प्रति वर्ष लंबित प्रति वर्ष कुल शेष आय = (81400 X 2 = 162800 -142320 = 20480 (शुद्ध शेष) केस 1: धान - वर्तमान पद्धतियों का उपयोग करते हुए खेत पर आधारित धान वित्तीय कैलेंडर (रुपये) - अभ्यास Page 126 --- 118 फार्म प्रबंधन बुनियादी कृषि पर किसान की पुस्तिका चूंकि आय केवल मई और नवंबर के दौरान ही प्राप्त होती है, इसलिए मासिक शेष को नकारात्मक दिखाया गया है जो इंगित करता है कि किसान हाथ ऋण/व्यक्तिगत ऋण उठाएंगे या सकल आय (81,400 रुपये) रखेंगे X 2 = 162,800) और आवश्यकता के आधार पर पूरे वर्ष खर्च करें।"
",What is एक समग्र?,""का परिप्रेक्ष्य वैज्ञानिक कृषि के लिए एक संयुक्त पहल किसानों","नोट: इस उदाहरण में खेत की सभी उपज प्रचलित बाजार दरों के अनुसार बेची जाती है। का मुनाफ़ा किसान उपज की कीमत पर निर्भर करता है, यानी न्यूनतम समर्थन मूल्य (एमएसपी) प्रचलित है या बाजार दरें - जिनमें दोनों में उतार-चढ़ाव होता है। तीसरा चरण: दूसरा वित्तीय कैलेंडर भरें. इनपुट और श्रम के लिए व्यय मॉड्यूल 5 में अभ्यास शीट से लिया गया है - बेहतर प्रथाओं का उपयोग करते हुए। चौथा चरण: मतभेदों पर चर्चा करें और कौन सी स्थिति बेहतर है। क्या परिवर्तन आवश्यक हैं?"
",What is एक समग्र?,""का परिप्रेक्ष्य वैज्ञानिक कृषि के लिए एक संयुक्त पहल किसानों","मुख्य पाठ कृषि उद्यम में खेत और घर का खर्च हर महीने होता है। लेकिन राजस्व उपज की बिक्री के बाद ही आता है। इसलिए वर्ष के कुछ महीने ऐसे होते हैं जहां व्यय राजस्व से अधिक होता है। इन महीनों को """"माता-पिता की कमी"""" कहा जाता है। इसी कारण से, अच्छा किसान एक वित्तीय कैलेंडर बनाता है। किसान अपने जीवनसाथी के परामर्श से उत्पादन और घरेलू जरूरतों के लिए व्यय की योजना बनाता है। घाटे के महीनों में व्यय को कवर करने में सक्षम होने के लिए, अच्छा किसान उपज की बिक्री (""""अधिशेष महीने"""") से पैसा बचाता है।"
",What is एक समग्र?,""का परिप्रेक्ष्य वैज्ञानिक कृषि के लिए एक संयुक्त पहल किसानों",उन्नत तकनीकें किसान के राजस्व में सुधार करने में योगदान दे सकती हैं। इनपुट की जरूरतों को सकल मार्जिन और वित्तीय कैलेंडर की गणना के साथ पहचाना जा सकता है। इस जानकारी का उपयोग लक्षित तरीके से बचत करने या उत्पादन के लिए ऋण मांगने के लिए किया जा सकता है। उपरोक्त गणना एक वर्ष के लिए धान-धान संयोजन हेतु एक हेक्टेयर वाले किसान के लिए खरीफ एवं रबी में की जाती है।
",What is एक समग्र?,""का परिप्रेक्ष्य वैज्ञानिक कृषि के लिए एक संयुक्त पहल किसानों","जैसे संयोजनों के लिए कृषि प्रबंधन निर्णय लेने के लिए भी यही अभ्यास दोहराया जाना चाहिए कपास - मक्का (खरीफ - रबी) धान-मक्का (खरीफ-रबी) मक्का – मक्का (खरीफ – रबी) कृषि में जोखिम किसान को जोखिम पसंद नहीं है क्योंकि उनका पूर्वानुमान लगाना कठिन होता है। हालाँकि, वह योजना के दौरान जोखिम का निर्धारण कर सकता है ताकि राजस्व पर प्रभाव को कम किया जा सके। उदाहरण के लिए, मॉड्यूल 4 धान, मक्का और कपास की आय और व्यय को दर्शाता है। उपलब्ध आंकड़ों के साथ, धान - धान सबसे पसंदीदा फसल पैटर्न है।"
",What is एक समग्र?,""का परिप्रेक्ष्य वैज्ञानिक कृषि के लिए एक संयुक्त पहल किसानों","हालाँकि, किसान प्रचलित और प्रत्याशित जोखिमों को ध्यान में रखते हुए विवेकपूर्ण निर्णय ले सकता है। प्रत्याशित जोखिम और संभावित निर्णय इस प्रकार हैं: प्रत्याशित जोखिम टिप्पणियाँ धान के बाजार मूल्य में 10% की कमी, कपास-मक्का को प्राथमिकता धान के लिए सूखे के कारण अपर्याप्त पानी - धान कपास - मक्का के बाद मक्का को प्राथमिकता दी जाती है - मक्का। उपलब्ध पानी की मात्रा फसल पैटर्न तय करती है।"
",What is एक समग्र?,""का परिप्रेक्ष्य वैज्ञानिक कृषि के लिए एक संयुक्त पहल किसानों","Page 127 --- फार्म प्रबंधन बुनियादी कृषि पर किसान की पुस्तिका 119 प्रत्याशित जोखिम टिप्पणियाँ धान के लिए निवेश के लिए पूंजी की कमी – धान या कपास-मक्का, धान और मक्का को प्राथमिकता दी जाती है, उसके बाद मक्का-मक्का को प्राथमिकता दी जाती है कपास धान में गंभीर कीट समस्या - धान को प्राथमिकता दी जाती है मुख्य पाठ विभिन्न फसलों के सकल मार्जिन और उत्पादन तकनीकों की तुलना करने से राजस्व को अधिकतम करने के लिए भूमि का उपयोग करने पर निर्णय लेने में मदद मिलती है।"
",What is एक समग्र?,""का परिप्रेक्ष्य वैज्ञानिक कृषि के लिए एक संयुक्त पहल किसानों",यह तुलना सभी कृषि उद्यमियों के लिए महत्वपूर्ण है। श्रम उत्पादकता की तुलना करने से उन फसलों और तकनीकों की पहचान करने में मदद मिलती है जो श्रम (पारिवारिक या मजदूरी श्रम) का सबसे अच्छा उपयोग करते हैं। यह यह भी बताता है कि क्या आपके अपने खेत पर काम करना लाभदायक है। पूंजी उत्पादकता की तुलना करने से पता चलता है कि कौन सी फसलें या उत्पादन तकनीकें निवेशित धन का सबसे अच्छा उपयोग करती हैं। उत्पादन संबंधी निर्णय इन तुलनाओं पर आधारित होते हैं।
",What is एक समग्र?,""का परिप्रेक्ष्य वैज्ञानिक कृषि के लिए एक संयुक्त पहल किसानों","अच्छा कृषि उद्यमी जानता है कि कीमतों में उतार-चढ़ाव जोखिम और राजस्व का कारण बनता है। पारंपरिक के साथ-साथ उन्नत किस्मों और तकनीकों के लिए जोखिम चिंता का विषय है। इस बाजार जोखिम के प्रभाव का मूल्यांकन करने के लिए, उद्यमी मौजूदा कीमत (या पिछले सीज़न की कीमत) की तुलना में बहुत कम कीमत (निराशावादी) के साथ अनुमानित सकल मार्जिन की गणना करता है। यदि निराशावादी सकल मार्जिन अनुमान अभी भी राजस्व उद्देश्यों को पूरा कर सकता है, तो जोखिम स्वीकार्य है।"
",What is एक समग्र?,""का परिप्रेक्ष्य वैज्ञानिक कृषि के लिए एक संयुक्त पहल किसानों","उत्पादन जोखिमों के प्रभाव का मूल्यांकन करने के लिए, कृषि उद्यमी अपेक्षा से कम उपज (निराशावादी) का उपयोग करके सकल मार्जिन की गणना करते हैं। यदि निराशावादी सकल मार्जिन अनुमान अभी भी राजस्व उद्देश्यों को पूरा कर सकता है, तो जोखिम स्वीकार्य है। Page 129 --- व्यावसायिक स्वास्थ्य और सुरक्षा बुनियादी कृषि पर किसान की पुस्तिका 1215. 1. सत्र के उद्देश्य कृषि में स्वास्थ्य संबंधी खतरों, जोखिमों और मौतों के कारणों के बारे में जागरूकता पैदा करना।"
",What is एक समग्र?,""का परिप्रेक्ष्य वैज्ञानिक कृषि के लिए एक संयुक्त पहल किसानों",कृषि में स्वास्थ्य खतरों के निवारक उपायों पर ज्ञान प्रदान करना। किसानों को आपातकालीन स्थिति में प्राथमिक चिकित्सा के उपयोग के बारे में जानकारी देना। 5. 2.
",What is एक समग्र?,""का परिप्रेक्ष्य वैज्ञानिक कृषि के लिए एक संयुक्त पहल किसानों","सत्र के अंत में हम क्या जानते हैं कृषि में महत्वपूर्ण व्यावसायिक स्वास्थ्य खतरे किसानों के लिए चोट या बीमारी के बढ़ते जोखिम के लिए जिम्मेदार कारक कृषि रसायनों का सुरक्षित प्रबंधन कीटनाशकों की कलर कोडिंग कीटनाशक विषाक्तता के लिए प्राथमिक उपचार के उपाय किसानों द्वारा कीटनाशकों के प्रयोग में सावधानी मशीनरी संभालते समय चोटों और मृत्यु के जोखिम को कम करने के लिए सुरक्षा युक्तियाँ दुर्घटनाओं के लिए प्राथमिक उपचार कृषि में, किसान प्राकृतिक वातावरण में खुली स्थिति में काम करते हैं, जिससे उन्हें विभिन्न प्रकार का सामना करना पड़ता है- हमारे व्यावसायिक खतरे, विशेष रूप से रसायनों और मशीनरी के संचालन के कारण अधिक होते हैं।"
",What is एक समग्र?,""का परिप्रेक्ष्य वैज्ञानिक कृषि के लिए एक संयुक्त पहल किसानों","हो- पक्षों, प्राकृतिक खतरे सर्पदंश, जंगली जानवरों के हमले आदि के कारण होते हैं। इन व्यावसायिक खतरों के निवारक और उपचारात्मक पहलुओं पर ज्ञान जोखिमों को कम करेगा और किसानों की सुरक्षा सुनिश्चित करेगा। 5. किसानों का व्यावसायिक स्वास्थ्य और सुरक्षा 5. 3."
",What is एक समग्र?,""का परिप्रेक्ष्य वैज्ञानिक कृषि के लिए एक संयुक्त पहल किसानों","कृषि में महत्वपूर्ण व्यावसायिक स्वास्थ्य खतरे कृषि के लिए एक्सपोज़र स्वास्थ्य प्रभाव विशिष्टता गर्म मौसम निर्जलीकरण, गर्मी की ऐंठन, गर्मी की थकावट, हीट स्ट्रोक, त्वचा कैंसरअधिकांश कृषि कार्य निम्न हैं - बाहर गठित सांप, कीड़े घातक या हानिकारक काटने और डंक से निकटता के परिणामस्वरूप उच्च घटनाएं होती हैं धारदार औजारों से चोट लगने से लेकर मृत्यु तक की चोटें अधिकांश कृषि स्थितियों में विभिन्न प्रकार के कौशल स्तरों की आवश्यकता होती है जिसके लिए श्रमिकों को बहुत कम ज्ञान होता है शारीरिक श्रम, भार उठाना, पीठ दर्द और शरीर में दर्द, कृषि कार्य में असुविधाजनक परिस्थितियाँ और लगातार अत्यधिक भार उठाना शामिल है।"
",What is एक समग्र?,""का परिप्रेक्ष्य वैज्ञानिक कृषि के लिए एक संयुक्त पहल किसानों","कीटनाशक तीव्र विषाक्तता या दीर्घकालिक विषाक्तता कीटनाशक खतरनाक हो सकते हैं और इनका उपयोग व्यक्तिगत सुरक्षा उपकरण (पीपीई) के साथ किया जाना चाहिए। धूल, धुआं, आंखों और श्वसन तंत्र में जलन, कृषि श्रमिकों को पौधों की सुरक्षा के दौरान कुछ नियंत्रण नियंत्रणों और पीपीई के सीमित उपयोग के साथ धूल और गैसों की एक विस्तृत श्रृंखला के संपर्क में आना पड़ता है।"
",What is एक समग्र?,""का परिप्रेक्ष्य वैज्ञानिक कृषि के लिए एक संयुक्त पहल किसानों","Page 130 --- 122 व्यावसायिक स्वास्थ्य और सुरक्षा बुनियादी कृषि पर किसान की पुस्तिका गैसें, रोगज़नक़ • त्वचा रोग जैसे फंगल संक्रमण और एलर्जी प्रतिक्रियाएं परजीवी रोग जैसे मलेरिया, नींद की बीमारी और हुकवर्म पशु संबंधी बीमारियाँ जैसे एन-थ्रेक्स, गोजातीय तपेदिक और रेबीज़ (पशु संबंधी 250 बीमारियों में से कम से कम 40 कृषि में व्यावसायिक बीमारियाँ हैं) कैंसर • श्रमिक पर्यावरणीय रोगजनकों, कवक, संक्रमित जानवरों और एलर्जी पैदा करने वाले पौधों के सीधे संपर्क में हैं श्रमिकों का मिट्टी, अपशिष्ट जल/सीवेज, गंदे औजारों और अस्वच्छ आवास में परजीवियों के साथ घनिष्ठ संपर्क होता है श्रमिकों का जानवरों के पालन-पोषण और आश्रय के माध्यम से निरंतर, निकट संपर्क रहता है कृषि श्रमिक कैंसर से जुड़े जैविक एजेंटों, कीटनाशकों और डीजल धुएं के मिश्रण के संपर्क में आते हैं अन्य • बिजली के झटके, आग, सड़क दुर्घटनाएं, पशुधन और जंगली जानवरों के हमले, कुओं में गिरना, बिजली गिरना, मनोवैज्ञानिक अवसाद, आत्महत्याएं, आदि।"
",What is एक समग्र?,""का परिप्रेक्ष्य वैज्ञानिक कृषि के लिए एक संयुक्त पहल किसानों","जीवन की हानि और चोटें और आश्रितों को पीड़ा आईएफपीआरआई, 2006 से अनुकूलित 5. 5. कारक जो जोखिम बढ़ा सकते हैं कृषि श्रमिकों के लिए चोट या बीमारी आयु: चोट की दर 15 से कम और 65 से अधिक है उम्र के साल. उपकरण और मशीनरी: अधिकांश कृषि सहायक- दांतों और मौतों में मशीनरी शामिल होती है। उचित मा- निर्माताओं की सिफारिशों के अनुसार चाइन गार्डिंग और नियमित उपकरण रखरखाव दुर्घटनाओं को रोकने में मदद कर सकता है।"
",What is एक समग्र?,""का परिप्रेक्ष्य वैज्ञानिक कृषि के लिए एक संयुक्त पहल किसानों","सुरक्षात्मक उपकरणों की अनुपलब्धता: ट्रैक्टरों पर सीट बेल्ट और व्यक्तिगत सुरक्षा उपकरण (जैसे सुरक्षा दस्ताने, कवर ऑल, जूते, टोपी, एप्रन, काले चश्मे और चेहरे की ढाल) जैसे सुरक्षात्मक उपकरणों का उपयोग करने से खेती की चोटों को काफी कम किया जा सकता है। चिकित्सा देखभाल की कमी: अस्पताल और आपातकालीन स्थिति खेतों के पास के ग्रामीण क्षेत्रों में चिकित्सा देखभाल आमतौर पर आसानी से उपलब्ध नहीं होती है।"
",What is एक समग्र?,""का परिप्रेक्ष्य वैज्ञानिक कृषि के लिए एक संयुक्त पहल किसानों","हालाँकि, किसान आपात स्थिति के दौरान उदाहरण के लिए 108 मोबाइल चिकित्सा आपातकालीन सेवाओं का उपयोग कर सकते हैं। सामाजिक-आर्थिक जोखिम मिट्टी, पानी, हवा, खाद्य श्रृंखला, कीटों के प्राकृतिक शत्रुओं, कीटों के प्रतिरोध आदि में अंधाधुंध कीटनाशी/खरपतवारनाशी के प्रयोग के कारण खतरे हैं। कीटनाशक खतरनाक हैं, इसलिए आर्थिक क्षति सहित सामाजिक व्यवस्था पर संबंधित जोखिम और जोखिम का प्रभाव होगा। इसलिए कीटनाशकों के खतरों पर उचित समझ होनी चाहिए।"
",What is एक समग्र?,""का परिप्रेक्ष्य वैज्ञानिक कृषि के लिए एक संयुक्त पहल किसानों","मनुष्य पर प्रभाव कीटनाशक वसायुक्त ऊतकों और पुन:उत्पादक कोशिकाओं में जमा हो जाते हैं, जिससे जन्म दोष, असामान्यताएं होती हैं - विकृतियाँ, गर्भपात, समय से पहले प्रसव, आदि। खेत में काम करने वाले श्रमिक जो नियमित रूप से कीटनाशकों का छिड़काव करते हैं, उनकी दृष्टि ख़राब होने की आशंका रहती है। लीवर विशेष रूप से क्लोरीनयुक्त हाइड्रोकार्बन से क्षति के प्रति संवेदनशील होता है, जिससे गंभीर संक्रमण का खतरा बढ़ सकता है।"
",What is एक समग्र?,""का परिप्रेक्ष्य वैज्ञानिक कृषि के लिए एक संयुक्त पहल किसानों","पर्यावरणीय जोखिमों की ओर ले जाता है वायु प्रदूषण मृदा एवं जल प्रदूषण खाद्य संदूषण सामाजिक-आर्थिक आयामों पर कीटनाशकों के प्रभाव को देखते हुए, कीटनाशकों के उपयोग की योजना अत्यंत सावधानी के साथ केवल गंभीर परिस्थितियों में ही बनाई जानी चाहिए। इकोनोमिक थ्रेशोल्ड लेवल (ईटीएल) से नीचे कीट का प्रबंधन सबसे वांछनीय है। 5. 6. कृषि रसायनों का सुरक्षित रख-रखाव कृषि में कृषि रसायनों का व्यापक रूप से उपयोग किया जाता है, जो स्वास्थ्य संबंधी खतरों का प्रमुख स्रोत हैं किसान."
",What is एक समग्र?,""का परिप्रेक्ष्य वैज्ञानिक कृषि के लिए एक संयुक्त पहल किसानों",कृषि रसायनों के सुरक्षित उपयोग के लिए किसानों को महत्वपूर्ण सुझाव इस प्रकार हैं: Page 131 --- व्यावसायिक स्वास्थ्य और सुरक्षा बुनियादी कृषि पर किसान की पुस्तिका 123कीटनाशक ख़रीदना खरीदने से पहले इस पर विचार करें किस कीट को नियंत्रित करना है? क्या क्षति सीमा स्तर को पार करना आवश्यक है कीटनाशक का प्रयोग? क्या आपने किसी शिकारी को देखा है जो कीटों के हमले को रोकता है? देखी गई समस्या के लिए क्या अनुशंसा है? सिफ़ारिशों में सबसे कम विषैला और कम टिकाऊ रसायन कौन सा है?
",What is एक समग्र?,""का परिप्रेक्ष्य वैज्ञानिक कृषि के लिए एक संयुक्त पहल किसानों",खरीदते समय किसी प्रतिष्ठित और लाइसेंस प्राप्त स्टोर से खरीदें। केवल आवश्यक मात्रा में ही खरीदें और बड़ी मात्रा में खरीदारी न करें। टपका हुआ कंटेनर न खरीदें। समाप्ति तिथि देखें. केवल आईएसआई/बीआईएस चिह्नित उत्पाद ही खरीदें। प्रतिबंधित और प्रतिबंधित रसायन न खरीदें। परिवहन खाद्य उत्पादों के साथ कीटनाशकों का परिवहन/लेजा न लें। परिवहन करते समय न फैलाएं और न ही रिसाव होने दें। यदि रिसाव दिखाई दे तो वाहन को साफ करें। भंडारण रसोई में या जानवरों के चारे के साथ रसायन न रखें। बच्चों की पहुंच से दूर रखें।
",What is एक समग्र?,""का परिप्रेक्ष्य वैज्ञानिक कृषि के लिए एक संयुक्त पहल किसानों",ताले और चाबी के नीचे रखें। अच्छे हवादार अलग कमरे में रखें। विभिन्न रसायनों के परस्पर संदूषण से बचें। मानव या पशु औषधि के साथ न रखें। दोबारा भंडारण करने से पहले ठीक से सील कर दें। आवेदन लेबल पढ़ें और निर्देशों का पालन करें। संभालते और लगाते समय अकेले काम न करें। बच्चों और जानवरों को मिश्रण और प्रयोग स्थल के पास न जाने दें। मिश्रण के लिए लंबी लकड़ी की छड़ी का उपयोग करें। केवल वही मात्रा मिलाएं जो आपको अगले प्रयोग के लिए चाहिए। अत्यधिक छिड़काव और अनपेक्षित साइट अनुप्रयोग से बचें।
",What is एक समग्र?,""का परिप्रेक्ष्य वैज्ञानिक कृषि के लिए एक संयुक्त पहल किसानों","पैक खोलने से पहले लेबल और निर्देशों को ध्यान से पढ़ें। • लगाते समय कभी भी कुछ न खाएं-पीएं। व्यक्तिगत सुरक्षा उपकरण (पीपीई), विशेष रूप से लंबी शर्ट और पैंट, बंद जूते के साथ-साथ सुरक्षा मास्क और दस्ताने का उपयोग करें। बरसात के दौरान इसे लगाने से बचें। बंद नोजल या होज़ को कभी भी अपने मुँह से न निकालें, सफाई के लिए पिन या महीन तार का उपयोग करें। हवा की स्थिति से बचें और हवा की दिशा के विपरीत छिड़काव न करें। आवेदन के बाद लगाने के तुरंत बाद नहा लें और कपड़े बदल लें।"
",What is एक समग्र?,""का परिप्रेक्ष्य वैज्ञानिक कृषि के लिए एक संयुक्त पहल किसानों",सभी कपड़ों को स्प्रे/डस्टिंग के बाद अलग से धोना चाहिए। स्प्रेयर और डस्टर में कभी भी कीटनाशकों के अवशेष न छोड़ें। सफाई करते समय देखें कि सफाई के लिए उपयोग किया जाने वाला पानी पीने के पानी की धारा/कुओं में नहीं जाना चाहिए। अनुशंसित सुरक्षा अवधि बीत जाने तक उपचारित क्षेत्र में न जाएं। सुरक्षित अवधि से पहले उपज की कटाई न करें। सुरक्षित कंटेनर निपटान उपयोग के बाद कंटेनरों को खेत में दबा दें। भोजन और चारा भंडारण के लिए उपयोग न करें। खाली कंटेनर न बेचें।
",What is एक समग्र?,""का परिप्रेक्ष्य वैज्ञानिक कृषि के लिए एक संयुक्त पहल किसानों",उपयोग किए गए कंटेनरों को सामुदायिक जल स्रोतों में न धोएं। कीटनाशकों की रंग कोडिंग: कीटनाशक कंटेनर पर रंग की पट्टी कीटनाशकों के खतरे के स्तर को दर्शाती है। कीटनाशकों का उपयोग करते समय किसानों को रंग बैंड को ध्यान में रखना चाहिए। • लाल - बहुत विषैला से विषैला वाई पीला - हानिकारक नीला - मध्यम रूप से खतरनाक हरा - सामान्य उपयोग में गंभीर खतरा होने की संभावना नहीं है 5. 7.
",What is एक समग्र?,""का परिप्रेक्ष्य वैज्ञानिक कृषि के लिए एक संयुक्त पहल किसानों","कीटनाशकों के लिए प्राथमिक उपचार के उपाय विषाक्तता त्वचा के संपर्क में आने पर, दूषित पदार्थ हटा दें संपर्क करें और साफ पानी से धो लें। साँस लेने की स्थिति में, उस स्थान से हटा दें और अच्छी स्वच्छ हवा प्रदान करें, सिर और कंधे को सीधा रखें। बेहोश होने और सांस रुकने की स्थिति में कृत्रिम सांस दें। यदि कीटनाशक निगल लिया हो तो 2-3 लीटर नमक वाला पानी पिलाकर उल्टी कराएं। इसके बाद दूध दें."
",What is एक समग्र?,""का परिप्रेक्ष्य वैज्ञानिक कृषि के लिए एक संयुक्त पहल किसानों",Page 132 --- 124 व्यावसायिक स्वास्थ्य और सुरक्षा बुनियादी कृषि पर किसान की पुस्तिका मरीज को जल्द से जल्द डॉक्टर के पास ले जाएं। परामर्श के लिए रोगी के साथ कंटेनर भी ले जाएं डॉक्टर. साँप और अन्य जानवर काटते हैं या हमला करते हैं और सावधानियां सर्पदंश एक नियमित रूप से होने वाली जानलेवा बीमारी है भारत में आपातकाल.
",What is एक समग्र?,""का परिप्रेक्ष्य वैज्ञानिक कृषि के लिए एक संयुक्त पहल किसानों",मृत्यु दर और रुग्णता साँप की विविध प्रस्तुति से जुड़े- यदि रोगी की पृष्ठभूमि और आदतों का उचित इतिहास और क्षेत्रीय सांपों की विशिष्ट विशेषताओं के गहन ज्ञान को ध्यान में रखा जाए तो काटने की घटनाओं को कम किया जा सकता है।
",What is एक समग्र?,""का परिप्रेक्ष्य वैज्ञानिक कृषि के लिए एक संयुक्त पहल किसानों","शारीरिक और मानसिक परिश्रम विभिन्न प्रकार की कड़ी मेहनत से संबंधित कठिन परिश्रम को कम करने के लिए - कृषि कार्यों में, भूमि की तैयारी, निराई-गुड़ाई, कीटनाशकों के अनुप्रयोग और कृषि मशीनरी सहित कई अन्य कृषि कार्यों के लिए कई प्रौद्योगिकियाँ विकसित की गई हैं जिनका उपयोग किसानों को खुद को फिट और स्वस्थ रखने के लिए करने की आवश्यकता है।"
",What is एक समग्र?,""का परिप्रेक्ष्य वैज्ञानिक कृषि के लिए एक संयुक्त पहल किसानों","किसानों को सलाह दी जाती है कि वे कठिन परिश्रम कम करने वाली कृषि मशीनरी के बारे में जानकारी प्राप्त करने के लिए स्थानीय विस्तार पदाधिकारियों और वैज्ञानिकों से संपर्क करें। 5. 8. कीटनाशकों के प्रयोग में सावधानी बरतें किसान किसानों द्वारा कीटनाशकों के सुरक्षित उपयोग के लिए उपयोगी सुझाव हैं: कीट की पहचान करें और हुए नुकसान का पता लगाएं। कीटनाशक का उपयोग केवल तभी करें जब यह आर्थिक चोट के स्तर से अधिक हो। केवल अनुशंसित कीटनाशकों का उपयोग करें, जो सबसे कम विषैला हो।"
",What is एक समग्र?,""का परिप्रेक्ष्य वैज्ञानिक कृषि के लिए एक संयुक्त पहल किसानों","कीटनाशक और उपकरण के निर्देश मैनुअल पढ़ें। उपयोग किए जाने वाले छिड़काव उपकरण और सहायक उपकरण की जांच करें। सुनिश्चित करें कि सभी घटक साफ हैं, विशेषकर फिलिंग और सक्शन, छलनी, स्प्रेयर टैंक, कट ऑफ डिवाइस और नोजल 'ओ' रिंग, सील, गैस्केट, घिसे हुए नोजल टिप, होज़ क्लैंप और वाल्व जैसे घिसे-पिटे हिस्सों को बदलें। स्प्रेयर का परीक्षण करें और सुनिश्चित करें कि यह निर्धारित दबाव पर आवश्यक आउटपुट पंप करता है या नहीं। नोजल स्प्रे पैटर्न और डिस्चार्ज दर की जाँच करें। स्प्रेयर को कैलिब्रेट करें।"
",What is एक समग्र?,""का परिप्रेक्ष्य वैज्ञानिक कृषि के लिए एक संयुक्त पहल किसानों","स्प्रे की ऊंचाई और नोजल के बीच की दूरी को समायोजित करके स्प्रेयर की गति और नोजल की पट्टी निर्धारित करें। Page 133 --- व्यावसायिक स्वास्थ्य और सुरक्षा बुनियादी कृषि पर किसान की पुस्तिका 125 सुनिश्चित करें कि उपयुक्त सुरक्षात्मक कपड़े उपलब्ध हैं और उनका उपयोग किया जाता है आवेदन से संबंधित सभी लोगों को प्रशिक्षित करें और अनुशंसा को भी समझें- सुधार सुनिश्चित करें कि साबुन, तौलिया और प्रचुर मात्रा में पानी उपलब्ध है। कीटनाशक को सूखी और बंद दुकान में रखना चाहिए।"
",What is एक समग्र?,""का परिप्रेक्ष्य वैज्ञानिक कृषि के लिए एक संयुक्त पहल किसानों","छिड़काव के दौरान स्टोर से साइट तक दिन के उपयोग के लिए केवल पर्याप्त कीटनाशक ही लें। कीटनाशकों को मूल कंटेनर और पैकिंग से कंटेनरों में स्थानांतरित न करें। कीटनाशकों और उपकरणों के उपयोग संबंधी निर्देशों की पुनः जाँच करें। सुनिश्चित करें कि कीटनाशकों को सही मात्रा में मिलाया गया है। उचित कपड़े पहनें. त्वचा विशेषकर आंखों और मुंह को दूषित होने से बचाएं। छींटों से बचने के लिए तरल फॉर्मूलेशन को सावधानी से डाला जाना चाहिए। कीटनाशक मिलाते या लगाते समय कभी भी खाना, पीना या धूम्रपान न करें।"
",What is एक समग्र?,""का परिप्रेक्ष्य वैज्ञानिक कृषि के लिए एक संयुक्त पहल किसानों",बंद नोजल या होज़ को कभी भी अपने मुँह से न निकालें। सही स्प्रे तकनीक का पालन करें। स्प्रेयर को सही गति और सही दबाव पर चलाकर पौधों की फसल पर अच्छी तरह से छिड़काव करें। Page 134 --- 126 व्यावसायिक स्वास्थ्य और सुरक्षा बुनियादी कृषि पर किसान की पुस्तिका सही स्प्रे तकनीक का पालन करें। पौधे की फसल पर अच्छी तरह से संचालन करके छिड़काव करें स्प्रेयर सही गति और सही दबाव पर। मिश्रण के दौरान कभी भी बच्चों या उनके अनधिकृत व्यक्तियों को पास में न रहने दें। कीटनाशकों को कभी भी खेत में लावारिस न छोड़ें।
",What is एक समग्र?,""का परिप्रेक्ष्य वैज्ञानिक कृषि के लिए एक संयुक्त पहल किसानों",यदि हवा पशुओं के चरने या नियमित रूप से उपयोग किए जाने वाले चरागाहों की ओर बह रही हो तो कभी भी छिड़काव न करें। छिड़काव हवा की दिशा में करना चाहिए। छिड़काव के बाद छिड़काव के बाद टैंक में बचे शेष कीटनाशकों को खाली कर देना चाहिए और बंजर भूमि पर खोदे गए गड्ढों में निपटान करना चाहिए। टैंक को कभी भी सिंचाई नहरों या तालाबों में खाली न करें। स्प्रेयर में अप्रयुक्त कीटनाशकों को कभी न छोड़ें। उपकरण को हमेशा ठीक से साफ करें। उपयोग के बाद इस पर तेल लगाएं और फिर स्टोर रूम में रख दें।
",What is एक समग्र?,""का परिप्रेक्ष्य वैज्ञानिक कृषि के लिए एक संयुक्त पहल किसानों","किसी भी उद्देश्य के लिए खाली कीटनाशक कंटेनरों का उपयोग न करें। कंटेनरों को कुचलकर जमीन से भरे कूड़ेदान में दबा दें। स्प्रे घोल तैयार करने में उपयोग की जाने वाली बाल्टियाँ, छड़ियाँ, मापने वाले जार आदि को साफ करें। Page 135 --- व्यावसायिक स्वास्थ्य और सुरक्षा बुनियादी कृषि पर किसान की पुस्तिका 127 सुरक्षात्मक कपड़े और जूते निकालें और धो लें। अपने आप को अच्छे से धोएं और साफ कपड़े पहनें। कीटनाशकों के उपयोग का सटीक रिकॉर्ड रखें।"
",What is एक समग्र?,""का परिप्रेक्ष्य वैज्ञानिक कृषि के लिए एक संयुक्त पहल किसानों",व्यक्तियों को उपचारित क्षेत्रों में प्रवेश करने से तब तक रोकें जब तक ऐसा करना सुरक्षित न हो। छिड़काव वाले भूखंडों को झंडे से चिह्नित करें। स्रोत: tnauagriportal 5.
",What is एक समग्र?,""का परिप्रेक्ष्य वैज्ञानिक कृषि के लिए एक संयुक्त पहल किसानों","9 प्रबंधन के बुनियादी उपाय खरपतवार, रोग और कीट समस्याएँ रोकथाम इलाज से बेहतर है, इसलिए इसका पालन करें निवारक उपायों पर ऊपर चर्चा की गई निवारक तकनीक-निक्स का उपयोग करके कीट को ईटीएल से नीचे रखें कृषि-संस्कृति विभाग के अधिकारियों और विशेषज्ञों द्वारा कीट चेतावनियों पर अधिक ध्यान दें आईसीएआर और आईएमडी द्वारा मौसम पूर्वानुमान पर पूरी नजर रखें प्रारंभिक चरण में केवीके या वैज्ञानिक से परामर्श लें साथी किसानों के साथ समस्याओं पर चर्चा करें, आपको कई पारंपरिक सुझाव मिल सकते हैं प्रत्येक कीट प्रबंधन आईटीके के पीछे के वैज्ञानिक तर्क को समझें नवीनतम विकास प्राप्त करने के लिए कृषि और संबद्ध क्षेत्रों के स्थानीय अनुसंधान और विकास विंग के साथ नियमित संपर्क रखें।"
",What is एक समग्र?,""का परिप्रेक्ष्य वैज्ञानिक कृषि के लिए एक संयुक्त पहल किसानों","5. 10. के जोखिम को कम करने के लिए सुरक्षा युक्तियाँ मशीनरी संभालते समय चोटें और मौतें ताजी हवा की लोकप्रिय छवि के विपरीत और शांतिपूर्ण वातावरण, खेत कोई ख़तरा नहीं है निःशुल्क कार्य सेटिंग. हर साल, कृषि दुर्घटनाओं में हजारों खेत मजदूर घायल हो जाते हैं और सैकड़ों लोग मर जाते हैं। कृषि में सुरक्षा मुख्य चिंताओं में से एक है, खासकर कृषि उपकरणों और मशीनरी को संभालते समय। कृषि में कई दुर्घटनाओं पर ध्यान नहीं दिया जाता क्योंकि उनकी रिपोर्ट नहीं की जाती। इसलिए गलतियों से सीखना कम होगा."
",What is एक समग्र?,""का परिप्रेक्ष्य वैज्ञानिक कृषि के लिए एक संयुक्त पहल किसानों","मशीनरी चलाते समय चोटों और मृत्यु के जोखिम को कम करने के लिए सुरक्षा युक्तियाँ इस प्रकार हैं: खेती के खतरों के बारे में जागरूकता बढ़ाकर और आग, वाहन दुर्घटनाओं, उपकरणों और तारों से बिजली के झटके और रासायनिक जोखिम सहित आपातकालीन स्थितियों के लिए तैयार करने के लिए सचेत प्रयास करके खेत में सुरक्षा में सुधार किया जा सकता है। उन खतरों के प्रति विशेष रूप से सतर्क रहें जो बच्चों और बुजुर्गों को प्रभावित कर सकते हैं। सुरक्षा सुनिश्चित करने के लिए उत्पादों का सावधानीपूर्वक चयन करके खतरों को कम करें।"
",What is एक समग्र?,""का परिप्रेक्ष्य वैज्ञानिक कृषि के लिए एक संयुक्त पहल किसानों","ट्रैक्टर चलाते समय हमेशा सीट बेल्ट का प्रयोग करें। उपकरण संचालक के मैनुअल और उत्पाद लेबल पर दिए गए निर्देशों को पढ़ें और उनका पालन करें। उन समस्याओं के लिए नियमित रूप से उपकरणों का निरीक्षण करें जो दुर्घटनाओं का कारण बन सकती हैं। सभी संबंधित पक्षों के साथ सुरक्षा खतरों और आपातकालीन प्रक्रियाओं पर चर्चा करें। अनाज भंडारण डिब्बे और साइलो की अस्थिर सतहों के कारण फंसने और दम घुटने से रोकने के लिए सावधानी बरतें। कभी भी """"अनाज पर न चलें।"
",What is एक समग्र?,""का परिप्रेक्ष्य वैज्ञानिक कृषि के लिए एक संयुक्त पहल किसानों",""""" सावधान रहें कि मीथेन गैस, कार्बन डाइऑक्साइड, अमोनिया और हाइड्रोजन सल्फाइड बिना हवादार अनाज साइलो और खाद के गड्ढों में बन सकते हैं और किसानों का दम घोंट सकते हैं या उन्हें जहर दे सकते हैं या विस्फोट कर सकते हैं। चुटकियों में फंसने से बचने के लिए ऐसे कपड़े पहनें जो अच्छे से फिट हों और ढीले-ढाले न हों। Page 136 --- 128 व्यावसायिक स्वास्थ्य और सुरक्षा बुनियादी कृषि पर किसान की पुस्तिका कभी भी बिना सुरक्षा वाली छत पर न पहुंचें और न ही उसके पास काम करें। भागों को टेटिंग करना।"
",What is एक समग्र?,""का परिप्रेक्ष्य वैज्ञानिक कृषि के लिए एक संयुक्त पहल किसानों","मरम्मत पर ध्यान देने के लिए मशीनरी बंद कर दें। हटाए गए शील्ड को हमेशा बदलें रखरखाव के लिए. अप्रयुक्त या असफल बोरवेल गड्ढों को प्लग करें संभावित रैप बिंदुओं के लिए सभी उपकरणों की जांच करें (उदाहरण के लिए जहां कपड़े या बाल शाफ्ट के चारों ओर लपेटे जा सकते हैं) और यदि संभव हो, तो उन बिंदुओं को ढाल दें।"
",What is एक समग्र?,""का परिप्रेक्ष्य वैज्ञानिक कृषि के लिए एक संयुक्त पहल किसानों","किसी भी क्षतिग्रस्त निर्माता द्वारा लगाए गए चेतावनी लेबल को बदलें और उपकरण के उन हिस्सों पर चेतावनी लगाएं जिन पर पहले से लेबल नहीं लगा है (उन्हें चमकीले रंग से रंगने पर विचार करें, शायद एक चौड़ी पट्टी के साथ)। कतरनी और काटने के बिंदुओं (उदाहरण के लिए काटने के लिए उपयोग की जाने वाली ब्लेड या कठोर किनारों वाली वस्तुएं) के साथ काम करते समय सतर्क रहें और दूसरों को चेतावनी दें।"
",What is एक समग्र?,""का परिप्रेक्ष्य वैज्ञानिक कृषि के लिए एक संयुक्त पहल किसानों","कुछ कतरनी और काटने वाले बिंदुओं की सुरक्षा नहीं की जा सकती है, जिसके परिणामस्वरूप काटने वाले उपकरण द्वारा फेंकी गई वस्तुओं से गंभीर कट लग सकते हैं, अंग खो सकते हैं या चोटें लग सकती हैं। हिचकोले खाने की स्थिति में आने से पहले तब तक प्रतीक्षा करें जब तक ट्रैक्टर पूरी तरह से रुक न जाए। फ्री-व्हीलिंग भागों (अर्थात वे भाग जो बिजली बंद होने के बाद भी घूमते रहते हैं) को तब तक न छुएं जब तक कि उनका चलना बंद न हो जाए। इसमें 2-2½ मिनट लग सकते हैं."
",What is एक समग्र?,""का परिप्रेक्ष्य वैज्ञानिक कृषि के लिए एक संयुक्त पहल किसानों","जलने वाले बिंदुओं से सावधान रहें: मफलर, मैनिफोल्ड और यहां तक ​​कि गियर केस भी। हाइड्रोलिक सिस्टम में अत्यधिक दबाव में तरल पदार्थ होता है। किसी भी फिटिंग या हिस्से को ढीला करने, कसने, हटाने या अन्यथा काम करने से पहले, इस दबाव को हटा दें (हाइड्रोलिक पंप को बंद कर दें, उपकरणों को नीचे कर दें और ऑपरेटर के मैनुअल में दिए गए निर्देशों का पालन करें)। उपकरणों की अच्छी मरम्मत और सुरक्षा सुविधाएँ अद्यतन रखें। """"उचित मशीन निरीक्षण और रखरखाव दुर्घटनाओं को रोकने में मदद कर सकता है""""।"
",What is एक समग्र?,""का परिप्रेक्ष्य वैज्ञानिक कृषि के लिए एक संयुक्त पहल किसानों","जब मशीनरी के रखरखाव की बात आती है, तो घूमने वाले हिस्सों या ब्लेडों को ढकने के लिए एक ढाल और गार्ड रखा जाना चाहिए। एक सीट, एक सवारी नियम का पालन करें। यदि उपकरण पर केवल एक सीट है, तो केवल एक सवार होना चाहिए - एक वयस्क। बच्चों को उपकरणों पर या उन क्षेत्रों में खेलने या सवारी करने की अनुमति न दें जहां मशीनरी का उपयोग या भंडारण किया जाता है। कम उम्र के बच्चों को 2, 3 और 4 पहिया वाहनों का संचालन नहीं करना चाहिए। • पिकअप ट्रकों के पीछे सवारियों या यात्रियों को अनुमति न दें।"
",What is एक समग्र?,""का परिप्रेक्ष्य वैज्ञानिक कृषि के लिए एक संयुक्त पहल किसानों","मशीनरी शुरू करने से पहले, सभी ऑपरेटरों को पता होना चाहिए कि बच्चे कहाँ स्थित हैं। आप बच्चों को सुनने या देखने में असमर्थ हो सकते हैं, विशेषकर बड़े पहियों के पीछे या अंधे स्थानों में। सभी उपकरणों को पार्क किया जाना चाहिए और उपयोग में न होने पर चाबियाँ निकालकर लॉक कर दिया जाना चाहिए। हाथ के औज़ारों को बच्चों की पहुंच से दूर रखें, ख़ासकर तेज़ या गर्म हिस्सों वाले।"
",What is एक समग्र?,""का परिप्रेक्ष्य वैज्ञानिक कृषि के लिए एक संयुक्त पहल किसानों","बेहतर सुरक्षा और स्वास्थ्य प्रथाएँ किसानों की मृत्यु, चोटों और बीमारियों के साथ-साथ श्रमिकों के मुआवजे बीमा प्रीमियम, खोए हुए उत्पादन और चिकित्सा व्यय जैसी संबंधित लागतों को कम करती हैं। एक सुरक्षित और अधिक स्वस्थ कार्यस्थल गतिशीलता और उत्पादकता में सुधार करता है। दुर्घटनाओं में प्राथमिक उपचार: घायल किसान चोटों से होने वाले नुकसान को कम करने के लिए जल्द से जल्द प्राथमिक उपचार दिया जाना चाहिए।"
",What is एक समग्र?,""का परिप्रेक्ष्य वैज्ञानिक कृषि के लिए एक संयुक्त पहल किसानों","आयात - टैंट युक्तियाँ इस प्रकार हैं: प्राथमिक चिकित्सा किट से आपूर्ति का उपयोग करके, बुनियादी प्राथमिक चिकित्सा में प्रशिक्षित व्यक्ति से उपचार कराया जाना चाहिए। किसी भी चिकित्सा आपातकाल के स्थल पर या किसी पीड़ित को चिकित्सा सुविधा तक ले जाते समय दिया गया चिकित्सा उपचार और देखभाल। सुनिश्चित करें कि त्वरित और प्रभावी प्राथमिक चिकित्सा प्रदान करने के लिए प्राथमिक चिकित्सा प्रशिक्षित कर्मचारी उपलब्ध हैं। वैकल्पिक रूप से, परिवार के सदस्यों में से एक को प्रशिक्षित किया जाना चाहिए।"
",What is एक समग्र?,""का परिप्रेक्ष्य वैज्ञानिक कृषि के लिए एक संयुक्त पहल किसानों","सुनिश्चित करें कि आपके कार्यस्थल पर प्राथमिक चिकित्सा आपूर्ति आपकी व्यावसायिक सेटिंग के लिए उपयुक्त है। आपकी आपातकालीन चिकित्सा सेवाओं का प्रतिक्रिया समय बहुत महत्वपूर्ण है। स्थानीय स्तर पर उपलब्ध एंटी-डोट्स या औषधीय पौधों के बारे में अच्छी जानकारी, जिनका उपयोग किया जा सकता है। कार्यस्थल पर प्राथमिक चिकित्सा किट रखें। कार्यस्थल पर साफ पानी रखें। आसपास के क्षेत्र में प्राथमिक चिकित्सा, एम्बुलेंस, स्थानीय अस्पताल, स्थानीय डॉक्टरों और वाहन मालिकों पर प्रशिक्षित व्यक्ति के मोबाइल नंबर रखें। 5. 11."
",What is एक समग्र?,""का परिप्रेक्ष्य वैज्ञानिक कृषि के लिए एक संयुक्त पहल किसानों",आपके पहले के लिए सुझाए गए आइटम- सहायता किट बाँझ चिपकने वाली पट्टियाँ अलग-अलग अवशोषक कपास पैड का छोटा रोल आकार चिपकने वाला टेप Page 137 --- व्यावसायिक स्वास्थ्य और सुरक्षा बुनियादी कृषि पर किसान की पुस्तिका 129• त्रिकोणीय एवं रोलर पट्टियाँ कपास (1 रोल) बैंड-एड्स (प्लास्टर) कैंची कलम मशाल लेटेक्स दस्ताने (2 जोड़ी) चिमटी सुई गीले तौलिए और साफ सूखे कपड़े के टुकड़े।
",What is एक समग्र?,""का परिप्रेक्ष्य वैज्ञानिक कृषि के लिए एक संयुक्त पहल किसानों",एंटीसेप्टिक (सेवलॉन या डेटॉल) थर्मामीटर पेट्रोलियम जेली या अन्य स्नेहक की ट्यूब सेफ्टी पिन के विभिन्न आकार सफाई एजेंट/साबुन गैर-पर्ची दवाएं एस्पिरिन या पेरासिटामोल दर्द निवारक दस्तरोधी दवा मधुमक्खी के डंक के लिए एंटीहिस्टामाइन क्रीम। एंटासिड (पेट खराब होने पर) रेचक यह सुनिश्चित करने के लिए किटों की कम से कम साप्ताहिक जाँच की जानी चाहिए आवश्यक वस्तुएँ पर्याप्त संख्या में उपलब्ध हैं। किट कार्यस्थल पर रखी जा सकती हैं।
",What is एक समग्र?,""का परिप्रेक्ष्य वैज्ञानिक कृषि के लिए एक संयुक्त पहल किसानों","सुनिश्चित करें कि प्राथमिक चिकित्सा आपूर्तियाँ हैं: सभी किसानों के लिए आसानी से उपलब्ध। ऐसे कंटेनरों में संग्रहित किया जाता है जो उन्हें क्षति, ख़राब होने या संदूषण से बचाते हैं। कंटेनरों को स्पष्ट रूप से चिह्नित किया जाना चाहिए, लॉक नहीं किया जाना चाहिए और उन्हें सील किया जा सकता है। किसी घायल या गंभीर रूप से बीमार कर्मचारी के स्थान पर ले जाने में सक्षम। सुनिश्चित करें कि आपातकालीन धुलाई सुविधाएं कार्यात्मक हैं और आसानी से सुलभ हैं। प्राथमिक चिकित्सा किट 5. 12. सबक सीखा 1."
",What is एक समग्र?,""का परिप्रेक्ष्य वैज्ञानिक कृषि के लिए एक संयुक्त पहल किसानों","व्यावसायिक स्वास्थ्य और सुरक्षा के मुद्दों पर जागरूकता प्रत्येक किसान के लिए आवश्यक है। 2. कृषि-संस्कृति में अधिकांश स्वास्थ्य खतरे निवारक प्रकृति के हैं, बशर्ते किसानों को इसके बारे में जानकारी हो। 3. किसानों को कृषि रसायनों का सुरक्षित रख-रखाव करना चाहिए। थोड़ी सी लापरवाही इंसानों और मवेशियों की जान पर भारी पड़ सकती है। 4. कीटनाशक कंटेनरों का सुरक्षित निपटान करें। 5. प्राथमिक चिकित्सा ज्ञान और कौशल जीवन बचाता है। 6. बच्चों को कृषि यंत्रों से दूर रखें - यानी."
",What is एक समग्र?,""का परिप्रेक्ष्य वैज्ञानिक कृषि के लिए एक संयुक्त पहल किसानों","Page 139 --- सेवा तक किसान की पहुंच बुनियादी कृषि पर किसान की पुस्तिका 1316. 1. सत्र के उद्देश्य किसानों के बीच विस्तार के स्रोत, सूचना और सेवाओं के बारे में जागरूकता बढ़ाना। किसानों को सार्वजनिक और निजी विस्तार सेवाओं से परिचित कराना। किसानों को आईसीटी माध्यमों से विस्तार सेवाओं का लाभ उठाने के लिए प्रोत्साहित करना। कृषि ऋण, बीमा और कानूनी पहलुओं पर किसानों का ज्ञान बढ़ाना। 6. 2."
",What is एक समग्र?,""का परिप्रेक्ष्य वैज्ञानिक कृषि के लिए एक संयुक्त पहल किसानों",सत्र के अंत में हम क्या जानते हैं विस्तार के स्रोत और निम्नलिखित विस्तार सेवा प्रदाताओं द्वारा प्रदान की जाने वाली सेवाओं की प्रकृति: सार्वजनिक विस्तार सेवाएँ निजी विस्तार सेवाएँ संस्थागत स्रोत आईसीटी स्रोत कृषि ऋण कृषि बीमा कानूनी पहलू6. किसानों की सेवाओं तक पहुंच किसानों की सेवाओं तक पहुंच 6. 3.
",What is एक समग्र?,""का परिप्रेक्ष्य वैज्ञानिक कृषि के लिए एक संयुक्त पहल किसानों","के लिए आवश्यक महत्वपूर्ण सेवाएँ किसान जानकारी इनपुट (बीज, उर्वरक, कीटनाशक, मशीनरी, आदि) बुनियादी ढांचा (कोल्ड स्टोरेज, गोदाम, चारा मिश्रण इकाई, आदि) बाज़ार (बाज़ार प्रांगण, बाज़ार आसूचना, परिवहन, आदि) विकासात्मक योजनाएँ/कार्यक्रम ऋण और बीमा, आदि। उपरोक्त सेवाओं की पहुंच, गुणवत्ता, लागत प्रभावशीलता और समयबद्धता के आयामों के साथ आवश्यकता है। सूचना के लिए आवश्यक महत्वपूर्ण इनपुट है किसानों को फसलों के चयन से लेकर विपणन तक बदलाव लाने की जरूरत है।"
",What is एक समग्र?,""का परिप्रेक्ष्य वैज्ञानिक कृषि के लिए एक संयुक्त पहल किसानों","पिछला अनुभव: सबसे महत्वपूर्ण स्रोत- किसानों के लिए गठन उनका पिछला अनुभव ही है। हालाँकि, पिछले अनुभव के आधार पर जानकारी पर कार्रवाई करने से पहले, उसे वर्तमान संदर्भ की प्रासंगिकता की जाँच करने की आवश्यकता है। प्रगतिशील किसान: ग्रामीण जीवन का वह छोटा वर्ग है जो सामाजिक, आर्थिक और तकनीकी रूप से सक्षम है। अन्य किसानों की तुलना में काफी उन्नत। वे सक्रिय रूप से उन्नत प्रौद्योगिकियों की खोज में जाते हैं, प्रौद्योगिकियों को अपनाते हैं और उनका लाभ उठाते हैं।"
",What is एक समग्र?,""का परिप्रेक्ष्य वैज्ञानिक कृषि के लिए एक संयुक्त पहल किसानों","वे अन्य किसानों के लिए कृषि संबंधी जानकारी का निकटतम और आसान स्रोत हैं। उदाहरण के लिए, किसानों, पुरस्कार विजेता किसानों, ब्लॉक किसान सलाहकार समिति (बीएफएसी) के सदस्यों, जिला किसान सलाहकार समिति (डीएफएसी) के सदस्यों, राज्य किसान सलाहकार समिति (एसएफएसी) के सदस्यों, फार्म स्कूल चलाने वाले किसानों आदि से संपर्क करें। इनपुट डीलर: अधिकतर ग्रामीण स्तर के व्यवसायी होते हैं जो बीज, उर्वरक, कीटनाशक और मशीन बेचते हैं - यानी किसानों को. किसानों से निकटता की ताकत के आधार पर विस्तार सलाह भी प्रदान करता है।"
",What is एक समग्र?,""का परिप्रेक्ष्य वैज्ञानिक कृषि के लिए एक संयुक्त पहल किसानों","हालाँकि, सलाहकार सेवाओं तक पहुँचने के लिए अधिकतम सावधानी बरतनी होगी क्योंकि वे पेशेवर रूप से योग्य विस्तार पदाधिकारी नहीं हैं। हालाँकि, कुछ इनपुट डीलरों को डिप्लोमा इन एग्रीकल्चरल एक्सटेंशन सर्विस फॉर इनपुट डीलर्स (डीएईएसआई) जैसे विभिन्न कार्यक्रमों के माध्यम से प्रशिक्षित किया जाता है जो गुणवत्तापूर्ण कृषि जानकारी प्रदान कर सकते हैं। अन्य मामलों में, स्थानीय सार्वजनिक विस्तार पदाधिकारियों से सलाह और इनपुट डीलरों से सलाह के आधार पर इनपुट तक पहुंचा जा सकता है।"
",What is एक समग्र?,""का परिप्रेक्ष्य वैज्ञानिक कृषि के लिए एक संयुक्त पहल किसानों",सहकारी समितियाँ: जिला केंद्रीय सहकारी Page 140 --- 132 सेवा तक किसान की पहुंच बुनियादी कृषि पर किसान की पुस्तिका बैंक और प्राथमिक सोसायटी प्राथमिकता क्षेत्र के तहत कृषि ऋण का विस्तार नाबार्ड योजनाओं को लागू करें सरकारी योजनाओं को लागू करें सामाजिक सुरक्षा योजनाएं लागू करें फसली ऋण बढ़ाता है भूमि (कृषि एवं ग्रामीण) विकास बैंक कृषि के लिए मध्यम और दीर्घकालिक ऋण का विस्तार करें- संस्कृति सरकारी योजनाओं को लागू करें सार्वजनिक क्षेत्र का विस्तार: मुख्य रूप से प्रतिनिधित्व किया गया राज्य के कृषि और संबद्ध विभाग अधिकांश किसानों के लिए जानकारी का सबसे महत्वपूर्ण स्रोत बने हुए हैं।
",What is एक समग्र?,""का परिप्रेक्ष्य वैज्ञानिक कृषि के लिए एक संयुक्त पहल किसानों","कृषि, बागवानी, रेशम उत्पादन, पशुपालन, विपणन आदि जैसे प्रत्येक विभाग के पास किसानों तक पहुंचने के लिए अपनी स्वयं की विस्तार जनशक्ति और वितरण तंत्र है। प्रौद्योगिकी-प्रौद्योगिकी के हस्तांतरण और राज्य और केंद्र सरकारों के कृषि विकास कार्यक्रमों पर ध्यान केंद्रित किया गया है। कृषि प्रौद्योगिकी प्रबंधन एजेंसी (एटीएमए): एक एजेंसी जो कार्य करती है- जिला स्तर पर सांस्कृतिक विकास कार्यक्रम जिसमें कृषि और संबद्ध विभाग निजी क्षेत्रों के साथ मिलकर काम करते हैं।"
",What is एक समग्र?,""का परिप्रेक्ष्य वैज्ञानिक कृषि के लिए एक संयुक्त पहल किसानों","ग्राम स्तर पर किसान मित्र, ब्लॉक स्तर पर ब्लॉक प्रौद्योगिकी प्रबंधक और विषय वस्तु विशेषज्ञ किसानों को कृषि संबंधी जानकारी और योजनाओं/कार्यक्रमों का लाभ प्रदान करते हैं। एटीएमए विभिन्न विस्तार गतिविधियों का आयोजन करता है जैसे कि क्षेत्र दौरे, प्रशिक्षण, प्रदर्शन, क्षेत्र दिवस, किसान-वैज्ञानिकों से बातचीत, प्रदर्शनियां, एक्सपोजर दौरे, अभियान आदि। प्रिंट और इलेक्ट्रॉनिक मीडिया के माध्यम से विस्तार जानकारी प्रकाशित करें, कृषि कार्यों और सावधानियों पर किसानों को अलर्ट प्रदान करें।"
",What is एक समग्र?,""का परिप्रेक्ष्य वैज्ञानिक कृषि के लिए एक संयुक्त पहल किसानों","डीएसी, एमओए, भारत सरकार राज्य स्तरीय मंजूरी समिति (एसएलएससी) अंतर विभागीय कार्य समूह (आईडीडब्ल्यूजी) SAMETI एवं SAU/ICAR संस्थानराज्य किसान सलाहकार समिति जिला प्रशिक्षण केंद्र, केवीके और जेडआरएसजिला किसान सलाह समिति ब्लॉक टेक्नोलॉजी टीमब्लॉक किसानों की सलाह समिति कृषि-उद्यमीF यू एन डी एफ एल ओ WW ओ आर के पी एल ए एन सीआईजी, एफआईजी, किसान/कृषि महिला फार्म स्कूलराज्य नोडल सेल एटीएमए (जीबी एवं एमसी) ब्लॉक एटीएमए सेल किसान फ्रेंडमैनेज/ईईआई किसानों के कमोडिटी हित समूह (सीआईजी): एक ही फसल उगाने वाले किसानों का एक समूह/ उद्यम, सामान्य समस्याएं और लाभ साझा करें।"
",What is एक समग्र?,""का परिप्रेक्ष्य वैज्ञानिक कृषि के लिए एक संयुक्त पहल किसानों","परिपक्व सीआईजी सामूहिक रूप से सूचना, इनपुट, बुनियादी ढांचे, क्रेडिट और बाजार लिंकेज तक पहुंच सकते हैं। कुछ सीआईजी के पास अनुसंधान, विस्तार, क्रेडिट और विपणन उद्देश्य के लिए स्वतंत्र सेटअप है। जैसे डेयरी किसानों के लिए अमूल, अंगूर किसानों के लिए महा ग्रेप्स। किसान कॉल सेंटर (केसीसी): एक ऑनलाइन कृषि- किसानों को सरकार द्वारा प्रदान की जाने वाली व्यावहारिक सलाहकार सेवा।"
",What is एक समग्र?,""का परिप्रेक्ष्य वैज्ञानिक कृषि के लिए एक संयुक्त पहल किसानों","किसान फसलों के बारे में जानकारी प्राप्त कर सकते हैं, Page 141 --- सेवा तक किसान की पहुंच बुनियादी कृषि पर किसान की पुस्तिका 133पशुधन, मत्स्य पालन, आदान, ऋण, सरकार योजना का लाभ, टोल फ्री नंबर 1800 180 के माध्यम से 1551 या 1551 प्रातः 6 बजे से। रात 10 बजे तक को छोड़कर रविवार और राजपत्रित छुट्टियाँ. इन घंटों के बाद कॉल आईवीआरएस मोड में अटेंड की जाती हैं। स्थानीय भाषा में योग्य पेशेवर सलाह प्रदान करते हैं।"
",What is एक समग्र?,""का परिप्रेक्ष्य वैज्ञानिक कृषि के लिए एक संयुक्त पहल किसानों","कृषि विज्ञान केंद्र (केवीके): एक जिला विज्ञान- तकनीकी संगठन जो प्रौद्योगिकी सृजन, परिशोधन और प्रसार पर काम करते हैं। केवीके में योग्य बहु-विषयक विशेषज्ञ शामिल हैं जो मुख्य रूप से स्थानीय रूप से प्रासंगिक कृषि मुद्दों पर ध्यान केंद्रित करते हैं। केवीके अग्रिम पंक्ति प्रदर्शन, एक्सपोज़र विजिट, प्रशिक्षण कार्यक्रम, प्रदर्शनियां, क्षेत्र दिवस आयोजित करते हैं और किसानों को कृषि साहित्य प्रदान करते हैं। कुछ केवीके किसानों को इनपुट सहायता प्रदान करते हैं।"
",What is एक समग्र?,""का परिप्रेक्ष्य वैज्ञानिक कृषि के लिए एक संयुक्त पहल किसानों","कृषि विश्वविद्यालय विस्तार प्रणाली लाइन विभागों के लिए सहायक विस्तार सेवा बनाए रखता है। सेवा के लिए लाइन विभागों के पूरक प्रयास - अपनी विस्तार इकाइयों, अनुसंधान केंद्रों और शिक्षण परिसरों के माध्यम से। नवीन विस्तार रणनीतियाँ विकसित करें। संबंधित विभागों को तकनीकी ज्ञान प्रदान करना। अपनी प्रौद्योगिकियों का अग्रिम पंक्ति प्रदर्शन आयोजित करें। सार्वजनिक-निजी भागीदारी के माध्यम से प्रौद्योगिकियों का प्रसार करना। भारतीय कृषि अनुसंधान परिषद (आईसीएआर) कृषि प्रौद्योगिकियों का सृजन करता है।"
",What is एक समग्र?,""का परिप्रेक्ष्य वैज्ञानिक कृषि के लिए एक संयुक्त पहल किसानों",अपने अनुसंधान के माध्यम से विस्तार सहायता प्रदान करता है संस्थान और केवीके। नवीन विस्तार रणनीतियाँ विकसित करता है। लाइन विभागों को तकनीकी ज्ञान प्रदान करता है। अपनी प्रौद्योगिकियों का अग्रिम पंक्ति प्रदर्शन आयोजित करता है। सार्वजनिक-निजी भागीदारी के माध्यम से प्रौद्योगिकियों का प्रसार करें।
",What is एक समग्र?,""का परिप्रेक्ष्य वैज्ञानिक कृषि के लिए एक संयुक्त पहल किसानों","कमोडिटी बोर्ड और राष्ट्रीय संस्थान- ट्यूट्स: कॉफ़ी बोर्ड, रब जैसे कमोडिटी बोर्ड- बेर बोर्ड, स्पाइस बोर्ड, टी बोर्ड, नारियल डेवेल- विकल्प बोर्ड, तम्बाकू बोर्ड, रेशम बोर्ड, भारतीय कपास निगम, राष्ट्रीय संस्थान जैसे राष्ट्रीय कृषि विस्तार प्रबंधन संस्थान (MANAGE), केंद्रीय खाद्य और प्रौद्योगिकी अनुसंधान संस्थान (CFTRI), रक्षा अनुसंधान और विकास संगठन (DRDO), राष्ट्रीय पादप स्वास्थ्य प्रबंधन संस्थान (NIPHM), राष्ट्रीय कृषि विपणन संस्थान (NIAM), राष्ट्रीय बागवानी मिशन (NHM), राष्ट्रीय बागवानी बोर्ड (NHB)।"
",What is एक समग्र?,""का परिप्रेक्ष्य वैज्ञानिक कृषि के लिए एक संयुक्त पहल किसानों","आदि, अपने संबंधित ग्राहक समूह को विस्तार सलाहकार सेवाएँ प्रदान करते हैं। अंतर्राष्ट्रीय संस्था: अंतर्राष्ट्रीय संस्था- हैदराबाद में इंटरनेशनल सेंटर फॉर रिसर्च इन सेमी एरिड एंड ट्रॉपिक्स (ICRISAT) नामक ट्यूशन भी किसानों को अर्धशुष्क और उष्णकटिबंधीय फसलों पर सेवा प्रदान कर रहा है। कृषि क्लिनिक और कृषि व्यवसाय केंद्र कृषि क्लिनिक और कृषि व्यवसाय केंद्र ग्रामीण क्षेत्रों में कृषि पेशेवरों द्वारा प्रबंधित सलाहकार और व्यावसायिक केंद्र हैं।"
",What is एक समग्र?,""का परिप्रेक्ष्य वैज्ञानिक कृषि के लिए एक संयुक्त पहल किसानों","वे ग्राहक को विशिष्ट सलाहकार सेवाएँ निःशुल्क/भुगतान के आधार पर प्रदान करते हैं। कृषि उद्यमियों का विवरण www. agriclinics. net पर उपलब्ध है। कृषि व्यवसाय कंपनियाँ लगभग सभी कृषि व्यवसाय कंपनियाँ किसानों को उनकी विशेष फसलों/आदानों में विस्तार सलाहकार सेवाएँ प्रदान करती हैं। अनुबंध खेती कृषि व्यवसाय कंपनियों द्वारा किसानों तक विस्तार, इनपुट, प्रबंधन और बाजार पहुंच का आश्वासन देती है। कुछ मामलों में ऋण भी प्रदान किया जाता है।"
",What is एक समग्र?,""का परिप्रेक्ष्य वैज्ञानिक कृषि के लिए एक संयुक्त पहल किसानों","कुछ कृषि व्यवसाय कंपनियाँ किसानों को वन स्टॉप शॉप अवधारणा के माध्यम से विभिन्न सेवाएँ प्रदान कर रही हैं। गैर-सरकारी संगठन (एनजीओ) कई गैर सरकारी संगठन कृषि-कृषि विकास के विभिन्न पहलुओं जैसे कि कृषि सलाहकार, इनपुट आपूर्ति, बुनियादी ढांचे, प्रसंस्करण, विपणन, सामुदायिक गतिशीलता, सूक्ष्म वित्त, आजीविका विकास आदि में काम कर रहे हैं। किसान जहां भी उपलब्ध हों, ऐसे गैर सरकारी संगठनों का लाभ उठा सकते हैं।"
",What is एक समग्र?,""का परिप्रेक्ष्य वैज्ञानिक कृषि के लिए एक संयुक्त पहल किसानों","Page 142 --- 134 सेवा तक किसान की पहुंच बुनियादी कृषि पर किसान की पुस्तिका मास मीडिया तेजी से फैलता जनसंचार माध्यम आसान सुनिश्चित करता है वास्तविक समय के आधार पर किसानों तक जानकारी तक पहुंच। कृषि पत्रिकाएँ, समाचार पत्र किसानों को कृषि संबंधी अद्यतन जानकारी नियमित रूप से उपलब्ध कराते हैं। सामुदायिक रेडियो, रेडियो और टेलीविजन किसानों को अद्यतन जानकारी प्रदान करते हैं। कई संगठनों द्वारा किसानों तक पहुंचने के लिए मोबाइल का व्यापक रूप से उपयोग किया जाता है।"
",What is एक समग्र?,""का परिप्रेक्ष्य वैज्ञानिक कृषि के लिए एक संयुक्त पहल किसानों","इंटरनेट दुनिया भर की जानकारी के द्वार खोलता है - किसानों का कदम. किसानों के लिए उपयोगी कुछ महत्वपूर्ण कृषि पोर्टल और उपलब्ध महत्वपूर्ण जानकारी इस प्रकार हैं: www. icar. org: अनुसंधान संस्थान और प्रमुख प्रौद्योगिकियां www. indiaagristat. com: कृषि संबंधी आँकड़े www. isapindia. org: प्रश्न निवारण सेवाएं (क्यूआरएस) www. indiaagronet. com: कृषि नौकरियाँ, खरीद-बिक्री और प्रदर्शनियाँ www. agriwatch. com: कृषि-सांस्कृतिक वस्तुओं की बाजार कीमतें www. Indiancommodities."
",What is एक समग्र?,""का परिप्रेक्ष्य वैज्ञानिक कृषि के लिए एक संयुक्त पहल किसानों","com: वस्तुओं, ऑनलाइन व्यापार और भंडारण की कीमतों का पूर्वानुमान \www. krishiworld. com: बहुभाषी पोर्टल, जैविक खेती, फसल विशिष्ट जानकारी, रोग और कीट, बाजार पर नजर और घरेलू बागवानी www. agriculture-industry-india. com: एक्स-पोर्ट - आयात निर्देशिका, कृषि व्यापार लीड, और कृषि व्यापार कार्यक्रम www. agricoop. nic. in: केंद्रीय क्षेत्र की योजनाएं और नीतियां www. apeda. com: निर्यात और आयात प्रक्रिया-विधि और योजनाएं www. fert. nic. in: उर्वरक विवरण www. mofpi. nic."
",What is एक समग्र?,""का परिप्रेक्ष्य वैज्ञानिक कृषि के लिए एक संयुक्त पहल किसानों","in: खाद्य प्रसंस्करण तकनीक-विज्ञान और योजनाएं www. agmarknet. nic. in: कमोडिटी-टाईज़ की कीमतें और रुझान www. icrisat. org: अर्ध शुष्क उष्णकटिबंधीय क्षेत्रों के लिए प्रौद्योगिकी www. ikisan. com: कृषि सूचना विज्ञान, सॉफ्टवेयर सेवाएं और शिक्षा www. uttamkrishi. com: हिंदी वेबसाइट और टोल फ्री हेल्प लाइन www. nafed-india. com: कृषि उपज का सहकारी विपणन www. agritech. tnau. ac. in: प्रौद्योगिकियाँ, विशेष प्रौद्योगिकियाँ, योजनाएँ और सेवाएँ www. nhm. nic. in: बागवानी प्रौद्योगिकियां और योजनाएं 6. 4."
",What is एक समग्र?,""का परिप्रेक्ष्य वैज्ञानिक कृषि के लिए एक संयुक्त पहल किसानों",वित्तीय सेवाओं तक पहुँच - स्रोत स्वयं सहायता समूह (सूक्ष्म वित्त संस्थान) राष्ट्रीयकृत एवं अन्य निजी बैंक सहकारी बैंक और समितियाँ राज्य/केंद्र सरकार की सब्सिडी योजनाएं महत्वपूर्ण प्रकार के क्रेडिट और बचत किसान क्रेडिट कार्ड योजना (KCC) का उद्देश्य प्रदान करना है किसानों को फसलों की खेती के लिए उनकी अल्पकालिक ऋण आवश्यकताओं के लिए बैंकिंग प्रणाली से पर्याप्त और समय पर सहायता। यह मुख्य रूप से किसानों को फसल के मौसम के दौरान इनपुट खरीदने में मदद करता है।
",What is एक समग्र?,""का परिप्रेक्ष्य वैज्ञानिक कृषि के लिए एक संयुक्त पहल किसानों","सिस्टम में लचीलापन लाने और लागत दक्षता में सुधार करने के लिए क्रेडिट कार्ड योजना का प्रस्ताव है। केसीसी के लाभ संवितरण प्रक्रियाओं को सरल बनाता है। नकदी और वस्तु के संबंध में कठोरता को दूर करता है। हर फसल और हर मौसम के लिए ऋण के लिए आवेदन करने की आवश्यकता नहीं है। किसी भी समय ऋण की सुनिश्चित उपलब्धता, जिससे किसान पर ब्याज का बोझ कम हो जाएगा। किसान की सुविधा और पसंद पर बीज, उर्वरक खरीदने में मदद करता है। डीलरों से नकद छूट पर खरीदारी करने में मदद करता है।"
",What is एक समग्र?,""का परिप्रेक्ष्य वैज्ञानिक कृषि के लिए एक संयुक्त पहल किसानों","3 साल के लिए ऋण सुविधा - समुद्र की कोई आवश्यकता नहीं- सोनल मूल्यांकन. कृषि आय के आधार पर अधिकतम ऋण सीमा। क्रेडिट सीमा के अधीन कितनी भी संख्या में निकासी की अनुमति है। फसल कटाई के बाद ही चुकौती। कृषि अग्रिम पर लागू ब्याज दर। कृषि अग्रिम पर लागू सुरक्षा, मार्जिन और दस्तावेज़ीकरण मानदंड। किसान क्रेडिट कार्ड कैसे प्राप्त करें निकटतम सार्वजनिक क्षेत्र के बैंक से संपर्क करें और विवरण प्राप्त करें। पात्र किसानों को एक किसान क्रेडिट कार्ड और एक पासबुक मिलेगी।"
",What is एक समग्र?,""का परिप्रेक्ष्य वैज्ञानिक कृषि के लिए एक संयुक्त पहल किसानों","इसमें नाम जैसे विवरण शामिल हैं, Page 143 --- सेवा तक किसान की पहुंच बुनियादी कृषि पर किसान की पुस्तिका 135पता, भूमि स्वामित्व का विवरण, उधार- सीमा, वैधता अवधि, धारक का एक पासपोर्ट आकार का फोटोग्राफ जो पहचान पत्र के रूप में काम कर सकता है और निरंतर आधार पर लेनदेन की रिकॉर्डिंग की सुविधा प्रदान कर सकता है। जब भी उधारकर्ता खाता संचालित करता है तो उसे कार्ड सह पासबुक प्रस्तुत करना आवश्यक है।"
",What is एक समग्र?,""का परिप्रेक्ष्य वैज्ञानिक कृषि के लिए एक संयुक्त पहल किसानों",केसीसी लागू करने वाले बैंक इलाहाबाद बैंक - किसान क्रेडिट कार्ड (केसीसी) आंध्रा बैंक - एबी किसान ग्रीन कार्ड बैंक ऑफ बड़ौदा - बीकेसीसी बैंक ऑफ इंडिया - किसान समाधान कार्ड केनरा बैंक - केसीसी कॉर्पोरेशन बैंक - केसीसी देना बैंक - किसान गोल्ड क्रेडिट कार्ड ओरिएंटल बैंक ऑफ कॉमर्स-ओरिएंटल ग्रीन कार्ड (ओजीसी) पंजाब नेशनल बैंक - पीएनबी कृषि कार्ड स्टेट बैंक ऑफ हैदराबाद-केसीसी भारतीय स्टेट बैंक-केसीसी सिंडिकेट बैंक-एसकेसीसी विजया बैंक-विजया किसान कार्ड व्यक्तिगत दुर्घटना बीमा पैकेज” किसान क्रेडिट कार्ड (केसीसी) धारकों को प्रदान किया जाता है।
",What is एक समग्र?,""का परिप्रेक्ष्य वैज्ञानिक कृषि के लिए एक संयुक्त पहल किसानों","योजना की मुख्य विशेषताएं यह योजना देश के भीतर मृत्यु या स्थायी विकलांगता के खिलाफ सभी किसान क्रेडिट कार्ड धारकों को कवर करती है। 70 वर्ष की आयु तक के सभी KCC धारक पात्र हैं। योजना के तहत लाभ इस प्रकार हैं- डेर बाहरी, वाय- के कारण हुई दुर्घटना से मृत्यु। उधार और दृश्यमान का मतलब: रु. 50,000/- स्थायी कुल विकलांगता: रु. 50,000/- दो अंगों या दो आंखों या एक अंग और एक आंख की हानि: 50,000/- रु. एक अंग या एक आंख की हानि: रु. 25,000/- मास्टर पॉलिसी की अवधि - 3 वर्ष की अवधि के लिए वैध।"
",What is एक समग्र?,""का परिप्रेक्ष्य वैज्ञानिक कृषि के लिए एक संयुक्त पहल किसानों","बीमा की अवधि - ऐसे मामलों में जहां वार्षिक प्रीमियम का भुगतान किया जाता है, बीमा कवर भाग लेने वाले बैंकों से प्रीमियम प्राप्त होने की तारीख से एक वर्ष की अवधि के लिए लागू होगा। तीन वर्ष के कवर के मामले में, बीमा की अवधि - यह अवधि प्रीमियम प्राप्ति की तारीख से तीन वर्ष के लिए होगी। प्रीमियम - प्रति केसीसी धारक 15/- रुपये के वार्षिक प्रीमियम में से, बैंक को 10/- रुपये का भुगतान करना होगा और केसीसी धारक से 5/- रुपये की वसूली करनी होगी।"
",What is एक समग्र?,""का परिप्रेक्ष्य वैज्ञानिक कृषि के लिए एक संयुक्त पहल किसानों","दावा प्रक्रिया - मृत्यु, विकलांगता दावे और डूबने से मृत्यु के मामले में: दावा प्रशासन बीमा कंपनियों के नामित कार्यालय द्वारा किया जाएगा। अलग प्रक्रिया का पालन करना होगा."
",What is एक समग्र?,""का परिप्रेक्ष्य वैज्ञानिक कृषि के लिए एक संयुक्त पहल किसानों","राष्ट्रीयकृत से ऋण सहायता बैंक प्राथमिकता क्षेत्र के तहत कृषि ऋण का विस्तार- टोर, नाबार्ड योजनाओं, सरकारी योजनाओं और सामाजिक सुरक्षा योजनाओं को लागू करें फसल और कृषि निवेश/सावधि ऋण का विस्तार बैंक-एसएचजी लिंकेज प्रो का विस्तार- कृषि प्रयोजनों के लिए ग्राम दोनों एसएचजी लिंक के तहत दिए गए ऋण- आयु कार्यक्रम और प्राथमिक कृषि सहकारी समितियाँ (PACS) लोगों और वित्तीय संस्थानों के संयुक्त प्रयासों से उत्पन्न होती हैं।"
",What is एक समग्र?,""का परिप्रेक्ष्य वैज्ञानिक कृषि के लिए एक संयुक्त पहल किसानों",माइक्रोफाइनेंस (एसएचजी-बैंक लिंक-एज के माध्यम से) पारंपरिक प्रणाली की तुलना में लोगों की खपत और उत्पादन दोनों जरूरतों को पूरा करता है जो केवल उत्पादन जरूरतों को पूरा करता है। कमोडिटी बोर्ड वित्त फसल ऋण और सब्सिडी दें फसल गिरवी ऋण बाज़ार ऋण 6. 5. कृषि बीमा किसानों को बीमा कवरेज मुख्य रूप से कृषि बीमा निगम लिमिटेड (एआईसी) द्वारा दिया जाता है। और कई अन्य निजी एजेंसियां। सभी ऋणी किसान स्वचालित रूप से कृषि बीमा कवरेज के लिए पात्र हैं।
",What is एक समग्र?,""का परिप्रेक्ष्य वैज्ञानिक कृषि के लिए एक संयुक्त पहल किसानों",गैर ऋणी किसान भी नाममात्र प्रीमियम का भुगतान करके यह लाभ उठा सकते हैं। वर्तमान में उपलब्ध कुछ महत्वपूर्ण कृषि बीमा योजनाएँ इस प्रकार हैं।
",What is एक समग्र?,""का परिप्रेक्ष्य वैज्ञानिक कृषि के लिए एक संयुक्त पहल किसानों",राष्ट्रीय कृषि बीमा योजना WBCIS - मौसम आधारित फसल बीमा योजना एमएनएआईएस - संशोधित राष्ट्रीय कृषि बीमा योजना आरआईएससी - कॉफी के लिए वर्षा बीमा योजना Page 144 --- 136 सेवा तक किसान की पहुंच बुनियादी कृषि पर किसान की पुस्तिका (कॉफी बीमा) रबर बीमा नारियल बीमा वर्षा बीमा/वर्षा बीमा रबी मौसम बीमा गेहूं बीमा (मौसम और बायोमास) आलू बीमा जैव-ईंधन वृक्ष/पौधा बीमा पल्पवुड वृक्ष बीमा इलायची पौधा एवं उपज बीमा 6. 6 .
",What is एक समग्र?,""का परिप्रेक्ष्य वैज्ञानिक कृषि के लिए एक संयुक्त पहल किसानों","कानूनी पहलू किसानों के लिए कानूनी जानना जरूरी है- महत्वपूर्ण आदानों की विशेषताएं जैसे बीज, उर्वरक- ईआरएस, कीटनाशक, आदि। बीज अधिनियम 1966 पुन: विनियमों से संबंधित है- उत्पादन, प्रमाणीकरण, गुणवत्ता नियंत्रण, बिक्री, बीज विश्लेषण, बीज निरीक्षण, निर्यात और आयात, जुर्माना, छूट और संशोधन के लिए देर हो चुकी है। विवरण http://agricoop. nic. in/seedsact."
",What is एक समग्र?,""का परिप्रेक्ष्य वैज्ञानिक कृषि के लिए एक संयुक्त पहल किसानों","htm के अंतर्गत उपलब्ध हैं उर्वरक (नियंत्रण) आदेश 1985 से संबंधित है उर्वरक मूल्य नियंत्रण, वितरण पर नियंत्रण, डीलरों का पंजीकरण, उर्वरकों का निर्माण, मिश्रण, विनिर्माण पर प्रतिबंध, आयात, बिक्री, प्रवर्तन प्राधिकरण, नमूनों का विश्लेषण, विनिर्देशों और दंड से संबंधित नियमों के साथ। विवरण www. agricoop. nic. in/sublegi/FertilizerControlOrder."
",What is एक समग्र?,""का परिप्रेक्ष्य वैज्ञानिक कृषि के लिए एक संयुक्त पहल किसानों","htm के अंतर्गत उपलब्ध हैं कीटनाशक अधिनियम, 1968: को विनियमित करने के लिए एक अधिनियम मनुष्यों या जानवरों के लिए जोखिम को रोकने और संबंधित मामलों की दृष्टि से कीटनाशकों का आयात, निर्माण, बिक्री, परिवहन, वितरण और उपयोग। विवरण http://cibrc. nic. in/insectIDEs_act. htm के अंतर्गत उपलब्ध हैं अधिक जानकारी के लिए, किसान निकटतम बैंकों, कृषि विभाग या किसान कॉल सेंटरों से संपर्क कर सकते हैं। 5. 12. सबक सीखा 1."
",What is एक समग्र?,""का परिप्रेक्ष्य वैज्ञानिक कृषि के लिए एक संयुक्त पहल किसानों","किसानों के लिए महत्वपूर्ण विस्तार स्रोत प्रगतिशील किसान, इनपुट डीलर, सहकारी समिति, एटीएमए, किसान कॉल सेंटर (टोल फ्री नंबर 1800 180 1551), कृषि विज्ञान केंद्र, कृषि विश्वविद्यालय, आईसीएआर संस्थान, कमोडिटी बोर्ड, राष्ट्रीय संस्थान, अंतरराष्ट्रीय संस्थान, कृषि क्लिनिक और कृषि व्यवसाय केंद्र, गैर सरकारी संगठन, रेडियो, टीवी, समाचार पत्र हैं। कृषि-सांस्कृतिक पत्रिकाएँ और कृषि संबंधी वेबसाइटें। 2. किसानों के लिए वित्त के महत्वपूर्ण स्रोत बैंक, सहकारी समितियाँ और स्वयं सहायता समूह हैं। 3."
",What is एक समग्र?,""का परिप्रेक्ष्य वैज्ञानिक कृषि के लिए एक संयुक्त पहल किसानों","किसान क्रेडिट कार्ड किसानों को बैंकिंग प्रणाली से पर्याप्त और समय पर वित्तीय सहायता प्रदान करता है। 4. गैर ऋणी किसानों को कृषि बीमा कवर का लाभ लेने की सलाह दी जाती है - नाममात्र प्रीमियम का भुगतान करके आयु बढ़ाएं, एक्सटेंशन, क्रेडिट और बीमा प्रदाताओं के साथ नियमित रूप से निकट संपर्क बनाए रखें।"
",What is एक समग्र?,""का परिप्रेक्ष्य वैज्ञानिक कृषि के लिए एक संयुक्त पहल किसानों","Page 145 --- सेवा तक किसान की पहुंच बुनियादी कृषि पर किसान की पुस्तिका 137 वर्कशीट Page 146 --- 138 सेवा तक किसान की पहुंच बुनियादी कृषि पर किसान की पुस्तिका वर्कशीट Page 147 --- सेवा तक किसान की पहुंच बुनियादी कृषि पर किसान की पुस्तिका 139 वर्कशीट Page 148 --- 140 सेवा तक किसान की पहुंच बुनियादी कृषि पर किसान की पुस्तिका वर्कशीट Page 149 --- सेवा तक किसान की पहुंच बुनियादी कृषि पर किसान की पुस्तिका 141 वर्कशीट Page 150 --- 142 सेवा तक किसान की पहुंच बुनियादी कृषि पर किसान की पुस्तिका वर्कशीट Page 151 --- सेवा तक किसान की पहुंच बुनियादी कृषि पर किसान की पुस्तिका 143 वर्कशीट Page 152 --- 144 सेवा तक किसान की पहुंच बुनियादी कृषि पर किसान की पुस्तिका वर्कशीट Page 154 --- अधिक जानकारी के लिए, संपर्क करें: डॉ."
",What is एक समग्र?,""का परिप्रेक्ष्य वैज्ञानिक कृषि के लिए एक संयुक्त पहल किसानों","पी. चन्द्र शेखर राष्ट्रीय कृषि संस्थान विस्तार प्रबंधन (प्रबंधन) कृषि मंत्रालय भारत सरकार हैदराबाद, आंध्र प्रदेश भारत श्रीमती सबाइन प्रीस कार्यक्रम निदेशक प्राकृतिक संसाधन प्रबंधन डॉयचे गेसेलशाफ्ट फर इंटरनेशनेल ज़ुसामेनरबीट (जीआईजेड) जीएमबीएचए2/18, सफदरजंग एन्क्लेव दूसरी मंजिल, नई दिल्ली - 110029 भारत श्री राजीव आहूजा तकनीकी विशेषज्ञ प्राकृतिक संसाधन प्रबंधन कार्यक्रम डॉयचे गेसेलशाफ्ट फर इंटरनेशनेल ज़ुसामेनरबीट (जीआईजेड) जीएमबीएचए2/18 सफदरजंग एन्क्लेव दूसरी मंजिल, नई दिल्ली, 110029 भारत"""
